Date,Open,Low,High,Close,Volume,Amount
2010-10-15 00:00:00,45.610,43.010,49.000,47.600,192942,866226400.00
2010-10-18 00:00:00,46.970,43.120,48.490,48.000,90798,415112900.00
2010-10-19 00:00:00,44.880,43.530,46.720,45.380,56572,256278100.00
2010-10-20 00:00:00,43.600,42.000,43.830,42.210,54075,231315500.00
2010-10-21 00:00:00,42.210,40.680,42.600,41.010,40625,167439400.00
2010-10-22 00:00:00,41.110,41.110,42.290,41.610,26465,110418800.00
2010-10-25 00:00:00,41.310,41.050,42.190,41.990,31109,129994500.00
2010-10-26 00:00:00,41.960,41.030,43.020,42.290,40410,169716300.00
2010-10-27 00:00:00,42.200,41.300,42.960,42.340,29661,124739700.00
2010-10-28 00:00:00,42.000,41.800,42.940,42.370,25034,106470900.00
2010-10-29 00:00:00,42.350,42.270,43.180,43.020,26642,114026500.00
2010-11-01 00:00:00,43.200,43.200,45.990,44.600,48587,218156000.00
2010-11-02 00:00:00,44.700,44.310,45.970,44.310,43375,196637700.00
2010-11-03 00:00:00,43.780,42.260,44.370,42.270,22454,96438350.00
2010-11-04 00:00:00,42.230,41.820,43.100,42.910,16577,70309090.00
2010-11-05 00:00:00,43.220,42.300,43.250,42.620,16209,68994840.00
2010-11-08 00:00:00,42.610,42.230,43.500,43.440,22071,94538300.00
2010-11-09 00:00:00,43.390,42.680,43.390,42.950,16289,69919320.00
2010-11-10 00:00:00,42.750,42.710,43.980,43.800,20915,91059550.00
2010-11-11 00:00:00,43.440,42.810,44.390,42.850,21278,92979990.00
2010-11-12 00:00:00,42.700,40.600,42.780,40.630,24290,100872800.00
2010-11-15 00:00:00,41.090,40.400,41.470,41.390,12184,49913250.00
2010-11-16 00:00:00,41.400,40.860,42.300,41.080,15361,63894860.00
2010-11-17 00:00:00,41.100,39.800,41.410,39.850,9407,38238980.00
2010-11-18 00:00:00,40.160,39.850,40.440,40.350,8138,32717220.00
2010-11-19 00:00:00,40.460,40.400,41.480,41.460,11565,47474410.00
2010-11-22 00:00:00,41.080,41.080,42.240,41.340,13583,56712680.00
2010-11-23 00:00:00,41.350,40.910,41.940,41.860,9874,41015710.00
2010-11-24 00:00:00,41.550,41.520,42.150,42.150,15362,64326910.00
2010-11-25 00:00:00,42.700,41.680,42.750,41.810,13282,55799790.00
2010-11-26 00:00:00,41.700,41.330,42.070,41.850,9420,39266800.00
2010-11-29 00:00:00,41.780,41.110,41.780,41.530,8557,35466880.00
2010-11-30 00:00:00,41.430,39.830,41.620,40.290,12893,52110760.00
2010-12-01 00:00:00,40.280,40.100,40.790,40.570,6011,24331280.00
2010-12-02 00:00:00,41.000,40.750,41.440,41.160,8561,35135460.00
2010-12-03 00:00:00,41.200,40.630,41.410,41.140,6104,25016760.00
2010-12-06 00:00:00,41.210,40.220,41.470,40.420,6838,27807070.00
2010-12-07 00:00:00,40.300,40.000,40.740,40.700,4737,19141000.00
2010-12-08 00:00:00,40.230,40.220,40.890,40.330,5937,24071260.00
2010-12-09 00:00:00,40.250,39.980,40.490,39.980,5034,20209450.00
2010-12-10 00:00:00,39.900,39.500,40.160,40.030,6197,24683610.00
2010-12-14 00:00:00,41.200,40.990,41.970,41.750,22853,94931010.00
2010-12-15 00:00:00,41.500,41.170,41.800,41.430,11800,48899180.00
2010-12-16 00:00:00,41.430,41.220,41.950,41.570,7529,31345550.00
2010-12-17 00:00:00,41.590,41.500,42.000,42.000,9983,41734360.00
2010-12-20 00:00:00,42.280,40.200,42.400,41.220,13567,56409460.00
2010-12-21 00:00:00,41.220,41.020,41.590,41.440,6402,26470850.00
2010-12-22 00:00:00,41.500,41.100,41.960,41.760,8704,36234750.00
2010-12-23 00:00:00,41.790,40.800,41.790,40.850,6500,26766960.00
2010-12-24 00:00:00,40.500,39.500,40.750,40.000,5682,22746490.00
2010-12-27 00:00:00,39.900,39.310,40.600,39.380,5707,22824530.00
2010-12-28 00:00:00,39.480,38.500,39.490,38.800,5676,22116070.00
2010-12-29 00:00:00,38.810,38.600,39.300,39.140,2923,11392310.00
2010-12-30 00:00:00,39.140,38.850,39.790,39.310,3748,14733580.00
2010-12-31 00:00:00,39.270,39.270,39.770,39.700,3770,14886420.00
2011-01-04 00:00:00,40.000,39.720,40.250,40.190,4763,19043070.00
2011-01-05 00:00:00,40.150,39.830,40.390,39.990,4269,17106320.00
2011-01-06 00:00:00,39.930,39.100,40.030,39.110,4332,17090240.00
2011-01-07 00:00:00,38.990,38.910,40.160,39.700,4411,17520320.00
2011-01-10 00:00:00,39.710,39.510,40.300,39.790,5791,23183510.00
2011-01-11 00:00:00,39.550,38.700,39.760,38.830,4188,16331850.00
2011-01-12 00:00:00,38.880,38.700,39.390,39.170,2605,10143060.00
2011-01-13 00:00:00,39.200,38.690,39.200,38.760,2307,8951257.00
2011-01-14 00:00:00,38.730,37.700,38.730,37.780,4004,15224100.00
2011-01-17 00:00:00,36.980,34.000,37.000,34.000,22689,78742180.00
2011-01-18 00:00:00,33.460,32.700,34.910,34.820,20731,69425980.00
2011-01-19 00:00:00,34.250,33.700,34.700,34.680,14553,49708060.00
2011-01-20 00:00:00,34.400,32.800,34.840,32.800,11024,37343280.00
2011-01-21 00:00:00,32.800,32.600,33.480,32.950,11498,37955870.00
2011-01-24 00:00:00,32.990,31.910,33.000,31.920,10993,35436940.00
2011-01-25 00:00:00,31.900,31.600,32.560,32.510,6854,21973810.00
2011-01-26 00:00:00,32.400,32.350,33.000,32.830,7122,23345880.00
2011-01-27 00:00:00,32.700,32.100,33.370,33.250,8670,28648470.00
2011-01-28 00:00:00,33.230,32.910,33.370,33.350,6849,22735360.00
2011-01-31 00:00:00,33.290,33.280,34.130,34.010,7573,25536540.00
2011-02-01 00:00:00,34.010,33.430,34.100,33.750,6572,22125510.00
2011-02-09 00:00:00,33.700,33.510,34.460,33.920,8271,28132920.00
2011-02-10 00:00:00,33.920,33.600,34.650,34.600,9607,32883620.00
2011-02-11 00:00:00,34.570,34.410,35.000,35.000,10554,36641540.00
2011-02-14 00:00:00,35.100,34.850,35.490,35.250,11054,38928530.00
2011-02-15 00:00:00,35.440,35.010,35.440,35.080,9252,32515330.00
2011-02-16 00:00:00,34.900,34.810,35.880,35.660,10398,36918870.00
2011-02-17 00:00:00,35.740,35.400,36.250,36.040,11492,41150600.00
2011-02-18 00:00:00,36.000,35.830,36.650,36.220,11252,40824790.00
2011-02-21 00:00:00,36.050,36.020,37.200,37.050,12850,47477300.00
2011-02-22 00:00:00,37.300,36.210,37.800,36.270,16709,61664230.00
2011-02-23 00:00:00,36.450,36.440,37.750,37.700,14364,53474980.00
2011-02-24 00:00:00,37.730,36.970,38.490,37.860,19450,73567040.00
2011-02-25 00:00:00,35.000,34.600,35.870,35.200,33310,116921000.00
2011-02-28 00:00:00,35.010,34.160,35.100,34.720,17499,60484520.00
2011-03-01 00:00:00,34.780,34.700,35.000,34.890,12094,42181320.00
2011-03-02 00:00:00,34.850,33.720,34.850,34.260,13726,46901500.00
2011-03-03 00:00:00,34.180,33.750,34.370,33.900,9060,30814980.00
2011-03-04 00:00:00,33.900,33.820,34.510,34.500,8142,27875400.00
2011-03-07 00:00:00,34.610,34.300,34.780,34.700,10595,36617410.00
2011-03-08 00:00:00,34.660,34.280,34.690,34.560,7264,25036970.00
2011-03-09 00:00:00,34.670,34.570,35.210,35.090,11300,39419900.00
2011-03-10 00:00:00,35.090,34.750,35.090,34.800,8656,30187690.00
2011-03-11 00:00:00,34.450,34.450,34.880,34.640,7000,24308100.00
2011-03-14 00:00:00,34.380,34.260,34.640,34.540,7832,26944520.00
2011-03-15 00:00:00,34.540,33.510,34.640,34.060,10084,34191970.00
2011-03-16 00:00:00,34.190,33.770,34.190,34.130,8197,27857170.00
2011-03-17 00:00:00,34.080,33.340,34.080,33.370,7536,25320810.00
2011-03-18 00:00:00,33.480,33.400,33.790,33.610,5386,18086730.00
2011-03-21 00:00:00,33.590,33.480,33.780,33.730,3966,13355350.00
2011-03-22 00:00:00,33.720,33.720,34.170,34.080,4773,16226310.00
2011-03-23 00:00:00,34.180,34.000,34.280,34.120,5358,18266650.00
2011-03-24 00:00:00,34.150,34.030,34.290,34.100,5029,17167780.00
2011-03-25 00:00:00,34.000,33.650,34.200,34.160,6974,23608520.00
2011-03-28 00:00:00,33.980,33.950,34.270,34.070,8056,27492140.00
2011-03-29 00:00:00,34.080,32.700,34.200,32.800,9199,30607650.00
2011-03-30 00:00:00,32.800,32.500,32.910,32.520,5406,17646380.00
2011-03-31 00:00:00,32.520,32.280,32.790,32.520,3717,12085910.00
2011-04-01 00:00:00,32.500,32.400,32.800,32.790,3322,10834600.00
2011-04-06 00:00:00,32.800,32.550,32.990,32.620,4327,14137000.00
2011-04-07 00:00:00,32.600,32.500,32.820,32.730,4001,13072490.00
2011-04-08 00:00:00,32.730,32.610,33.170,33.160,5334,17609980.00
2011-04-11 00:00:00,33.200,32.710,33.280,32.720,4372,14405830.00
2011-04-12 00:00:00,32.610,32.290,33.150,32.990,6429,21029750.00
2011-04-13 00:00:00,32.800,32.500,33.100,33.010,4351,14307110.00
2011-04-14 00:00:00,33.010,32.750,33.090,32.800,3811,12549720.00
2011-04-15 00:00:00,32.800,32.550,32.930,32.630,3221,10521640.00
2011-04-18 00:00:00,32.600,32.430,32.820,32.590,3448,11250610.00
2011-04-19 00:00:00,32.580,32.010,32.580,32.160,5245,16854000.00
2011-04-20 00:00:00,32.190,32.160,32.380,32.340,2977,9602002.00
2011-04-21 00:00:00,32.300,32.300,32.870,32.690,4194,13657420.00
2011-04-22 00:00:00,32.530,32.530,32.870,32.640,3589,11722840.00
2011-04-25 00:00:00,30.990,29.380,31.000,29.380,17189,50942280.00
2011-04-26 00:00:00,28.600,26.610,28.600,27.000,14860,40344650.00
2011-04-27 00:00:00,27.000,26.340,27.340,26.550,7694,20659990.00
2011-04-28 00:00:00,26.500,26.310,27.180,27.040,10146,27137210.00
2011-04-29 00:00:00,27.030,26.590,27.680,27.590,9505,25967500.00
2011-05-03 00:00:00,27.590,27.500,29.200,29.070,25045,71871790.00
2011-05-04 00:00:00,29.070,28.010,29.390,29.350,20316,58315540.00
2011-05-05 00:00:00,29.060,28.010,29.060,28.150,7658,21748750.00
2011-05-06 00:00:00,28.150,27.100,28.150,27.150,7019,19196860.00
2011-05-09 00:00:00,27.270,27.100,27.580,27.310,3956,10808060.00
2011-05-10 00:00:00,27.400,27.100,27.470,27.190,4351,11855380.00
2011-05-11 00:00:00,27.290,26.580,27.290,26.950,4564,12314970.00
2011-05-12 00:00:00,26.810,26.620,27.080,26.650,3763,10091810.00
2011-05-13 00:00:00,26.600,26.210,26.840,26.560,4661,12329670.00
2011-05-16 00:00:00,26.700,26.500,26.970,26.670,3053,8159911.00
2011-05-17 00:00:00,26.610,26.530,26.980,26.880,3114,8341858.00
2011-05-18 00:00:00,26.870,26.850,27.090,27.020,3045,8209739.00
2011-05-19 00:00:00,27.150,26.000,27.150,26.420,3494,9331335.00
2011-05-20 00:00:00,26.350,25.800,26.350,25.850,5322,13804950.00
2011-05-23 00:00:00,25.850,24.550,25.850,24.620,5427,13527480.00
2011-05-24 00:00:00,24.620,23.510,24.790,24.670,5704,13793850.00
2011-05-25 00:00:00,24.630,23.900,24.630,23.950,2715,6555785.00
2011-05-26 00:00:00,23.920,23.600,24.250,23.610,2930,7004623.00
2011-05-27 00:00:00,23.600,23.020,23.600,23.050,4713,10925290.00
2011-05-30 00:00:00,22.900,22.750,23.320,22.940,2878,6650008.00
2011-06-01 00:00:00,23.510,23.500,24.650,23.920,8406,20195310.00
2011-06-02 00:00:00,23.220,23.220,23.550,23.410,4793,11187440.00
2011-06-03 00:00:00,23.380,23.330,24.010,23.980,4534,10794570.00
2011-06-07 00:00:00,24.150,23.910,24.490,24.310,3441,8317312.00
2011-06-08 00:00:00,24.360,23.910,24.360,24.160,2970,7143341.00
2011-06-09 00:00:00,24.200,23.150,24.200,23.220,3571,8440311.00
2011-06-10 00:00:00,23.250,22.730,23.580,23.350,3093,7153927.00
2011-06-13 00:00:00,22.810,22.810,23.450,23.360,1937,4514163.00
2011-06-14 00:00:00,23.070,23.070,23.800,23.710,3146,7422345.00
2011-06-15 00:00:00,23.610,23.500,23.950,23.580,2757,6532524.00
2011-06-16 00:00:00,23.520,23.000,23.520,23.130,2169,5028844.00
2011-06-17 00:00:00,23.130,22.880,23.480,22.940,1662,3854275.00
2011-06-20 00:00:00,22.940,22.750,23.150,22.940,2141,4902429.00
2011-06-21 00:00:00,23.050,22.870,23.300,23.300,3120,7216409.00
2011-06-22 00:00:00,23.500,23.310,25.630,25.630,21487,53727800.00
2011-06-23 00:00:00,25.630,25.010,26.280,26.140,28604,73578290.00
2011-06-24 00:00:00,25.860,25.600,26.580,26.510,24887,64952550.00
2011-06-27 00:00:00,26.400,26.100,26.700,26.600,18323,48363430.00
2011-06-28 00:00:00,26.700,26.220,27.180,26.350,16809,44691840.00
2011-06-29 00:00:00,26.350,25.800,26.350,25.820,10652,27714450.00
2011-06-30 00:00:00,25.790,25.700,26.140,25.990,7889,20472370.00
2011-07-01 00:00:00,26.050,25.830,26.600,26.160,9148,24058850.00
2011-07-04 00:00:00,26.150,26.000,26.870,26.760,11731,31131910.00
2011-07-05 00:00:00,26.700,26.420,26.860,26.690,9572,25494570.00
2011-07-06 00:00:00,26.500,26.310,27.450,27.290,12637,33940280.00
2011-07-07 00:00:00,27.300,26.950,27.690,26.970,13930,38140830.00
2011-07-08 00:00:00,26.900,26.150,27.010,26.320,9735,25755900.00
2011-07-11 00:00:00,26.300,26.010,26.680,26.520,5280,13944420.00
2011-07-12 00:00:00,26.000,25.840,26.220,25.850,6067,15783550.00
2011-07-13 00:00:00,25.850,25.850,27.160,27.060,11114,29712650.00
2011-07-14 00:00:00,27.100,26.900,27.600,27.600,13275,36235670.00
2011-07-15 00:00:00,27.560,27.210,27.780,27.480,7819,21496040.00
2011-07-18 00:00:00,27.490,27.280,27.750,27.640,8902,24524930.00
2011-07-19 00:00:00,27.590,27.250,27.800,27.310,8019,22037340.00
2011-07-20 00:00:00,27.260,26.780,27.570,27.100,5012,13604510.00
2011-07-21 00:00:00,27.090,26.300,27.190,26.320,4804,12821470.00
2011-07-22 00:00:00,26.330,26.210,26.660,26.410,3141,8298459.00
2011-07-25 00:00:00,26.550,25.050,26.580,25.250,5896,15262130.00
2011-07-26 00:00:00,25.000,24.910,25.620,25.590,2603,6598858.00
2011-07-27 00:00:00,25.600,25.310,26.100,25.810,3870,9950817.00
2011-07-28 00:00:00,25.500,25.480,25.790,25.610,2585,6622801.00
2011-07-29 00:00:00,25.960,25.380,25.980,25.400,4301,10994650.00
2011-08-01 00:00:00,25.030,25.030,25.700,25.580,2557,6510908.00
2011-08-02 00:00:00,25.510,25.050,25.630,25.630,2318,5861621.00
2011-08-03 00:00:00,25.500,25.310,26.760,26.340,9400,24779510.00
2011-08-04 00:00:00,26.300,26.220,26.950,26.750,7675,20489990.00
2011-08-05 00:00:00,25.900,25.020,26.100,25.840,5098,13146550.00
2011-08-08 00:00:00,25.250,23.350,25.490,23.900,5921,14496900.00
2011-08-09 00:00:00,22.800,22.510,23.690,23.380,5171,11899100.00
2011-08-10 00:00:00,23.850,23.600,24.340,23.730,3683,8832978.00
2011-08-11 00:00:00,23.700,22.810,24.380,24.220,6319,15142730.00
2011-08-12 00:00:00,24.250,24.250,24.800,24.570,3589,8791499.00
2011-08-15 00:00:00,25.330,24.680,25.330,25.010,3316,8281376.00
2011-08-16 00:00:00,25.210,24.800,25.410,25.140,3868,9673066.00
2011-08-17 00:00:00,25.200,25.070,25.600,25.320,3958,10021660.00
2011-08-18 00:00:00,25.330,24.500,25.330,24.500,3397,8443567.00
2011-08-19 00:00:00,23.890,23.570,24.210,24.180,3226,7739615.00
2011-08-22 00:00:00,24.180,24.120,24.470,24.240,2008,4874525.00
2011-08-23 00:00:00,24.490,24.230,24.990,24.850,2005,4958178.00
2011-08-24 00:00:00,24.970,24.810,25.220,24.980,3196,7999944.00
2011-08-25 00:00:00,24.880,24.830,25.370,25.240,3812,9590308.00
2011-08-26 00:00:00,25.300,25.110,25.790,25.670,7144,18278360.00
2011-08-29 00:00:00,25.980,25.130,25.980,25.220,4832,12248910.00
2011-08-30 00:00:00,25.230,24.410,25.480,24.480,4439,11122950.00
2011-08-31 00:00:00,24.470,24.150,24.700,24.400,2473,6030668.00
2011-09-01 00:00:00,24.400,24.230,24.680,24.410,1417,3472378.00
2011-09-02 00:00:00,24.230,23.800,24.390,23.920,2809,6748525.00
2011-09-05 00:00:00,23.790,23.450,23.790,23.600,1357,3205060.00
2011-09-06 00:00:00,23.400,23.400,23.730,23.610,865,2042682.00
2011-09-07 00:00:00,23.570,23.570,24.140,24.070,2481,5947907.00
2011-09-08 00:00:00,24.590,23.840,24.760,23.850,1626,3933917.00
2011-09-09 00:00:00,23.710,23.700,24.000,23.850,1845,4391276.00
2011-09-13 00:00:00,23.400,23.210,23.550,23.390,1222,2859041.00
2011-09-14 00:00:00,23.490,23.170,23.730,23.620,2012,4716682.00
2011-09-15 00:00:00,23.650,23.110,23.750,23.270,3048,7143737.00
2011-09-16 00:00:00,23.500,22.820,23.500,22.900,3771,8702028.00
2011-09-19 00:00:00,22.900,22.010,22.920,22.380,4200,9437051.00
2011-09-21 00:00:00,22.490,22.200,23.430,23.350,5920,13561700.00
2011-09-22 00:00:00,23.110,22.550,23.380,22.630,3546,8153660.00
2011-09-23 00:00:00,22.310,21.950,22.500,22.500,2969,6582102.00
2011-09-26 00:00:00,22.460,22.080,22.500,22.100,1564,3474256.00
2011-09-27 00:00:00,22.370,22.150,22.380,22.290,973,2170348.00
2011-09-28 00:00:00,22.300,22.070,22.380,22.150,1374,3054565.00
2011-09-29 00:00:00,21.920,21.490,22.260,21.500,2062,4485550.00
2011-09-30 00:00:00,21.600,21.100,21.750,21.410,1689,3590453.00
2011-10-10 00:00:00,21.490,20.920,21.490,21.100,1041,2202330.00
2011-10-11 00:00:00,21.590,21.000,21.690,21.130,1517,3231176.00
2011-10-12 00:00:00,21.010,20.880,21.910,21.910,2911,6279463.00
2011-10-13 00:00:00,21.730,21.730,22.160,22.080,2890,6365956.00
2011-10-14 00:00:00,22.000,21.670,22.110,21.810,2069,4514917.00
2011-10-17 00:00:00,21.850,21.770,21.980,21.890,1581,3462732.00
2011-10-18 00:00:00,21.810,21.210,21.950,21.240,2029,4377715.00
2011-10-19 00:00:00,21.240,21.100,21.380,21.220,1307,2777315.00
2011-10-20 00:00:00,21.030,20.300,21.260,20.480,2302,4752452.00
2011-10-21 00:00:00,20.490,20.000,20.800,20.420,1552,3159390.00
2011-10-24 00:00:00,20.570,20.070,20.640,20.620,1936,3950239.00
2011-10-25 00:00:00,20.300,20.300,21.080,21.050,3144,6549490.00
2011-10-26 00:00:00,20.980,20.750,21.290,21.010,2652,5586487.00
2011-10-27 00:00:00,21.050,20.890,21.300,21.070,2663,5624074.00
2011-10-28 00:00:00,21.380,21.060,21.470,21.470,3244,6894176.00
2011-10-31 00:00:00,21.480,21.480,21.800,21.600,2993,6483450.00
2011-11-01 00:00:00,21.580,21.330,21.800,21.640,2662,5744420.00
2011-11-02 00:00:00,21.120,21.000,22.080,22.080,5014,10854910.00
2011-11-03 00:00:00,22.050,21.980,22.450,22.040,6461,14381490.00
2011-11-04 00:00:00,22.240,22.000,22.400,22.390,4633,10319250.00
2011-11-07 00:00:00,22.390,22.240,22.880,22.280,4342,9764053.00
2011-11-08 00:00:00,22.280,21.900,22.440,21.920,3020,6679111.00
2011-11-09 00:00:00,22.000,21.930,22.440,22.340,3195,7111568.00
2011-11-10 00:00:00,22.100,22.050,22.660,22.270,3493,7827187.00
2011-11-11 00:00:00,22.270,22.190,22.650,22.410,3350,7524475.00
2011-11-14 00:00:00,22.650,22.600,23.080,22.860,3368,7707116.00
2011-11-15 00:00:00,22.800,22.720,22.990,22.920,3615,8266159.00
2011-11-16 00:00:00,22.860,22.250,23.120,22.320,3917,8902618.00
2011-11-17 00:00:00,22.380,22.120,22.650,22.300,1641,3663620.00
2011-11-18 00:00:00,22.100,21.640,22.260,21.640,2273,4985918.00
2011-11-21 00:00:00,21.520,21.510,21.940,21.800,1212,2625189.00
2011-11-22 00:00:00,21.510,21.340,21.870,21.820,1317,2860723.00
2011-11-23 00:00:00,21.900,21.720,22.020,21.850,1391,3042155.00
2011-11-24 00:00:00,21.780,21.360,21.960,21.600,1800,3900263.00
2011-11-25 00:00:00,21.620,21.370,21.930,21.830,2430,5272942.00
2011-11-28 00:00:00,21.990,21.800,22.150,22.150,3875,8499633.00
2011-11-29 00:00:00,22.220,22.220,22.530,22.530,2769,6214955.00
2011-11-30 00:00:00,22.530,20.830,22.550,21.070,3564,7675185.00
2011-12-01 00:00:00,21.440,21.440,22.040,21.550,2843,6184709.00
2011-12-02 00:00:00,21.350,20.750,21.540,20.950,1869,3932698.00
2011-12-05 00:00:00,20.720,20.010,20.930,20.130,1889,3840152.00
2011-12-06 00:00:00,20.110,20.020,20.350,20.200,2160,4355620.00
2011-12-07 00:00:00,20.340,20.080,20.390,20.250,990,2001829.00
2011-12-08 00:00:00,20.380,19.830,20.380,20.250,2112,4245311.00
2011-12-09 00:00:00,20.250,20.030,20.300,20.300,929,1877953.00
2011-12-12 00:00:00,20.440,20.090,20.440,20.280,660,1336584.00
2011-12-13 00:00:00,20.020,19.700,20.200,20.000,1301,2593191.00
2011-12-14 00:00:00,19.700,19.550,20.100,19.680,890,1765493.00
2011-12-15 00:00:00,19.750,18.910,19.750,18.910,1852,3609169.00
2011-12-16 00:00:00,18.850,18.600,19.370,19.200,1366,2604413.00
2011-12-19 00:00:00,19.060,18.600,19.180,19.040,2244,4214337.00
2011-12-20 00:00:00,19.000,19.000,19.310,19.040,1564,3003806.00
2011-12-21 00:00:00,19.540,18.610,19.540,18.620,910,1737855.00
2011-12-22 00:00:00,18.500,17.750,18.500,18.230,1359,2457851.00
2011-12-23 00:00:00,18.200,18.200,18.550,18.240,1178,2169044.00
2011-12-26 00:00:00,17.900,17.850,18.320,18.080,630,1146029.00
2011-12-27 00:00:00,17.900,17.410,18.190,17.490,830,1478895.00
2011-12-28 00:00:00,17.390,16.860,17.400,17.400,1734,2964093.00
2011-12-29 00:00:00,17.790,16.770,17.790,17.380,768,1338141.00
2011-12-30 00:00:00,17.550,17.410,17.680,17.580,478,840877.00
2012-01-04 00:00:00,18.110,17.030,18.110,17.040,1303,2276595.00
2012-01-05 00:00:00,16.900,16.620,17.460,17.310,6079,10453630.00
2012-01-06 00:00:00,17.310,16.300,17.390,16.890,2663,4459029.00
2012-01-09 00:00:00,16.880,16.090,17.440,17.440,3368,5727222.00
2012-01-10 00:00:00,17.320,17.320,18.130,17.970,4992,8853785.00
2012-01-11 00:00:00,17.850,17.780,18.080,18.010,2997,5376058.00
2012-01-12 00:00:00,17.920,17.750,18.260,17.790,2873,5156365.00
2012-01-13 00:00:00,17.750,16.810,17.950,16.880,2380,4091574.00
2012-01-16 00:00:00,16.530,16.160,16.850,16.200,1434,2382556.00
2012-01-17 00:00:00,16.450,16.200,17.280,17.220,2586,4358184.00
2012-01-18 00:00:00,17.130,16.500,17.610,16.660,3230,5536226.00
2012-01-19 00:00:00,16.660,16.590,16.850,16.800,2890,4828248.00
2012-01-20 00:00:00,16.750,16.750,17.200,16.870,3580,6044638.00
2012-01-30 00:00:00,17.090,16.760,17.090,16.780,3845,6500318.00
2012-01-31 00:00:00,16.780,16.650,16.890,16.780,1607,2693488.00
2012-02-01 00:00:00,16.800,16.740,16.990,16.900,2399,4050772.00
2012-02-02 00:00:00,16.980,16.900,17.190,17.190,2482,4241838.00
2012-02-03 00:00:00,17.190,17.180,17.570,17.450,3931,6815012.00
2012-02-06 00:00:00,17.490,17.320,17.780,17.670,4390,7729104.00
2012-02-07 00:00:00,17.510,17.160,17.580,17.350,3516,6069820.00
2012-02-08 00:00:00,17.250,17.250,17.900,17.840,3406,6004094.00
2012-02-09 00:00:00,17.830,17.690,18.100,17.880,4888,8738930.00
2012-02-10 00:00:00,17.880,17.720,18.080,17.850,3113,5570744.00
2012-02-13 00:00:00,17.720,17.450,18.180,18.010,3829,6890062.00
2012-02-14 00:00:00,17.980,17.750,18.130,18.100,3120,5624720.00
2012-02-15 00:00:00,18.190,18.030,18.600,18.370,6292,11539720.00
2012-02-16 00:00:00,18.360,18.160,18.860,18.370,4645,8560056.00
2012-02-17 00:00:00,18.350,18.190,18.500,18.370,2162,3967479.00
2012-02-20 00:00:00,18.550,18.500,18.850,18.850,5661,10582140.00
2012-02-21 00:00:00,18.880,18.600,19.200,19.040,7959,15083370.00
2012-02-22 00:00:00,19.070,18.810,19.480,19.480,8898,17127620.00
2012-02-23 00:00:00,19.680,19.200,19.680,19.450,7688,14925580.00
2012-02-24 00:00:00,19.490,19.310,19.580,19.540,6085,11840090.00
2012-02-27 00:00:00,19.610,19.560,20.180,19.770,9203,18318630.00
2012-02-28 00:00:00,19.500,18.810,19.790,18.950,12162,23171210.00
2012-02-29 00:00:00,18.850,18.600,18.890,18.600,6728,12585360.00
2012-03-01 00:00:00,18.570,18.500,18.930,18.760,3450,6463796.00
2012-03-02 00:00:00,18.760,18.710,18.980,18.980,5062,9550288.00
2012-03-05 00:00:00,18.980,18.910,19.100,18.930,5016,9528155.00
2012-03-06 00:00:00,18.810,18.510,19.050,18.610,3249,6067210.00
2012-03-07 00:00:00,18.490,18.390,18.760,18.620,3620,6739541.00
2012-03-08 00:00:00,18.680,18.620,18.940,18.830,3562,6714937.00
2012-03-09 00:00:00,18.870,18.870,19.320,19.280,5759,11027120.00
2012-03-12 00:00:00,19.360,19.060,19.550,19.380,4194,8100352.00
2012-03-13 00:00:00,19.450,19.220,19.580,19.570,4455,8667436.00
2012-03-14 00:00:00,19.580,18.410,19.990,18.520,16789,32781780.00
2012-03-15 00:00:00,18.570,18.360,18.910,18.630,6922,12883120.00
2012-03-16 00:00:00,18.630,18.630,18.960,18.850,4630,8689573.00
2012-03-19 00:00:00,18.850,18.700,19.120,19.090,4821,9123789.00
2012-03-21 00:00:00,18.840,18.350,18.970,18.770,4743,8876515.00
2012-03-22 00:00:00,18.860,18.650,18.860,18.700,2298,4302452.00
2012-03-23 00:00:00,18.800,18.230,18.800,18.300,2758,5096448.00
2012-03-26 00:00:00,18.670,18.190,18.670,18.330,1570,2873370.00
2012-03-27 00:00:00,18.580,18.340,18.590,18.420,2229,4113845.00
2012-03-28 00:00:00,18.300,17.000,18.300,17.150,4778,8359615.00
2012-03-29 00:00:00,17.200,16.700,17.200,16.850,2008,3390405.00
2012-03-30 00:00:00,17.040,16.400,17.040,16.600,3184,5283099.00
2012-04-05 00:00:00,16.590,16.590,17.090,17.030,2219,3756407.00
2012-04-06 00:00:00,16.850,16.850,17.170,17.090,2539,4315178.00
2012-04-09 00:00:00,17.090,16.910,17.090,16.980,1892,3217225.00
2012-04-10 00:00:00,16.980,16.620,17.160,17.120,1480,2507529.00
2012-04-11 00:00:00,17.080,16.800,17.140,17.100,1537,2614955.00
2012-04-12 00:00:00,17.150,17.010,17.500,17.440,2989,5159924.00
2012-04-13 00:00:00,17.490,17.270,17.580,17.460,2836,4937978.00
2012-04-16 00:00:00,17.460,17.300,17.490,17.390,2266,3939818.00
2012-04-17 00:00:00,17.230,17.200,17.440,17.260,1577,2728146.00
2012-04-18 00:00:00,17.350,17.250,17.600,17.570,2909,5078553.00
2012-04-19 00:00:00,17.570,17.440,17.630,17.500,2804,4915606.00
2012-04-20 00:00:00,17.460,17.460,17.630,17.590,3987,6997624.00
2012-04-23 00:00:00,17.590,17.000,17.770,17.100,4792,8317521.00
2012-04-24 00:00:00,17.000,16.450,17.140,16.910,4401,7387451.00
2012-04-25 00:00:00,16.800,16.650,16.930,16.860,3850,6475178.00
2012-04-26 00:00:00,16.880,16.700,16.930,16.850,3158,5312420.00
2012-04-27 00:00:00,16.900,16.710,16.940,16.760,1942,3261530.00
2012-05-02 00:00:00,16.900,16.850,17.100,17.030,4188,7125455.00
2012-05-03 00:00:00,17.030,16.920,17.150,17.060,2249,3831342.00
2012-05-04 00:00:00,17.050,17.000,18.650,18.630,14906,26503920.00
2012-05-07 00:00:00,18.290,18.130,19.270,18.950,25874,48806560.00
2012-05-08 00:00:00,18.850,18.350,18.850,18.400,10942,20269360.00
2012-05-09 00:00:00,18.400,18.020,18.580,18.150,6998,12866850.00
2012-05-10 00:00:00,18.100,17.590,18.250,17.700,14753,26359200.00
2012-05-11 00:00:00,17.750,17.650,18.090,17.960,7518,13392910.00
2012-05-14 00:00:00,18.020,17.800,18.110,17.850,5343,9606150.00
2012-05-15 00:00:00,17.430,17.390,17.850,17.670,3803,6699973.00
2012-05-16 00:00:00,17.725,17.020,17.725,17.125,4286,4925941.00
2012-05-17 00:00:00,17.110,17.110,17.500,17.275,4603,5260618.00
2012-05-18 00:00:00,17.410,17.170,18.220,17.500,8120,9506943.00
2012-05-21 00:00:00,17.350,16.870,17.485,17.065,4928,5614416.00
2012-05-22 00:00:00,17.170,17.095,17.335,17.260,2572,2933140.00
2012-05-23 00:00:00,17.125,16.750,17.275,16.840,3691,4167546.00
2012-05-24 00:00:00,16.765,16.705,17.035,16.930,4789,5344688.00
2012-05-25 00:00:00,16.885,16.720,16.975,16.735,3317,3693779.00
2012-05-28 00:00:00,16.705,16.315,17.170,17.050,5464,6056993.00
2012-05-29 00:00:00,16.930,16.930,17.350,17.290,7663,8723822.00
2012-05-30 00:00:00,17.230,17.200,17.950,17.620,12936,15092240.00
2012-05-31 00:00:00,17.485,17.350,17.830,17.500,5889,6879787.00
2012-06-01 00:00:00,17.560,17.305,17.785,17.530,4628,5393067.00
2012-06-04 00:00:00,17.200,16.600,17.245,16.765,6294,7062292.00
2012-06-05 00:00:00,16.765,16.615,16.885,16.675,4000,4439211.00
2012-06-07 00:00:00,16.870,16.585,16.885,16.585,2508,2778880.00
2012-06-08 00:00:00,16.750,16.450,16.795,16.525,2520,2775146.00
2012-06-11 00:00:00,16.390,16.390,16.825,16.780,1994,2198177.00
2012-06-12 00:00:00,16.630,16.525,16.750,16.570,2240,2469598.00
2012-06-13 00:00:00,16.480,16.480,16.870,16.810,2906,3230883.00
2012-06-14 00:00:00,16.825,16.750,17.035,16.855,4360,4864705.00
2012-06-15 00:00:00,16.870,16.510,16.975,16.750,3060,3404665.00
2012-06-18 00:00:00,16.855,16.795,17.020,16.855,2937,3293183.00
2012-06-19 00:00:00,16.975,16.750,18.535,18.535,30257,35931300.00
2012-06-20 00:00:00,18.340,18.190,18.715,18.250,42077,51522910.00
2012-06-21 00:00:00,17.950,17.545,18.535,18.250,89161,106691700.00
2012-06-25 00:00:00,17.770,16.975,17.875,17.170,39553,45652740.00
2012-06-26 00:00:00,17.050,16.630,17.185,16.645,24899,27865770.00
2012-06-27 00:00:00,16.570,15.865,16.720,16.000,26681,28926150.00
2012-06-28 00:00:00,16.000,15.175,16.120,15.340,25238,25978820.00
2012-06-29 00:00:00,15.175,14.950,15.490,15.415,14271,14409860.00
2012-07-02 00:00:00,15.475,15.250,15.730,15.520,13617,13974870.00
2012-07-03 00:00:00,15.505,15.250,15.655,15.295,12241,12498940.00
2012-07-04 00:00:00,15.265,15.130,15.430,15.190,9169,9268496.00
2012-07-05 00:00:00,15.145,14.545,15.145,14.545,14233,13887910.00
2012-07-06 00:00:00,14.530,14.395,14.860,14.785,10617,10267980.00
2012-07-09 00:00:00,14.680,14.095,14.800,14.185,9495,9135472.00
2012-07-10 00:00:00,14.035,13.975,14.335,14.200,8897,8376503.00
2012-07-11 00:00:00,14.200,14.140,14.500,14.380,4608,4377246.00
2012-07-12 00:00:00,14.395,14.245,14.650,14.650,9533,9107645.00
2012-07-13 00:00:00,14.575,14.425,14.650,14.500,6658,6405798.00
2012-07-16 00:00:00,14.080,13.765,14.260,13.795,11573,10695260.00
2012-07-17 00:00:00,13.750,13.615,13.930,13.885,3245,2968914.00
2012-07-18 00:00:00,13.765,13.720,14.125,14.080,5816,5371060.00
2012-07-19 00:00:00,14.065,13.930,14.425,14.410,9002,8468514.00
2012-07-20 00:00:00,14.275,14.170,14.350,14.320,5439,5128868.00
2012-07-23 00:00:00,14.110,14.035,14.500,14.275,4096,3863713.00
2012-07-24 00:00:00,14.260,13.915,14.425,14.275,4458,4215271.00
2012-07-25 00:00:00,14.200,14.185,14.485,14.275,5470,5187006.00
2012-07-26 00:00:00,14.275,14.065,14.455,14.155,4914,4647262.00
2012-07-27 00:00:00,14.290,14.050,14.290,14.185,3220,3015244.00
2012-07-30 00:00:00,14.170,13.600,14.200,13.675,5450,5001295.00
2012-07-31 00:00:00,13.675,13.240,13.690,13.285,4773,4223881.00
2012-08-01 00:00:00,13.450,13.225,13.570,13.510,4029,3588566.00
2012-08-02 00:00:00,13.300,13.255,13.510,13.330,3380,2985990.00
2012-08-03 00:00:00,13.345,13.240,13.645,13.615,4132,3683740.00
2012-08-06 00:00:00,13.600,13.480,13.990,13.975,8038,7331316.00
2012-08-07 00:00:00,13.960,13.870,14.110,14.050,6271,5819000.00
2012-08-08 00:00:00,14.050,13.855,14.110,13.915,4924,4557831.00
2012-08-09 00:00:00,13.990,13.840,14.320,14.230,7224,6732268.00
2012-08-10 00:00:00,14.290,14.110,14.320,14.140,5199,4879277.00
2012-08-13 00:00:00,14.140,13.660,14.140,13.690,5031,4618200.00
2012-08-14 00:00:00,13.600,13.570,13.870,13.840,4635,4203357.00
2012-08-15 00:00:00,13.750,13.750,13.945,13.870,3923,3594739.00
2012-08-16 00:00:00,13.930,13.885,15.250,14.500,39909,39308010.00
2012-08-17 00:00:00,14.200,14.065,14.395,14.275,17730,16638720.00
2012-08-20 00:00:00,14.200,13.900,14.245,14.185,8624,7997270.00
2012-08-21 00:00:00,14.185,14.005,14.410,14.335,12256,11568710.00
2012-08-22 00:00:00,14.425,14.200,14.500,14.275,8059,7639928.00
2012-08-23 00:00:00,14.230,14.155,14.800,14.650,15129,14605030.00
2012-08-24 00:00:00,14.800,14.230,14.800,14.230,9182,8797254.00
2012-08-27 00:00:00,14.140,13.570,14.140,13.630,7726,7026887.00
2012-08-28 00:00:00,13.570,13.570,13.885,13.735,4291,3898190.00
2012-08-29 00:00:00,13.735,13.600,13.870,13.720,4349,3963006.00
2012-08-30 00:00:00,13.630,13.450,13.840,13.780,6988,6317666.00
2012-08-31 00:00:00,13.630,13.630,13.900,13.825,4037,3685733.00
2012-09-03 00:00:00,13.870,13.795,14.065,14.050,5149,4760855.00
2012-09-04 00:00:00,14.125,13.765,14.125,13.795,4692,4326364.00
2012-09-05 00:00:00,13.705,13.690,14.035,13.975,5873,5413920.00
2012-09-06 00:00:00,14.050,13.900,14.410,14.305,7041,6643916.00
2012-09-07 00:00:00,14.320,14.230,15.040,14.800,22993,22459050.00
2012-09-10 00:00:00,14.830,14.695,15.010,14.875,15126,14870820.00
2012-09-11 00:00:00,14.875,14.725,14.905,14.875,8489,8323045.00
2012-09-12 00:00:00,14.890,14.770,15.025,14.950,8040,7924209.00
2012-09-13 00:00:00,14.995,14.590,15.025,14.590,10463,10251330.00
2012-09-14 00:00:00,14.725,14.620,15.010,14.800,10783,10595630.00
2012-09-17 00:00:00,14.800,14.185,14.800,14.275,7828,7490123.00
2012-09-18 00:00:00,14.200,13.915,14.275,14.035,6123,5704446.00
2012-09-19 00:00:00,14.125,14.020,14.230,14.200,3724,3475065.00
2012-09-20 00:00:00,14.200,13.690,14.200,13.735,6799,6231351.00
2012-09-21 00:00:00,13.615,13.585,13.825,13.720,3511,3178671.00
2012-09-24 00:00:00,13.615,13.450,13.840,13.780,3538,3202793.00
2012-09-25 00:00:00,13.780,13.480,13.810,13.735,2843,2575841.00
2012-09-26 00:00:00,13.765,13.315,13.765,13.435,3154,2805781.00
2012-09-27 00:00:00,13.405,13.330,13.885,13.810,3824,3445187.00
2012-09-28 00:00:00,13.795,13.705,13.945,13.900,3179,2913692.00
2012-10-08 00:00:00,13.855,13.840,13.975,13.945,3233,2977159.00
2012-10-09 00:00:00,14.035,13.900,14.245,14.245,4804,4499399.00
2012-10-10 00:00:00,14.170,14.095,14.530,14.500,8753,8328695.00
2012-10-11 00:00:00,14.725,14.095,14.725,14.125,8627,8197150.00
2012-10-12 00:00:00,14.185,13.960,14.335,14.125,6202,5780425.00
2012-10-15 00:00:00,14.125,13.765,14.125,13.900,3112,2861521.00
2012-10-16 00:00:00,13.855,13.810,14.050,13.885,2276,2100596.00
2012-10-17 00:00:00,13.885,13.795,14.110,14.050,3514,3251564.00
2012-10-18 00:00:00,14.065,14.065,14.335,14.245,6340,5980560.00
2012-10-19 00:00:00,14.515,14.170,14.515,14.335,5230,4961123.00
2012-10-22 00:00:00,14.410,14.200,14.470,14.425,4849,4615640.00
2012-10-23 00:00:00,14.485,14.125,14.485,14.170,5051,4763119.00
2012-10-24 00:00:00,14.560,14.170,14.755,14.395,8648,8235792.00
2012-10-25 00:00:00,14.350,14.155,14.620,14.230,10365,9890547.00
2012-10-26 00:00:00,14.230,13.750,14.230,13.780,7167,6614466.00
2012-10-29 00:00:00,13.780,13.690,13.855,13.795,3692,3361180.00
2012-10-30 00:00:00,13.795,13.690,13.900,13.780,2914,2657337.00
2012-10-31 00:00:00,13.750,13.600,13.795,13.765,3068,2778866.00
2012-11-01 00:00:00,13.765,13.735,14.050,13.990,3489,3221748.00
2012-11-02 00:00:00,13.900,13.870,14.065,14.035,2721,2516493.00
2012-11-05 00:00:00,13.975,13.975,14.380,14.170,3915,3659922.00
2012-11-06 00:00:00,14.605,13.990,14.635,14.140,6396,5989724.00
2012-11-07 00:00:00,14.200,13.690,14.200,13.960,3594,3307389.00
2012-11-08 00:00:00,14.275,13.690,14.275,13.750,5745,5304000.00
2012-11-09 00:00:00,13.615,13.525,14.050,14.020,5238,4757646.00
2012-11-12 00:00:00,14.155,13.825,14.170,14.020,2732,2529666.00
2012-11-13 00:00:00,14.020,13.615,14.335,13.660,3332,3045708.00
2012-11-14 00:00:00,13.660,13.510,13.735,13.660,2001,1801493.00
2012-11-15 00:00:00,13.660,13.450,13.705,13.660,2571,2307610.00
2012-11-16 00:00:00,13.465,13.300,13.600,13.390,2556,2265994.00
2012-11-19 00:00:00,13.255,13.150,13.645,13.420,1967,1737824.00
2012-11-20 00:00:00,13.540,13.300,13.540,13.420,1410,1251335.00
2012-11-21 00:00:00,13.315,13.300,13.585,13.570,1778,1584865.00
2012-11-22 00:00:00,13.480,13.420,13.615,13.555,1928,1723289.00
2012-11-23 00:00:00,13.525,13.330,13.585,13.555,1840,1645002.00
2012-11-26 00:00:00,13.555,13.375,13.555,13.405,1408,1250501.00
2012-11-27 00:00:00,13.420,13.000,13.420,13.030,4529,3954039.00
2012-11-28 00:00:00,12.850,12.640,12.850,12.700,3535,2975736.00
2012-11-29 00:00:00,12.700,12.565,12.865,12.610,2385,2002056.00
2012-11-30 00:00:00,12.565,12.565,12.775,12.700,930,779265.00
2012-12-03 00:00:00,12.685,12.340,12.820,12.340,1335,1108198.00
2012-12-04 00:00:00,12.340,12.175,12.550,12.520,1935,1579658.00
2012-12-05 00:00:00,12.430,12.430,12.985,12.865,5364,4551612.00
2012-12-06 00:00:00,12.865,12.745,12.880,12.790,1547,1309269.00
2012-12-07 00:00:00,12.715,12.685,13.045,13.015,3621,3091491.00
2012-12-10 00:00:00,13.075,12.940,13.405,13.195,5452,4742060.00
2012-12-11 00:00:00,13.270,13.030,13.270,13.030,2765,2396622.00
2012-12-12 00:00:00,13.090,12.865,13.135,13.000,2746,2362500.00
2012-12-13 00:00:00,12.895,12.700,13.060,12.745,4549,3854898.00
2012-12-14 00:00:00,12.790,12.775,13.285,13.210,5921,5130012.00
2012-12-17 00:00:00,13.240,13.165,13.375,13.345,4979,4379717.00
2012-12-18 00:00:00,13.315,13.315,13.885,13.390,8575,7708710.00
2012-12-19 00:00:00,13.585,13.435,13.840,13.465,7224,6514727.00
2012-12-20 00:00:00,13.855,13.255,13.855,13.450,8110,7222343.00
2012-12-21 00:00:00,13.375,13.300,13.615,13.465,6698,5969659.00
2012-12-24 00:00:00,13.480,13.330,13.525,13.495,4746,4226290.00
2012-12-25 00:00:00,13.450,13.405,13.795,13.720,11247,10177430.00
2012-12-26 00:00:00,13.720,13.690,14.650,14.395,22772,21314690.00
2012-12-27 00:00:00,14.260,14.080,14.425,14.095,14770,13921310.00
2012-12-28 00:00:00,14.020,13.885,14.200,14.095,6747,6273708.00
2012-12-31 00:00:00,14.050,13.990,14.320,14.230,8597,8066145.00
2013-01-04 00:00:00,14.290,13.975,14.380,14.020,4860,4550141.00
2013-01-07 00:00:00,14.050,13.885,14.275,14.245,7326,6866556.00
2013-01-08 00:00:00,14.245,14.080,14.575,14.380,13309,12675350.00
2013-01-09 00:00:00,14.305,14.230,14.605,14.365,11457,10944410.00
2013-01-10 00:00:00,14.320,14.320,14.830,14.590,14652,14147930.00
2013-01-11 00:00:00,14.725,14.065,14.725,14.125,11643,11089620.00
2013-01-14 00:00:00,14.095,14.050,14.530,14.485,14419,13736980.00
2013-01-15 00:00:00,14.560,14.560,15.025,14.890,17152,16877450.00
2013-01-16 00:00:00,14.890,14.500,15.025,14.665,12661,12343080.00
2013-01-17 00:00:00,14.695,14.440,14.800,14.530,7919,7665858.00
2013-01-18 00:00:00,14.560,14.560,14.845,14.770,9908,9661660.00
2013-01-21 00:00:00,14.740,14.605,14.875,14.860,7823,7652246.00
2013-01-22 00:00:00,14.860,14.425,14.860,14.425,10316,9943345.00
2013-01-23 00:00:00,14.350,14.200,14.500,14.395,5992,5693514.00
2013-01-24 00:00:00,14.395,13.945,14.665,14.050,7368,7009557.00
2013-01-25 00:00:00,13.990,13.930,14.230,14.230,4993,4646927.00
2013-01-28 00:00:00,14.275,14.125,14.500,14.500,4917,4679767.00
2013-01-29 00:00:00,14.500,14.380,14.665,14.650,7838,7548378.00
2013-01-30 00:00:00,14.665,14.500,14.950,14.950,11884,11584910.00
2013-01-31 00:00:00,15.925,15.775,16.435,16.435,94175,101652400.00
2013-02-01 00:00:00,15.895,15.640,16.135,15.820,50267,52939340.00
2013-02-04 00:00:00,15.625,15.550,17.080,16.150,49747,53901210.00
2013-02-05 00:00:00,15.940,15.355,16.075,15.760,26768,27736320.00
2013-02-06 00:00:00,15.820,15.625,15.970,15.820,12474,13038740.00
2013-02-07 00:00:00,15.820,15.445,15.850,15.625,15177,15666550.00
2013-02-08 00:00:00,15.625,15.460,15.790,15.745,12003,12424710.00
2013-02-18 00:00:00,15.715,15.580,15.880,15.820,11965,12462590.00
2013-02-19 00:00:00,15.730,15.400,15.745,15.430,10998,11320410.00
2013-02-20 00:00:00,15.430,15.355,15.625,15.610,7061,7258746.00
2013-02-21 00:00:00,15.505,15.235,15.640,15.325,10054,10236930.00
2013-02-22 00:00:00,15.325,15.265,15.625,15.430,8391,8612306.00
2013-02-25 00:00:00,15.385,15.385,16.240,15.985,22176,23397900.00
2013-02-26 00:00:00,17.575,17.575,17.575,17.575,16995,19799100.00
2013-02-27 00:00:00,18.100,17.800,18.610,18.040,133523,160899200.00
2013-02-28 00:00:00,17.980,17.170,18.025,17.425,91693,106081100.00
2013-03-01 00:00:00,17.350,17.305,17.965,17.725,62134,72760250.00
2013-03-04 00:00:00,17.500,16.645,17.500,16.720,41362,46788520.00
2013-03-05 00:00:00,16.765,16.765,17.200,17.095,25563,28831140.00
2013-03-06 00:00:00,17.110,16.930,17.725,17.605,35409,40886320.00
2013-03-07 00:00:00,17.575,16.900,17.635,17.065,21640,24836720.00
2013-03-08 00:00:00,17.020,16.945,17.320,16.990,13373,15176430.00
2013-03-11 00:00:00,16.975,16.975,17.230,17.095,8907,10083590.00
2013-03-12 00:00:00,17.095,16.240,17.170,16.450,20612,22742650.00
2013-03-13 00:00:00,16.585,16.150,16.705,16.360,12978,14007720.00
2013-03-14 00:00:00,16.405,16.240,16.540,16.375,7206,7825148.00
2013-03-15 00:00:00,16.450,16.165,16.765,16.405,10631,11647730.00
2013-03-18 00:00:00,16.300,16.300,16.585,16.300,8298,9016137.00
2013-03-19 00:00:00,16.330,16.045,16.405,16.330,7872,8471560.00
2013-03-20 00:00:00,16.405,16.255,16.900,16.780,24494,26940970.00
2013-03-21 00:00:00,16.825,16.465,17.005,16.510,32497,35955670.00
2013-03-22 00:00:00,16.315,16.015,16.390,16.225,26238,28102820.00
2013-03-25 00:00:00,16.195,16.045,16.405,16.405,14882,16015950.00
2013-03-26 00:00:00,16.300,16.045,16.345,16.270,8636,9271140.00
2013-03-27 00:00:00,16.210,16.165,16.525,16.435,14396,15641290.00
2013-03-28 00:00:00,16.285,15.640,16.285,15.685,14474,15244320.00
2013-03-29 00:00:00,15.760,15.625,15.865,15.640,7518,7826556.00
2013-04-01 00:00:00,15.700,15.535,15.760,15.685,5313,5509360.00
2013-04-02 00:00:00,15.700,15.370,15.880,15.430,9320,9698404.00
2013-04-03 00:00:00,15.430,15.280,15.550,15.385,6726,6859774.00
2013-04-08 00:00:00,15.325,14.785,15.325,15.175,9437,9368052.00
2013-04-09 00:00:00,15.160,15.085,15.460,15.310,9872,10015500.00
2013-04-10 00:00:00,15.490,15.490,16.825,16.300,45391,49103690.00
2013-04-11 00:00:00,16.480,16.000,16.765,16.045,24441,26422610.00
2013-04-12 00:00:00,16.120,15.835,16.120,15.910,10138,10700650.00
2013-04-15 00:00:00,15.820,15.280,15.820,15.490,8138,8356475.00
2013-04-16 00:00:00,15.385,15.220,15.670,15.565,10600,10862410.00
2013-04-17 00:00:00,15.550,15.460,15.820,15.760,20948,10803340.00
2013-04-18 00:00:00,15.640,15.550,16.600,16.120,42719,22828760.00
2013-04-19 00:00:00,16.000,15.910,16.360,16.240,33272,17802180.00
2013-04-22 00:00:00,16.270,16.270,16.810,16.660,50279,27469730.00
2013-04-23 00:00:00,16.600,15.730,16.600,15.820,38357,20378750.00
2013-04-24 00:00:00,15.730,15.730,16.330,16.300,24842,13192770.00
2013-04-25 00:00:00,16.150,15.520,16.180,15.610,35489,18476750.00
2013-04-26 00:00:00,15.700,15.250,15.760,15.310,21720,11041020.00
2013-05-02 00:00:00,15.250,14.800,15.340,15.310,9906,4954855.00
2013-05-03 00:00:00,15.280,15.280,15.580,15.550,17071,8726572.00
2013-05-06 00:00:00,15.550,15.460,15.730,15.610,19851,10204480.00
2013-05-07 00:00:00,15.580,15.460,15.790,15.550,16269,8367354.00
2013-05-08 00:00:00,15.790,15.460,15.790,15.640,19907,10233810.00
2013-05-09 00:00:00,15.640,15.190,15.640,15.430,21417,10895090.00
2013-05-10 00:00:00,15.520,15.430,16.360,16.330,67032,35515150.00
2013-05-13 00:00:00,16.240,15.910,16.330,16.210,37102,19739810.00
2013-05-14 00:00:00,16.090,15.970,16.780,16.720,74113,40294130.00
2013-05-15 00:00:00,16.660,16.570,17.110,16.690,69650,38719280.00
2013-05-16 00:00:00,16.780,16.480,17.710,17.410,87276,49408380.00
2013-05-17 00:00:00,17.260,16.960,17.680,17.350,82840,47514100.00
2013-05-20 00:00:00,17.350,17.260,18.010,17.650,68613,39882620.00
2013-05-21 00:00:00,17.590,17.020,18.280,18.040,107832,63223560.00
2013-05-22 00:00:00,18.040,17.380,18.040,17.500,106416,62304360.00
2013-05-23 00:00:00,17.500,17.230,17.830,17.260,55589,32194910.00
2013-05-24 00:00:00,17.230,17.230,17.860,17.860,54987,31996140.00
2013-05-27 00:00:00,17.980,17.830,18.550,18.400,64004,38749240.00
2013-05-28 00:00:00,18.340,17.740,18.460,18.040,91151,54202910.00
2013-05-29 00:00:00,18.040,17.890,18.160,18.010,40713,24198900.00
2013-05-30 00:00:00,17.950,17.500,18.370,17.590,95404,56131840.00
2013-05-31 00:00:00,17.650,17.290,17.680,17.380,49440,28464240.00
2013-06-03 00:00:00,17.320,17.290,17.620,17.410,29166,16800070.00
2013-06-04 00:00:00,17.410,17.170,17.800,17.800,52229,30141530.00
2013-06-05 00:00:00,17.830,17.650,18.130,18.100,66804,39640870.00
2013-06-06 00:00:00,18.070,17.740,19.000,17.950,162976,99432460.00
2013-06-07 00:00:00,17.620,17.080,17.950,17.200,92285,52845530.00
2013-06-13 00:00:00,16.990,15.490,16.990,16.030,51103,27022820.00
2013-06-14 00:00:00,16.090,15.940,16.780,16.450,59734,32195430.00
2013-06-17 00:00:00,16.300,16.000,16.480,16.090,34618,18561540.00
2013-06-18 00:00:00,16.120,16.000,16.540,16.360,39152,21022370.00
2013-06-19 00:00:00,16.210,16.060,16.360,16.330,21964,11763450.00
2013-06-20 00:00:00,16.330,15.820,16.720,15.880,33062,17806200.00
2013-06-21 00:00:00,15.580,15.160,16.060,15.880,32942,17046110.00
2013-06-24 00:00:00,15.760,14.350,15.970,14.650,38556,19163600.00
2013-06-25 00:00:00,14.740,13.210,14.770,14.410,41731,19311680.00
2013-06-26 00:00:00,14.560,14.050,14.680,14.680,30089,14254830.00
2013-06-27 00:00:00,14.710,14.200,14.890,14.230,32391,15561530.00
2013-06-28 00:00:00,14.110,13.810,14.500,14.110,16223,7580021.00
2013-07-01 00:00:00,14.050,13.870,14.410,14.320,18135,8429869.00
2013-07-02 00:00:00,14.320,14.230,14.590,14.530,28366,13484370.00
2013-07-03 00:00:00,14.470,13.990,14.470,14.320,23096,10820250.00
2013-07-04 00:00:00,14.200,13.990,14.590,14.410,29910,14162610.00
2013-07-05 00:00:00,14.560,14.350,14.620,14.380,22253,10604670.00
2013-07-08 00:00:00,14.290,13.360,14.320,13.360,27337,12417630.00
2013-07-09 00:00:00,13.390,13.180,13.720,13.720,18790,8331049.00
2013-07-10 00:00:00,13.660,13.510,14.140,14.140,21713,9951609.00
2013-07-11 00:00:00,14.230,14.080,14.710,14.590,40476,19310980.00
2013-07-12 00:00:00,14.710,14.410,14.710,14.440,25951,12421510.00
2013-07-15 00:00:00,14.470,14.470,15.100,14.950,39008,19075490.00
2013-07-16 00:00:00,15.190,15.040,15.640,15.190,47265,23831050.00
2013-07-17 00:00:00,15.100,14.410,15.310,14.680,53313,26030350.00
2013-07-18 00:00:00,14.560,14.320,15.130,14.800,34387,16765530.00
2013-07-19 00:00:00,14.740,14.260,15.040,14.260,29638,14391300.00
2013-07-22 00:00:00,14.020,13.990,14.530,14.500,29615,13982210.00
2013-07-23 00:00:00,14.560,14.530,15.940,15.940,140687,72605090.00
2013-07-24 00:00:00,15.700,15.610,16.300,15.760,100918,53306520.00
2013-07-25 00:00:00,16.030,15.790,16.630,15.970,85698,45756460.00
2013-07-26 00:00:00,15.970,15.490,15.970,15.790,51383,26688940.00
2013-07-29 00:00:00,15.610,14.950,15.730,15.100,56921,28622940.00
2013-07-30 00:00:00,15.040,14.860,15.460,15.340,37638,18916680.00
2013-07-31 00:00:00,15.370,15.340,15.910,15.760,43387,22515750.00
2013-08-01 00:00:00,15.700,15.700,16.090,16.000,42171,22187140.00
2013-08-02 00:00:00,16.210,15.760,16.210,15.820,35574,18683050.00
2013-08-05 00:00:00,15.700,15.700,16.240,16.240,41604,22052100.00
2013-08-06 00:00:00,16.240,16.090,16.810,16.600,54265,29627620.00
2013-08-07 00:00:00,16.600,16.090,16.600,16.120,47730,25683170.00
2013-08-08 00:00:00,16.120,15.940,16.300,16.060,30091,16005810.00
2013-08-09 00:00:00,16.030,15.820,16.240,16.240,33105,17613600.00
2013-08-12 00:00:00,16.240,16.210,16.720,16.690,46482,25315670.00
2013-08-13 00:00:00,16.690,16.510,16.810,16.780,37171,20467770.00
2013-08-14 00:00:00,16.780,16.330,17.530,16.480,87663,49268280.00
2013-08-15 00:00:00,16.390,16.060,16.480,16.090,43298,23199600.00
2013-08-16 00:00:00,15.970,15.970,16.660,15.970,45680,24408540.00
2013-08-19 00:00:00,15.880,15.880,16.270,16.270,23896,12706760.00
2013-08-20 00:00:00,16.270,16.000,16.510,16.120,27826,14948820.00
2013-08-21 00:00:00,16.060,15.940,16.240,16.210,24449,12992090.00
2013-08-22 00:00:00,16.210,16.060,16.300,16.240,24818,13270560.00
2013-08-23 00:00:00,16.240,15.670,16.330,15.880,31168,16445830.00
2013-08-26 00:00:00,15.910,15.850,16.420,16.360,29447,15727000.00
2013-08-27 00:00:00,16.270,16.210,16.870,16.810,47606,26143150.00
2013-08-28 00:00:00,16.630,16.210,16.630,16.300,48522,26224310.00
2013-08-29 00:00:00,16.330,16.060,16.540,16.180,28370,15169200.00
2013-08-30 00:00:00,16.180,15.760,16.240,15.820,41888,22107150.00
2013-09-02 00:00:00,15.820,15.610,16.120,16.060,26309,13773970.00
2013-09-03 00:00:00,16.060,15.880,16.240,16.210,24884,13233110.00
2013-09-04 00:00:00,16.210,15.970,16.240,16.030,25109,13302100.00
2013-09-05 00:00:00,15.970,15.700,16.030,15.760,36621,19139160.00
2013-09-06 00:00:00,15.760,15.640,16.000,15.940,29206,15256660.00
2013-09-09 00:00:00,15.940,15.910,16.120,16.060,35036,18524780.00
2013-09-10 00:00:00,16.060,16.030,16.540,16.450,54038,29082140.00
2013-09-11 00:00:00,16.630,16.570,18.070,18.070,167915,98983240.00
2013-09-12 00:00:00,19.030,17.440,19.030,17.560,294121,176731900.00
2013-09-13 00:00:00,17.140,16.570,17.500,17.230,114828,64547260.00
2013-09-16 00:00:00,16.930,16.660,17.200,16.960,50315,28250340.00
2013-09-17 00:00:00,16.870,16.690,17.320,16.750,53933,30256850.00
2013-09-18 00:00:00,16.660,16.390,16.780,16.660,49864,27238990.00
2013-09-23 00:00:00,16.720,16.570,17.620,17.440,93804,53154840.00
2013-09-24 00:00:00,17.380,16.840,17.380,17.080,58648,33070490.00
2013-09-25 00:00:00,16.990,16.690,17.170,16.750,46589,25953270.00
2013-09-26 00:00:00,16.660,16.510,16.900,16.600,39871,22000110.00
2013-09-27 00:00:00,16.630,16.360,16.750,16.480,26433,14418230.00
2013-09-30 00:00:00,16.480,16.450,16.780,16.690,21809,11971580.00
2013-10-08 00:00:00,16.750,16.390,16.990,16.990,35084,19416260.00
2013-10-09 00:00:00,17.020,16.870,17.260,17.200,53166,30057150.00
2013-10-10 00:00:00,17.200,16.630,17.410,17.020,49650,27940200.00
2013-10-11 00:00:00,17.200,16.930,17.290,17.230,61735,35005540.00
2013-10-14 00:00:00,17.260,16.930,17.350,17.140,52465,29722140.00
2013-10-15 00:00:00,17.140,16.660,17.170,16.810,54102,30101670.00
2013-10-16 00:00:00,16.870,16.360,16.870,16.510,41086,22462710.00
2013-10-17 00:00:00,16.480,16.480,16.810,16.690,37631,20711270.00
2013-10-18 00:00:00,16.780,16.690,16.900,16.780,21343,11820320.00
2013-10-21 00:00:00,16.840,16.780,17.320,17.140,56547,31797650.00
2013-10-22 00:00:00,17.080,17.050,17.380,17.170,41495,23555580.00
2013-10-23 00:00:00,17.260,16.750,17.350,17.020,40511,22793390.00
2013-10-24 00:00:00,17.020,16.750,17.050,16.930,22649,12664100.00
2013-10-25 00:00:00,16.960,16.930,17.530,17.320,84897,48465320.00
2013-10-28 00:00:00,17.350,17.230,17.770,17.650,74842,43303450.00
2013-10-29 00:00:00,17.560,16.210,17.830,16.630,79584,44841410.00
2013-10-30 00:00:00,16.600,16.330,16.780,16.720,40319,22038140.00
2013-10-31 00:00:00,16.750,16.390,16.750,16.450,26965,14680360.00
2013-11-01 00:00:00,16.360,15.820,16.510,16.030,34756,18430040.00
2013-11-04 00:00:00,16.060,16.000,16.240,16.180,15571,8290713.00
2013-11-05 00:00:00,16.180,16.060,16.450,16.390,17139,9202167.00
2013-11-06 00:00:00,16.360,16.330,16.690,16.330,22058,11999030.00
2013-11-07 00:00:00,16.480,16.030,16.480,16.030,15397,8243680.00
2013-11-08 00:00:00,16.030,15.760,16.030,15.820,18416,9630532.00
2013-11-11 00:00:00,15.790,15.550,15.940,15.820,14211,7401800.00
2013-11-12 00:00:00,15.820,15.760,15.970,15.940,16713,8763772.00
2013-11-13 00:00:00,15.910,15.610,15.910,15.670,15759,8177174.00
2013-11-14 00:00:00,15.670,15.580,15.970,15.910,14949,7804888.00
2013-11-15 00:00:00,15.910,15.910,16.360,16.270,31798,17004760.00
2013-11-18 00:00:00,16.240,16.210,16.510,16.510,28040,15169000.00
2013-11-19 00:00:00,16.510,16.330,16.780,16.690,30339,16517270.00
2013-11-20 00:00:00,16.690,16.540,16.750,16.750,24773,13628610.00
2013-11-21 00:00:00,16.630,16.330,16.690,16.570,31185,16979790.00
2013-11-22 00:00:00,16.570,16.360,16.600,16.480,21592,11755050.00
2013-11-25 00:00:00,16.450,16.390,16.810,16.690,32777,18057020.00
2013-11-26 00:00:00,16.600,16.390,16.750,16.600,22233,12123500.00
2013-11-27 00:00:00,16.630,16.510,16.870,16.870,35479,19645030.00
2013-11-28 00:00:00,16.840,16.810,17.110,16.840,32200,18023410.00
2013-11-29 00:00:00,16.870,16.840,17.140,17.140,45433,25540160.00
2013-12-02 00:00:00,16.960,15.850,17.050,16.150,46001,25164750.00
2013-12-03 00:00:00,16.270,16.180,17.470,17.260,55754,31228770.00
2013-12-04 00:00:00,17.260,17.170,17.740,17.350,91992,53034200.00
2013-12-05 00:00:00,17.440,17.200,19.060,19.060,137618,84602060.00
2013-12-06 00:00:00,19.360,18.520,20.350,18.550,343674,222146000.00
2013-12-09 00:00:00,18.280,18.190,18.730,18.400,138841,84321300.00
2013-12-10 00:00:00,18.220,17.950,18.550,18.190,104594,62967700.00
2013-12-11 00:00:00,18.070,17.860,18.670,18.640,95140,57383720.00
2013-12-12 00:00:00,18.520,18.220,18.760,18.310,64988,39626580.00
2013-12-13 00:00:00,18.160,18.040,18.400,18.160,46753,28112540.00
2013-12-16 00:00:00,18.160,17.440,18.160,17.560,73247,42866620.00
2013-12-17 00:00:00,17.470,17.320,17.920,17.800,47988,28029380.00
2013-12-18 00:00:00,17.770,17.530,17.980,17.710,37606,22045570.00
2013-12-19 00:00:00,17.770,17.530,17.950,17.530,30082,17579350.00
2013-12-20 00:00:00,17.290,17.050,17.530,17.110,28657,16357170.00
2013-12-23 00:00:00,17.140,16.660,17.530,17.290,30776,17380460.00
2013-12-24 00:00:00,17.230,17.140,17.530,17.290,27372,15667770.00
2013-12-25 00:00:00,17.320,17.050,17.770,17.680,37880,21815750.00
2013-12-26 00:00:00,17.560,17.230,17.800,17.230,30834,17862820.00
2013-12-27 00:00:00,17.200,17.200,17.770,17.710,32547,18920630.00
2013-12-30 00:00:00,18.100,17.590,18.160,17.860,34596,20405970.00
2013-12-31 00:00:00,17.800,17.620,17.950,17.920,24238,14267450.00
2014-01-02 00:00:00,18.250,17.830,18.250,18.010,34531,20566050.00
2014-01-03 00:00:00,17.830,17.560,18.010,17.650,32623,19050880.00
2014-01-06 00:00:00,17.560,17.110,17.560,17.110,31166,17806560.00
2014-01-07 00:00:00,16.990,16.900,17.320,17.170,21172,11984010.00
2014-01-08 00:00:00,17.140,17.140,17.410,17.230,23528,13444720.00
2014-01-09 00:00:00,17.230,16.900,17.440,16.900,24783,14031700.00
2014-01-10 00:00:00,16.870,16.300,16.960,16.360,39806,21777800.00
2014-01-13 00:00:00,16.360,16.360,16.600,16.540,20751,11283400.00
2014-01-14 00:00:00,16.540,16.450,16.810,16.750,18685,10277440.00
2014-01-15 00:00:00,16.720,16.690,17.020,17.020,24484,13628410.00
2014-01-16 00:00:00,17.050,16.840,17.170,16.960,23927,13444380.00
2014-01-17 00:00:00,16.960,16.840,17.170,16.870,22103,12398100.00
2014-01-20 00:00:00,16.870,16.450,16.870,16.570,18268,10049290.00
2014-01-21 00:00:00,16.810,16.630,17.110,17.110,20445,11445000.00
2014-01-22 00:00:00,17.050,17.050,17.980,17.800,47144,27408740.00
2014-01-23 00:00:00,17.800,17.650,18.160,18.010,48888,29115790.00
2014-01-24 00:00:00,17.980,17.770,18.190,17.980,36104,21466270.00
2014-01-27 00:00:00,17.860,17.770,18.160,18.070,34942,20774510.00
2014-01-28 00:00:00,18.100,17.800,18.220,17.950,21420,12742570.00
2014-01-29 00:00:00,18.160,17.950,18.280,18.100,27577,16491520.00
2014-01-30 00:00:00,18.040,17.800,18.220,17.980,19805,11751250.00
2014-02-07 00:00:00,17.830,17.830,19.060,18.910,70308,43271650.00
2014-02-10 00:00:00,18.940,18.730,19.420,19.210,76991,48745830.00
2014-02-11 00:00:00,19.120,18.790,19.270,18.970,58725,36980570.00
2014-02-12 00:00:00,19.000,19.000,19.810,19.660,86056,55404450.00
2014-02-13 00:00:00,19.510,19.060,20.140,19.060,100565,65516670.00
2014-02-14 00:00:00,19.090,19.090,19.660,19.660,69848,44905310.00
2014-02-17 00:00:00,19.720,19.690,21.610,21.610,99143,69727460.00
2014-02-18 00:00:00,22.660,21.220,22.870,21.520,259215,188502700.00
2014-02-19 00:00:00,21.430,20.920,22.540,22.540,165621,119437200.00
2014-02-20 00:00:00,22.120,21.580,22.510,21.670,105338,76715410.00
2014-02-21 00:00:00,21.490,20.410,21.670,20.920,98146,67949510.00
2014-02-24 00:00:00,20.950,20.800,21.550,21.370,66452,46533840.00
2014-02-25 00:00:00,21.370,19.930,21.580,20.020,84745,58160210.00
2014-02-26 00:00:00,20.170,19.420,20.170,20.080,77416,50637500.00
2014-02-27 00:00:00,20.110,19.840,20.560,19.900,58120,38938890.00
2014-02-28 00:00:00,19.660,18.790,19.840,19.600,74979,47700360.00
2014-03-03 00:00:00,19.600,19.360,20.380,20.380,58576,38606010.00
2014-03-04 00:00:00,20.260,19.990,20.560,20.470,46363,31145040.00
2014-03-05 00:00:00,20.500,19.960,20.620,20.050,38768,25935250.00
2014-03-06 00:00:00,19.930,19.420,20.020,19.930,36867,24046270.00
2014-03-07 00:00:00,20.080,19.960,21.400,20.950,88506,60845650.00
2014-03-10 00:00:00,20.710,20.140,21.370,20.140,79395,54817720.00
2014-03-11 00:00:00,19.840,19.840,21.310,21.250,62914,42944670.00
2014-03-12 00:00:00,21.310,20.770,22.120,21.730,106637,76065660.00
2014-03-13 00:00:00,21.760,21.340,21.910,21.820,56832,40607840.00
2014-03-14 00:00:00,21.610,20.860,22.210,21.190,64379,45838130.00
2014-03-17 00:00:00,21.310,20.590,21.700,21.700,50076,35009770.00
2014-03-18 00:00:00,21.520,20.950,21.880,21.190,49413,35085150.00
2014-03-19 00:00:00,20.950,20.590,21.130,21.130,38765,26768670.00
2014-03-20 00:00:00,21.040,19.840,21.040,19.840,54351,36851800.00
2014-03-21 00:00:00,19.810,19.510,20.410,20.290,49170,32518940.00
2014-03-24 00:00:00,20.320,20.110,20.530,20.380,38090,25590960.00
2014-03-25 00:00:00,20.380,19.990,20.770,20.440,32950,22289000.00
2014-03-26 00:00:00,20.470,20.350,20.680,20.530,22880,15537520.00
2014-03-27 00:00:00,20.560,19.960,20.680,19.960,32888,21944380.00
2014-03-28 00:00:00,20.050,19.450,20.230,20.020,29804,19646200.00
2014-03-31 00:00:00,20.020,19.750,20.380,20.110,22806,15167950.00
2014-04-01 00:00:00,19.990,19.990,20.560,20.500,22492,15176100.00
2014-04-02 00:00:00,20.530,20.020,20.620,20.110,24023,16112850.00
2014-04-03 00:00:00,20.140,20.110,21.010,20.860,50030,34339910.00
2014-04-04 00:00:00,20.890,20.680,21.370,21.220,49658,34843290.00
2014-04-08 00:00:00,21.550,21.010,21.550,21.280,41091,28865010.00
2014-04-09 00:00:00,21.400,20.920,21.400,21.190,40458,28222080.00
2014-04-10 00:00:00,21.130,20.950,21.370,21.100,33169,23239500.00
2014-04-11 00:00:00,21.070,20.740,21.700,21.700,51616,36216040.00
2014-04-14 00:00:00,21.610,21.550,22.570,21.760,83016,60583970.00
2014-04-15 00:00:00,21.610,21.430,21.940,21.580,41397,29605610.00
2014-04-16 00:00:00,21.460,21.160,21.670,21.640,31793,22535350.00
2014-04-17 00:00:00,21.670,21.520,22.060,21.670,48999,35418940.00
2014-04-18 00:00:00,21.580,21.160,22.060,21.910,49487,35370210.00
2014-04-21 00:00:00,21.790,21.670,24.070,23.320,161536,124177900.00
2014-04-22 00:00:00,23.440,22.960,24.490,24.190,195131,153633200.00
2014-04-23 00:00:00,23.830,23.230,24.040,23.440,92139,71750500.00
2014-04-24 00:00:00,23.500,22.750,23.920,23.770,85091,65545720.00
2014-04-25 00:00:00,23.590,22.480,24.100,22.480,89563,69273260.00
2014-04-28 00:00:00,22.540,20.590,22.540,20.620,87386,62065750.00
2014-04-29 00:00:00,20.170,20.020,20.980,20.590,49746,33826990.00
2014-04-30 00:00:00,20.590,19.990,20.980,20.380,50199,33947500.00
2014-05-05 00:00:00,20.380,19.600,20.890,20.770,45493,30366030.00
2014-05-06 00:00:00,20.710,20.560,21.040,20.680,35800,24591080.00
2014-05-07 00:00:00,20.560,19.960,20.920,20.050,37367,25201060.00
2014-05-08 00:00:00,19.870,19.720,20.530,19.990,29816,19863200.00
2014-05-09 00:00:00,20.080,19.510,20.080,19.750,28521,18608900.00
2014-05-12 00:00:00,19.930,19.840,20.290,20.200,30800,20452290.00
2014-05-13 00:00:00,20.320,20.170,20.710,20.380,32757,22141120.00
2014-05-14 00:00:00,20.380,20.200,20.560,20.380,21326,14322580.00
2014-05-15 00:00:00,20.440,19.300,20.440,19.300,51369,33439950.00
2014-05-16 00:00:00,19.090,18.880,19.360,19.240,37260,23457160.00
2014-05-19 00:00:00,19.270,18.520,19.270,18.730,30673,19004590.00
2014-05-20 00:00:00,19.030,18.790,19.330,18.880,21293,13362900.00
2014-05-21 00:00:00,19.030,18.640,19.300,19.180,19605,12270240.00
2014-05-22 00:00:00,19.270,18.940,19.480,19.030,21936,13956310.00
2014-05-23 00:00:00,19.030,18.940,19.390,19.330,16231,10304800.00
2014-05-26 00:00:00,19.450,19.420,19.900,19.750,26605,17308300.00
2014-05-27 00:00:00,19.810,19.390,19.930,19.540,24052,15544020.00
2014-05-28 00:00:00,19.570,19.540,20.050,20.050,29833,19517410.00
2014-05-29 00:00:00,19.960,19.690,20.230,19.840,25104,16493810.00
2014-05-30 00:00:00,19.810,19.270,19.810,19.690,26100,16824810.00
2014-06-03 00:00:00,19.690,19.420,19.750,19.510,14444,9345674.00
2014-06-04 00:00:00,19.510,19.030,19.510,19.270,23137,14689060.00
2014-06-05 00:00:00,19.270,19.150,19.540,19.540,17378,11111500.00
2014-06-06 00:00:00,19.540,19.540,20.020,19.810,25637,16713040.00
2014-06-09 00:00:00,19.900,19.540,19.990,19.660,18906,12337090.00
2014-06-10 00:00:00,19.660,19.420,19.840,19.780,16367,10633120.00
2014-06-11 00:00:00,19.720,19.570,19.900,19.870,20542,13399490.00
2014-06-12 00:00:00,19.810,19.570,19.930,19.780,17347,11315510.00
2014-06-13 00:00:00,19.690,19.630,20.320,20.140,31835,21005030.00
2014-06-16 00:00:00,20.080,20.050,20.440,20.200,30953,20713670.00
2014-06-17 00:00:00,20.230,20.020,20.800,20.590,54776,37118480.00
2014-06-18 00:00:00,20.620,20.290,20.830,20.440,30105,20371920.00
2014-06-19 00:00:00,20.350,19.750,20.710,19.870,37312,25003100.00
2014-06-20 00:00:00,19.780,19.240,19.960,19.630,31437,20270050.00
2014-06-23 00:00:00,19.630,19.540,19.990,19.990,22709,14868270.00
2014-06-24 00:00:00,19.960,19.780,20.170,20.140,22154,14634000.00
2014-06-25 00:00:00,20.080,19.600,20.080,19.810,22724,14835890.00
2014-06-26 00:00:00,19.840,19.840,21.760,21.070,109880,77038360.00
2014-06-27 00:00:00,20.890,20.740,21.250,21.100,54656,37935100.00
2014-06-30 00:00:00,21.160,21.010,21.400,21.100,42419,29638100.00
2014-07-01 00:00:00,21.220,21.040,21.340,21.310,40495,28347910.00
2014-07-02 00:00:00,21.280,21.130,21.700,21.490,51391,36386110.00
2014-07-03 00:00:00,21.490,21.340,21.730,21.370,43271,30716840.00
2014-07-04 00:00:00,21.340,20.920,21.430,21.160,47012,32731140.00
2014-07-07 00:00:00,21.070,21.070,21.940,21.760,60410,43180950.00
2014-07-08 00:00:00,21.700,21.550,22.180,21.880,48829,35232040.00
2014-07-09 00:00:00,22.030,21.250,22.030,21.250,49456,35421520.00
2014-07-10 00:00:00,21.130,20.920,21.400,21.010,38156,26703110.00
2014-07-11 00:00:00,21.160,20.980,21.880,21.640,44714,31939230.00
2014-07-14 00:00:00,21.610,21.550,22.030,22.030,44306,32008310.00
2014-07-15 00:00:00,22.030,21.550,22.030,21.760,43945,31557660.00
2014-07-16 00:00:00,21.670,21.550,22.600,22.510,85364,62331230.00
2014-07-17 00:00:00,22.390,22.000,22.840,22.180,54600,40157500.00
2014-07-18 00:00:00,22.120,21.790,22.270,22.150,40540,29583820.00
2014-07-21 00:00:00,22.000,21.610,22.270,21.880,30856,22315390.00
2014-07-22 00:00:00,21.970,21.670,22.270,22.090,36402,26568170.00
2014-07-23 00:00:00,21.970,21.340,22.210,21.370,49914,35779860.00
2014-07-24 00:00:00,21.190,20.920,21.580,21.340,45427,31803470.00
2014-07-25 00:00:00,21.310,21.250,21.520,21.490,24062,17016460.00
2014-07-28 00:00:00,21.490,21.430,21.700,21.670,40846,29093420.00
2014-07-29 00:00:00,21.670,21.580,21.910,21.910,43370,31190870.00
2014-07-30 00:00:00,21.850,21.790,22.060,22.030,37783,27412640.00
2014-07-31 00:00:00,21.970,21.940,22.240,22.240,45727,33350380.00
2014-08-01 00:00:00,22.210,21.790,22.390,21.820,53387,38966450.00
2014-08-04 00:00:00,21.760,21.670,22.000,21.940,44104,31881490.00
2014-08-05 00:00:00,21.970,21.790,22.240,22.240,54963,40062300.00
2014-08-06 00:00:00,22.330,22.180,22.720,22.570,78204,58166230.00
2014-08-07 00:00:00,22.450,22.030,22.600,22.060,43774,32275190.00
2014-08-08 00:00:00,22.090,22.060,23.200,22.840,84471,63452270.00
2014-08-11 00:00:00,22.810,22.720,23.200,23.080,55719,42266300.00
2014-08-12 00:00:00,23.050,22.780,23.530,23.440,54591,41643830.00
2014-08-13 00:00:00,23.350,22.990,23.830,23.230,71590,55251420.00
2014-08-14 00:00:00,23.200,22.870,23.380,23.050,51317,39249870.00
2014-08-15 00:00:00,23.020,22.900,23.410,23.260,38194,29283210.00
2014-08-18 00:00:00,23.260,23.260,24.190,23.950,66478,52223360.00
2014-08-19 00:00:00,23.920,23.740,24.430,23.800,53100,42174030.00
2014-08-20 00:00:00,23.920,23.710,24.370,24.220,55822,44389210.00
2014-08-21 00:00:00,24.250,23.500,24.370,23.770,53747,42288450.00
2014-08-22 00:00:00,23.770,23.620,24.040,23.980,33814,26701060.00
2014-08-25 00:00:00,24.550,24.550,26.260,24.580,128929,107054100.00
2014-08-26 00:00:00,24.460,24.460,25.540,24.970,110866,91513030.00
2014-08-27 00:00:00,24.730,23.890,25.000,24.130,92979,74682700.00
2014-08-28 00:00:00,23.920,23.380,24.400,23.560,61755,48592520.00
2014-08-29 00:00:00,23.590,23.440,23.950,23.860,32698,25658320.00
2014-09-01 00:00:00,23.860,23.680,24.700,24.610,43163,34882180.00
2014-09-02 00:00:00,24.730,24.580,25.390,24.970,68397,56608710.00
2014-09-03 00:00:00,25.060,24.670,25.240,25.090,47352,39128230.00
2014-09-04 00:00:00,25.120,25.120,25.960,25.690,91462,77551440.00
2014-09-05 00:00:00,25.720,25.240,25.810,25.630,49805,41992700.00
2014-09-09 00:00:00,25.660,25.240,25.690,25.450,44283,37241080.00
2014-09-10 00:00:00,25.390,25.030,25.960,25.870,54325,45956570.00
2014-09-11 00:00:00,25.990,25.750,27.130,26.560,103110,90355730.00
2014-09-12 00:00:00,26.560,26.170,26.950,26.770,48318,42550440.00
2014-09-15 00:00:00,26.770,26.440,27.040,26.830,56273,49718030.00
2014-09-16 00:00:00,26.920,25.180,27.340,25.240,86095,74927420.00
2014-09-17 00:00:00,25.270,25.180,25.960,25.630,68022,57425100.00
2014-09-18 00:00:00,25.660,25.420,26.050,25.750,40683,34679740.00
2014-09-19 00:00:00,25.750,25.330,25.990,25.690,53347,45163080.00
2014-09-22 00:00:00,25.600,25.450,25.930,25.570,56606,48144720.00
2014-09-23 00:00:00,25.540,25.510,26.140,26.110,49703,42588810.00
2014-09-24 00:00:00,26.080,25.840,26.590,26.500,47398,41443550.00
2014-09-25 00:00:00,26.590,26.320,27.010,26.440,48067,42327300.00
2014-09-26 00:00:00,26.440,26.140,26.800,26.470,47592,41770160.00
2014-09-29 00:00:00,28.930,27.760,29.110,29.110,172216,163067500.00
2014-09-30 00:00:00,29.590,28.420,29.590,28.750,194752,187152300.00
2014-10-08 00:00:00,28.510,28.090,29.260,28.750,99377,93989180.00
2014-10-09 00:00:00,28.780,28.420,30.760,30.430,181272,179123100.00
2014-10-10 00:00:00,30.190,29.770,31.330,30.550,124533,126172100.00
2014-10-13 00:00:00,30.640,30.400,31.930,31.210,135224,139622600.00
2014-10-14 00:00:00,30.970,29.710,31.330,29.740,122511,123174000.00
2014-10-15 00:00:00,29.890,29.440,30.400,30.190,67871,67500810.00
2014-10-16 00:00:00,29.710,29.440,30.130,29.440,76114,74899550.00
2014-10-17 00:00:00,29.380,27.820,29.440,28.150,92519,86916100.00
2014-10-20 00:00:00,28.120,27.820,28.540,28.390,65574,61219110.00
2014-10-21 00:00:00,28.450,28.090,28.840,28.150,54981,51725660.00
2014-10-22 00:00:00,28.150,27.070,28.270,27.130,60571,55521980.00
2014-10-23 00:00:00,27.160,26.410,27.490,26.560,54308,48109090.00
2014-10-24 00:00:00,26.590,26.230,26.950,26.380,35992,31723570.00
2014-10-27 00:00:00,26.290,26.200,26.920,26.860,35389,31293830.00
2014-10-28 00:00:00,26.980,26.980,27.910,27.850,63183,57469760.00
2014-10-29 00:00:00,27.910,27.910,28.360,27.970,73825,68697760.00
2014-10-30 00:00:00,27.970,27.550,28.270,27.850,50251,46510520.00
2014-10-31 00:00:00,27.880,27.190,28.150,27.490,47520,43440710.00
2014-11-03 00:00:00,27.490,27.490,28.090,27.970,37892,34957620.00
2014-11-04 00:00:00,28.030,27.730,28.480,28.420,55262,51610930.00
2014-11-05 00:00:00,28.450,27.790,28.660,27.910,39015,36218480.00
2014-11-06 00:00:00,27.850,27.460,28.000,27.940,39430,36192410.00
2014-11-07 00:00:00,27.940,27.070,28.060,27.340,51814,47403590.00
2014-11-10 00:00:00,27.190,26.980,27.460,27.310,39887,35852550.00
2014-11-11 00:00:00,27.190,25.450,27.340,25.780,75490,65999700.00
2014-11-12 00:00:00,25.690,25.600,26.350,26.260,28453,24510370.00
2014-11-13 00:00:00,26.230,25.870,26.680,26.530,45521,39474610.00
2014-11-14 00:00:00,26.410,25.990,26.740,26.380,26352,23066740.00
2014-11-17 00:00:00,26.290,26.290,27.250,27.130,40782,36428040.00
2014-11-18 00:00:00,27.010,27.010,27.940,27.940,55091,50414090.00
2014-11-19 00:00:00,27.820,27.580,28.150,27.910,42272,38993220.00
2014-11-20 00:00:00,27.910,27.610,28.150,27.670,27143,25015700.00
2014-11-21 00:00:00,27.730,27.580,28.540,28.270,49318,45908010.00
2014-11-24 00:00:00,28.330,28.120,28.690,28.360,53808,50520460.00
2014-11-25 00:00:00,28.420,28.150,28.960,28.780,58066,54870170.00
2014-11-26 00:00:00,28.810,28.450,29.410,29.350,62750,59951890.00
2014-11-27 00:00:00,29.350,28.840,31.150,30.790,118835,118296900.00
2014-11-28 00:00:00,30.820,29.680,31.420,31.060,93724,94633880.00
2014-12-01 00:00:00,31.060,30.280,31.360,30.700,100098,102388500.00
2014-12-02 00:00:00,30.340,30.310,31.900,31.660,186673,193429000.00
2014-12-03 00:00:00,31.600,30.700,31.660,31.540,112405,116178500.00
2014-12-04 00:00:00,31.540,31.180,34.030,32.590,264901,284975100.00
2014-12-05 00:00:00,32.290,30.490,33.790,32.650,223839,239543700.00
2014-12-08 00:00:00,32.470,31.450,34.150,33.580,314148,341790900.00
2014-12-09 00:00:00,32.290,30.250,33.400,30.250,360496,379064100.00
2014-12-10 00:00:00,29.050,28.330,30.760,29.590,174594,168159600.00
2014-12-11 00:00:00,29.440,28.690,29.710,29.560,80051,77316290.00
2014-12-12 00:00:00,29.590,29.410,30.070,29.860,60498,59690820.00
2014-12-15 00:00:00,29.710,29.170,30.400,30.190,59995,59332240.00
2014-12-16 00:00:00,30.340,30.190,30.850,30.250,59026,59513620.00
2014-12-17 00:00:00,30.250,29.110,30.400,29.380,68062,66803350.00
2014-12-18 00:00:00,29.380,28.780,29.800,29.410,40664,39614520.00
2014-12-19 00:00:00,29.290,28.030,29.290,28.150,67445,63920000.00
2014-12-22 00:00:00,29.890,29.350,30.940,30.100,161750,161735300.00
2014-12-23 00:00:00,29.590,28.090,29.890,28.270,82003,78862000.00
2014-12-24 00:00:00,28.240,28.240,29.170,28.960,61522,58435320.00
2014-12-25 00:00:00,28.960,28.780,30.340,29.830,71910,70914960.00
2014-12-26 00:00:00,29.770,29.110,29.980,29.650,54659,53304900.00
2014-12-29 00:00:00,29.650,28.390,29.650,28.450,51703,49403840.00
2014-12-30 00:00:00,28.390,27.040,28.660,27.280,65965,60482330.00
2014-12-31 00:00:00,27.550,26.590,27.550,26.860,59331,52723550.00
2015-01-05 00:00:00,26.920,25.990,27.340,27.280,64231,56578950.00
2015-01-06 00:00:00,27.100,26.590,28.030,27.940,59308,53594140.00
2015-01-07 00:00:00,27.790,26.980,27.940,27.400,42181,38246320.00
2015-01-08 00:00:00,27.460,27.070,27.670,27.370,34965,31688830.00
2015-01-09 00:00:00,27.340,27.040,27.490,27.070,31047,27974380.00
2015-01-12 00:00:00,26.920,26.050,26.950,26.200,40064,34832280.00
2015-01-13 00:00:00,26.200,26.050,26.710,26.620,24665,21582590.00
2015-01-14 00:00:00,26.380,26.320,26.770,26.680,26046,22897460.00
2015-01-15 00:00:00,26.710,26.680,27.460,27.310,35723,32126990.00
2015-01-16 00:00:00,27.490,26.980,27.550,27.190,29214,26303650.00
2015-01-19 00:00:00,26.800,25.990,27.160,26.080,36620,32055680.00
2015-01-20 00:00:00,26.050,26.050,26.980,26.920,29348,25923090.00
2015-01-21 00:00:00,27.160,26.920,28.030,27.880,62017,56483780.00
2015-01-22 00:00:00,27.910,27.580,28.330,28.120,48462,45058890.00
2015-01-23 00:00:00,28.180,27.640,28.390,28.000,56619,52281310.00
2015-01-26 00:00:00,27.910,27.880,28.900,28.900,116557,110042900.00
2015-01-27 00:00:00,28.900,28.630,29.650,29.560,140075,135744900.00
2015-01-28 00:00:00,29.860,28.750,29.860,28.900,95130,91764340.00
2015-01-29 00:00:00,28.360,28.270,28.750,28.420,41110,38750110.00
2015-01-30 00:00:00,28.450,28.330,28.810,28.450,38469,36379420.00
2015-02-02 00:00:00,28.300,28.090,28.480,28.180,29327,27429870.00
2015-02-03 00:00:00,28.240,28.120,28.630,28.480,27486,25831180.00
2015-02-04 00:00:00,28.540,28.060,28.570,28.090,28343,26560310.00
2015-02-05 00:00:00,28.330,27.850,28.360,27.910,36328,33725700.00
2015-02-06 00:00:00,27.910,26.890,27.910,26.980,39821,36000330.00
2015-02-09 00:00:00,26.950,26.710,27.190,27.010,25165,22405850.00
2015-02-10 00:00:00,27.130,26.920,27.280,27.280,21386,19168770.00
2015-02-11 00:00:00,27.280,27.190,27.520,27.310,21730,19672470.00
2015-02-12 00:00:00,27.430,27.340,27.790,27.700,28797,26240720.00
2015-02-13 00:00:00,27.700,27.700,28.330,28.150,31956,29749160.00
2015-02-16 00:00:00,28.240,28.000,28.570,28.480,28241,26565030.00
2015-02-17 00:00:00,28.600,28.060,28.630,28.330,22854,21401760.00
2015-02-25 00:00:00,28.330,28.000,28.600,28.420,30593,28630110.00
2015-02-26 00:00:00,28.420,28.300,28.840,28.840,38461,36472050.00
2015-02-27 00:00:00,28.870,28.870,29.440,29.260,48623,47104640.00
2015-03-02 00:00:00,29.770,29.500,30.730,30.280,99836,99720560.00
2015-03-03 00:00:00,30.190,29.920,30.550,29.950,72510,72650220.00
2015-03-04 00:00:00,29.890,29.830,30.310,30.160,54585,54345180.00
2015-03-05 00:00:00,30.310,30.160,31.270,31.270,95917,98102360.00
2015-03-06 00:00:00,31.480,30.490,31.540,30.550,64703,65961440.00
2015-03-09 00:00:00,30.550,30.040,30.640,30.490,50097,50364580.00
2015-03-10 00:00:00,30.490,30.490,31.210,30.610,48558,49640460.00
2015-03-11 00:00:00,30.610,30.370,30.880,30.640,40539,41075960.00
2015-03-12 00:00:00,30.730,30.400,31.090,30.520,46794,47615210.00
2015-03-13 00:00:00,30.760,30.700,31.510,31.120,52077,53601020.00
2015-03-16 00:00:00,31.480,31.480,33.700,33.280,152042,165541900.00
2015-03-17 00:00:00,33.610,32.890,34.180,33.490,168032,186519700.00
2015-03-18 00:00:00,33.550,33.340,36.820,36.820,284646,335246200.00
2015-03-19 00:00:00,37.060,36.790,39.130,38.350,263327,332145400.00
2015-03-20 00:00:00,38.350,37.870,39.190,38.860,154339,197164100.00
2015-03-23 00:00:00,38.890,38.140,39.070,38.740,115287,147924300.00
2015-03-24 00:00:00,38.830,37.030,39.130,38.830,160582,203431600.00
2015-03-25 00:00:00,38.800,37.840,42.700,41.590,162212,220285000.00
2015-03-26 00:00:00,40.840,40.180,44.290,41.980,155131,218996600.00
2015-03-27 00:00:00,41.980,40.930,42.670,42.310,88400,122770400.00
2015-03-30 00:00:00,42.790,42.010,45.160,44.680,137694,198891600.00
2015-03-31 00:00:00,47.860,45.910,49.120,47.890,227143,359411300.00
2015-04-01 00:00:00,47.890,47.230,50.170,48.790,243913,397702600.00
2015-04-02 00:00:00,47.830,47.140,48.670,48.250,170873,270633900.00
2015-04-03 00:00:00,47.860,46.900,48.310,47.530,136733,215475800.00
2015-04-07 00:00:00,48.760,48.460,52.150,52.090,249840,416621900.00
2015-04-08 00:00:00,53.410,50.305,54.130,50.575,418209,481294700.00
2015-04-09 00:00:00,50.620,45.850,55.615,54.220,430777,482311700.00
2015-04-10 00:00:00,53.770,51.475,54.625,53.410,258055,305601600.00
2015-04-13 00:00:00,53.410,51.565,54.175,52.510,243128,282997300.00
2015-04-14 00:00:00,52.420,50.845,52.420,51.385,176987,201810600.00
2015-04-15 00:00:00,51.385,47.830,51.385,48.415,160832,176248800.00
2015-04-16 00:00:00,47.605,46.030,50.170,47.920,160834,172453100.00
2015-04-17 00:00:00,48.460,47.470,49.405,48.640,154975,165947600.00
2015-04-20 00:00:00,48.550,46.705,48.550,46.795,175450,184114300.00
2015-04-21 00:00:00,46.975,46.975,49.270,49.270,125922,133541300.00
2015-04-22 00:00:00,49.270,48.820,52.600,51.700,255052,288345400.00
2015-04-23 00:00:00,51.520,50.620,52.510,51.070,200626,228041200.00
2015-04-24 00:00:00,50.170,49.315,50.710,50.125,167730,185666800.00
2015-04-27 00:00:00,52.015,50.170,52.510,52.195,349637,400808400.00
2015-04-28 00:00:00,57.415,57.415,57.415,57.415,129914,165120800.00
2015-04-29 00:00:00,58.720,54.985,60.880,55.615,698140,883837300.00
2015-04-30 00:00:00,56.695,56.695,61.150,61.150,579571,765460900.00
2015-05-04 00:00:00,64.975,61.870,67.225,66.820,599479,873805700.00
2015-05-05 00:00:00,65.965,61.105,65.965,63.445,452337,635833500.00
2015-05-06 00:00:00,62.545,57.910,63.175,59.260,386399,518223000.00
2015-05-07 00:00:00,57.820,53.365,57.820,53.725,269387,332743600.00
2015-05-08 00:00:00,54.535,54.535,59.080,59.080,531735,685335200.00
2015-05-11 00:00:00,60.745,59.080,64.975,64.120,590048,818287000.00
2015-05-12 00:00:00,65.020,62.905,67.405,65.245,417255,606979800.00
2015-05-13 00:00:00,64.120,62.320,66.775,64.840,301543,428583600.00
2015-05-14 00:00:00,64.840,63.175,66.370,64.435,231389,330127000.00
2015-05-15 00:00:00,63.220,58.765,63.940,60.745,271038,366015700.00
2015-05-18 00:00:00,60.610,59.395,64.615,62.905,232335,321989200.00
2015-05-19 00:00:00,61.870,61.465,69.160,69.160,411855,608343900.00
2015-05-20 00:00:00,71.500,71.005,76.045,72.760,429829,701832700.00
2015-05-21 00:00:00,73.030,71.320,75.910,74.695,320830,524953700.00
2015-05-22 00:00:00,74.650,72.220,78.205,74.290,249994,413550800.00
2015-05-25 00:00:00,72.220,70.105,74.920,73.300,313689,504273900.00
2015-05-26 00:00:00,73.120,72.715,80.545,78.790,375797,644082800.00
2015-05-27 00:00:00,78.520,75.325,80.185,75.820,285649,486481900.00
2015-05-28 00:00:00,75.865,68.260,76.675,68.260,286966,463347200.00
2015-05-29 00:00:00,67.090,63.220,72.130,69.385,210990,319676600.00
2015-06-01 00:00:00,72.310,72.130,75.010,73.030,177028,287014700.00
2015-06-02 00:00:00,73.165,71.410,74.785,74.740,237288,385890800.00
2015-06-03 00:00:00,75.010,73.570,78.070,77.305,279493,473936200.00
2015-06-04 00:00:00,77.440,72.220,78.745,76.495,239724,403816700.00
2015-06-05 00:00:00,77.170,75.955,83.920,82.345,405902,711237500.00
2015-06-08 00:00:00,79.195,76.720,81.175,77.485,381019,666806200.00
2015-06-09 00:00:00,76.180,74.605,77.485,75.505,200260,334928500.00
2015-06-10 00:00:00,75.595,74.020,78.430,77.035,191075,325570500.00
2015-06-11 00:00:00,77.035,74.470,77.395,75.640,212771,357936700.00
2015-06-12 00:00:00,75.505,74.515,76.900,76.270,212943,357524800.00
2015-06-15 00:00:00,75.820,71.320,75.820,72.310,228210,373798100.00
2015-06-16 00:00:00,70.420,66.820,71.095,67.540,153555,234843700.00
2015-06-17 00:00:00,69.025,65.830,72.085,72.085,170860,263165200.00
2015-06-18 00:00:00,72.220,71.230,76.180,73.300,190681,314957800.00
2015-06-19 00:00:00,70.825,66.145,72.040,66.370,118833,181106200.00
2015-06-23 00:00:00,66.820,60.070,68.845,68.665,115654,166933100.00
2015-06-24 00:00:00,69.070,67.180,70.825,69.160,114254,174560900.00
2015-06-25 00:00:00,69.880,64.795,70.330,65.920,114091,171366200.00
2015-06-26 00:00:00,63.985,59.350,65.020,59.350,132145,181012500.00
2015-06-29 00:00:00,61.285,53.770,63.130,57.550,257496,332680300.00
2015-06-30 00:00:00,57.820,51.835,61.600,59.620,191230,237979500.00
2015-07-01 00:00:00,59.215,57.280,63.715,59.395,187109,254848500.00
2015-07-02 00:00:00,60.880,54.985,61.285,56.785,170938,222214800.00
2015-07-03 00:00:00,55.120,51.115,57.595,51.115,159652,186494400.00
2015-07-06 00:00:00,56.200,46.030,56.200,46.030,132861,148203100.00
2015-07-07 00:00:00,41.755,41.440,41.980,41.440,18272,16749760.00
2015-08-05 00:00:00,45.580,45.580,45.580,45.580,31053,31301380.00
2015-08-06 00:00:00,50.125,48.505,50.125,50.125,216346,239525000.00
2015-08-07 00:00:00,51.970,49.270,52.825,50.485,362782,406310900.00
2015-08-10 00:00:00,51.070,49.720,53.770,52.780,313599,356680400.00
2015-08-11 00:00:00,51.790,51.025,52.690,51.790,252489,289591900.00
2015-08-12 00:00:00,50.980,50.305,51.790,50.440,146779,164787900.00
2015-08-13 00:00:00,49.945,49.495,51.295,51.250,130418,145900300.00
2015-08-14 00:00:00,51.925,50.575,52.195,51.025,174456,197568500.00
2015-08-17 00:00:00,50.935,50.710,53.095,52.690,186191,214460300.00
2015-08-18 00:00:00,52.690,47.965,55.120,49.630,299642,351504400.00
2015-08-19 00:00:00,47.830,45.355,52.375,52.240,175591,190094400.00
2015-08-20 00:00:00,51.520,48.865,51.745,48.865,140107,156509200.00
2015-08-21 00:00:00,47.380,44.005,48.460,44.230,125130,126908000.00
2015-08-24 00:00:00,41.620,39.820,41.620,39.820,101980,90149310.00
2015-08-25 00:00:00,35.860,35.860,36.670,35.860,69119,54810700.00
2015-08-26 00:00:00,35.320,32.305,37.030,32.305,168385,125526000.00
2015-08-27 00:00:00,32.395,29.650,33.970,32.170,146234,102955000.00
2015-08-28 00:00:00,32.935,32.530,35.365,35.365,150845,111910700.00
2015-08-31 00:00:00,35.545,33.205,35.680,33.250,109150,82965860.00
2015-09-01 00:00:00,33.205,29.965,33.250,29.965,109686,75174380.00
2015-09-02 00:00:00,27.580,27.490,31.000,28.120,76577,49014610.00
2015-09-07 00:00:00,29.155,28.660,30.550,29.155,80854,52900410.00
2015-09-08 00:00:00,29.470,28.930,31.720,31.540,84642,56409390.00
2015-09-09 00:00:00,32.125,31.720,33.295,32.980,127136,91442510.00
2015-09-10 00:00:00,32.080,31.945,32.845,32.080,84495,60363190.00
2015-09-11 00:00:00,31.990,31.630,32.575,32.260,73143,51848930.00
2015-09-14 00:00:00,32.620,29.065,32.800,29.065,92649,62737320.00
2015-09-15 00:00:00,27.625,26.365,28.345,26.500,73763,44374560.00
2015-09-16 00:00:00,26.995,26.500,29.110,29.110,87599,53753320.00
2015-09-17 00:00:00,29.020,28.435,30.145,28.435,99252,64300760.00
2015-09-18 00:00:00,28.615,28.615,29.470,29.245,79163,50760390.00
2015-09-21 00:00:00,29.155,28.885,32.170,32.170,177358,122738700.00
2015-09-22 00:00:00,33.295,32.845,35.365,35.365,347801,266335500.00
2015-09-23 00:00:00,35.590,33.745,35.590,34.150,261987,199270100.00
2015-09-24 00:00:00,33.970,32.170,34.600,34.150,168645,126087000.00
2015-09-25 00:00:00,33.385,31.180,33.790,31.675,138506,98943940.00
2015-09-28 00:00:00,32.305,31.270,33.070,32.980,88430,63044040.00
2015-09-29 00:00:00,32.125,31.585,32.395,31.855,72313,51036240.00
2015-09-30 00:00:00,32.170,31.720,32.440,31.990,51296,36348600.00
2015-10-08 00:00:00,33.250,32.575,33.745,33.430,94312,69374740.00
2015-10-09 00:00:00,33.115,33.070,34.285,34.240,121501,90774060.00
2015-10-12 00:00:00,34.690,34.690,37.660,37.660,113085,91189940.00
2015-10-13 00:00:00,39.865,39.820,41.395,41.395,364520,329184700.00
2015-10-14 00:00:00,41.350,40.585,43.600,41.080,342320,318210800.00
2015-10-15 00:00:00,41.080,39.820,43.330,42.880,246254,228632000.00
2015-10-16 00:00:00,43.015,43.015,47.155,47.155,289884,296075400.00
2015-10-19 00:00:00,48.955,48.910,51.835,51.835,318813,361353400.00
2015-10-20 00:00:00,52.690,50.215,57.010,57.010,358853,417481800.00
2015-10-21 00:00:00,57.820,53.815,62.230,54.940,433957,555272600.00
2015-10-22 00:00:00,54.220,52.870,60.430,60.430,464285,582844100.00
2015-10-23 00:00:00,61.825,58.945,65.380,62.140,419282,572757600.00
2015-10-26 00:00:00,59.260,56.965,61.195,57.010,336268,437426300.00
2015-10-27 00:00:00,56.830,54.355,62.680,62.680,344555,450700900.00
2015-10-28 00:00:00,61.015,57.730,62.770,58.720,221274,296468300.00
2015-10-29 00:00:00,58.090,57.775,64.525,60.790,234341,316376300.00
2015-10-30 00:00:00,59.440,58.720,64.480,61.015,253430,350869400.00
