Date,Open,Low,High,Close,Volume,Amount
1996-07-16 00:00:00,11.000,10.500,11.850,10.800,84633,93923000.00
1996-07-17 00:00:00,10.580,10.200,10.750,10.480,18779,19624000.00
1996-07-18 00:00:00,10.600,10.260,10.830,10.750,12175,12823000.00
1996-07-19 00:00:00,10.750,10.360,11.720,11.590,23624,26403000.00
1996-07-22 00:00:00,11.400,10.920,11.850,11.150,21440,24579000.00
1996-07-23 00:00:00,10.980,10.710,11.200,10.980,6063,6595000.00
1996-07-24 00:00:00,11.000,10.700,11.090,10.900,7113,7739000.00
1996-07-25 00:00:00,10.900,10.830,11.880,11.880,14665,16461000.00
1996-07-26 00:00:00,11.100,11.100,11.780,11.600,19458,22246000.00
1996-07-29 00:00:00,11.590,11.380,12.000,11.980,16597,19551000.00
1996-07-30 00:00:00,11.500,11.400,11.720,11.650,14905,17202000.00
1996-07-31 00:00:00,11.700,11.000,11.700,11.400,5183,5883000.00
1996-08-01 00:00:00,11.400,11.130,11.400,11.300,2202,2486000.00
1996-08-02 00:00:00,11.500,10.820,11.520,10.830,3127,3480000.00
1996-08-05 00:00:00,10.790,10.600,11.500,11.390,3094,3439000.00
1996-08-06 00:00:00,11.280,11.100,11.500,11.180,4769,5376000.00
1996-08-07 00:00:00,11.400,11.200,11.470,11.300,4886,5545000.00
1996-08-08 00:00:00,11.300,11.300,11.980,11.800,12431,14552000.00
1996-08-09 00:00:00,11.900,11.800,12.600,12.500,19127,23393000.00
1996-08-12 00:00:00,13.000,12.550,13.150,12.900,15136,19460000.00
1996-08-13 00:00:00,12.950,12.300,12.950,12.490,6233,7766000.00
1996-08-14 00:00:00,12.400,12.150,12.700,12.360,5404,6679000.00
1996-08-15 00:00:00,12.410,11.800,12.420,11.950,4742,5748000.00
1996-08-16 00:00:00,11.760,11.400,11.900,11.630,4400,5100000.00
1996-08-19 00:00:00,11.700,11.300,11.700,11.300,1934,2211000.00
1996-08-20 00:00:00,11.200,10.810,11.200,10.900,2732,3005000.00
1996-08-21 00:00:00,10.800,10.780,11.370,11.240,3669,4058000.00
1996-08-22 00:00:00,11.320,10.500,11.320,10.860,2630,2897000.00
1996-08-23 00:00:00,10.750,10.380,11.600,11.320,6362,7004000.00
1996-08-26 00:00:00,11.310,11.000,11.600,11.530,4800,5447000.00
1996-08-27 00:00:00,11.300,11.300,11.800,11.700,4265,4966000.00
1996-08-28 00:00:00,12.350,11.710,12.350,12.000,12829,15373000.00
1996-08-29 00:00:00,12.000,11.840,12.300,12.260,11323,13669000.00
1996-08-30 00:00:00,12.260,12.100,12.600,12.380,12580,15558000.00
1996-09-02 00:00:00,12.350,12.200,12.650,12.300,8850,10960000.00
1996-09-03 00:00:00,12.400,12.000,12.980,12.680,18246,22932000.00
1996-09-04 00:00:00,12.500,12.500,13.300,12.820,15738,20261000.00
1996-09-05 00:00:00,12.900,11.990,13.100,12.080,5690,7100000.00
1996-09-06 00:00:00,12.000,11.780,12.270,11.920,4288,5133000.00
1996-09-09 00:00:00,11.900,11.750,11.910,11.780,2581,3050000.00
1996-09-10 00:00:00,11.780,10.860,11.780,10.890,6221,6975000.00
1996-09-11 00:00:00,11.110,10.800,11.590,11.250,5847,6599000.00
1996-09-12 00:00:00,11.200,10.900,11.300,11.000,3534,3920000.00
1996-09-13 00:00:00,10.880,10.840,11.150,11.100,4681,5155000.00
1996-09-16 00:00:00,11.180,10.890,11.180,11.100,5264,5802000.00
1996-09-17 00:00:00,11.150,10.980,11.280,11.250,8891,9895000.00
1996-09-18 00:00:00,11.350,10.430,11.400,10.550,13702,14782000.00
1996-09-19 00:00:00,10.500,10.450,10.880,10.700,3947,4174000.00
1996-09-20 00:00:00,10.590,10.590,10.880,10.800,2659,2864000.00
1996-09-23 00:00:00,11.300,11.100,11.620,11.390,7635,8674000.00
1996-09-24 00:00:00,11.500,11.300,11.540,11.500,5637,6440000.00
1996-09-25 00:00:00,11.550,11.300,11.650,11.480,5780,6644000.00
1996-09-26 00:00:00,11.580,11.580,11.850,11.700,5736,6752000.00
1996-09-27 00:00:00,11.720,11.720,12.290,12.030,12190,14751000.00
1996-10-04 00:00:00,11.600,11.600,12.600,12.380,27577,33668000.00
1996-10-07 00:00:00,12.500,12.400,12.950,12.900,18880,24132000.00
1996-10-08 00:00:00,12.950,12.620,13.000,12.920,10631,13663000.00
1996-10-09 00:00:00,12.900,12.890,14.000,13.650,24575,33500000.00
1996-10-10 00:00:00,13.600,13.600,14.800,14.640,16253,23453000.00
1996-10-11 00:00:00,14.620,13.800,14.830,14.600,12024,17336000.00
1996-10-14 00:00:00,14.620,14.450,14.850,14.450,8533,12550000.00
1996-10-15 00:00:00,14.440,14.250,15.200,14.700,9034,13301000.00
1996-10-16 00:00:00,14.690,14.600,15.020,14.600,5398,8047000.00
1996-10-17 00:00:00,14.850,14.800,15.260,14.960,9610,14536000.00
1996-10-18 00:00:00,15.030,14.400,15.190,14.990,10119,15044000.00
1996-10-21 00:00:00,14.600,14.600,15.800,15.780,12378,18796000.00
1996-10-22 00:00:00,14.900,14.700,15.350,14.700,10657,16004000.00
1996-10-23 00:00:00,14.900,14.710,16.500,16.500,25425,39050000.00
1996-10-24 00:00:00,16.880,15.150,17.300,15.320,26288,42885000.00
1996-10-25 00:00:00,15.510,15.400,16.000,15.450,16200,25289000.00
1996-10-28 00:00:00,15.000,15.000,15.900,15.610,6751,10572000.00
1996-10-29 00:00:00,15.700,15.500,16.660,16.000,12099,19456000.00
1996-10-30 00:00:00,16.000,15.720,16.700,15.990,10221,16463000.00
1996-10-31 00:00:00,16.000,15.650,16.330,15.650,7593,12124000.00
1996-11-01 00:00:00,15.650,15.050,15.700,15.200,3008,4623000.00
1996-11-04 00:00:00,15.200,14.900,15.350,15.350,1918,2915000.00
1996-11-05 00:00:00,15.350,14.900,15.350,14.950,2424,3660000.00
1996-11-06 00:00:00,14.900,14.800,15.200,14.850,1242,1859000.00
1996-11-07 00:00:00,15.020,14.900,15.210,15.160,1146,1731000.00
1996-11-08 00:00:00,15.200,15.000,16.000,15.840,8591,13430000.00
1996-11-11 00:00:00,16.000,15.700,17.500,16.550,8825,14274000.00
1996-11-12 00:00:00,16.650,16.300,18.080,17.800,14913,25733000.00
1996-11-13 00:00:00,17.780,17.760,19.500,18.750,17140,31531000.00
1996-11-14 00:00:00,18.660,17.900,19.550,18.400,15697,28681000.00
1996-11-15 00:00:00,18.300,17.000,18.350,17.990,11149,19657000.00
1996-11-18 00:00:00,17.900,17.200,18.500,17.900,10845,19097000.00
1996-11-19 00:00:00,17.900,17.500,18.500,18.350,12471,22621000.00
1996-11-20 00:00:00,18.100,18.000,18.950,18.550,13272,24645000.00
1996-11-21 00:00:00,18.600,17.200,19.000,17.350,13747,25484000.00
1996-11-22 00:00:00,17.000,15.800,17.650,17.650,5912,9846000.00
1996-11-25 00:00:00,17.140,17.140,18.580,17.690,5615,9941000.00
1996-11-26 00:00:00,17.800,16.900,17.900,17.160,5244,9035000.00
1996-11-27 00:00:00,17.000,16.700,17.310,16.780,3888,6580000.00
1996-11-28 00:00:00,16.780,16.680,17.500,17.300,9809,16755000.00
1996-11-29 00:00:00,17.350,17.000,17.850,17.160,5870,10264000.00
1996-12-02 00:00:00,17.300,16.750,17.700,16.860,4290,7300000.00
1996-12-03 00:00:00,16.960,16.800,17.300,17.180,3376,5743000.00
1996-12-04 00:00:00,17.500,17.180,18.900,18.680,33779,61372000.00
1996-12-05 00:00:00,18.800,18.110,19.000,18.800,19693,36605000.00
1996-12-06 00:00:00,18.780,18.300,18.800,18.550,6776,12514000.00
1996-12-09 00:00:00,18.800,18.200,18.820,18.480,11722,21624000.00
1996-12-10 00:00:00,18.500,18.400,20.500,19.830,19847,38084000.00
1996-12-11 00:00:00,20.000,19.950,23.600,23.400,40828,87817000.00
1996-12-12 00:00:00,22.900,21.300,23.400,22.150,25451,57415000.00
1996-12-13 00:00:00,22.000,20.200,22.000,20.250,12760,27214000.00
1996-12-16 00:00:00,18.190,18.190,18.190,18.190,691,1256000.00
1996-12-17 00:00:00,16.370,16.370,16.370,16.370,1541,2522000.00
1996-12-18 00:00:00,14.730,14.730,18.000,16.990,17754,28322000.00
1996-12-19 00:00:00,16.960,15.290,17.200,15.290,18301,28751000.00
1996-12-20 00:00:00,13.800,13.760,15.100,13.760,10702,15018000.00
1996-12-23 00:00:00,14.960,13.530,14.960,14.500,7185,10289000.00
1996-12-24 00:00:00,14.900,13.860,15.380,13.860,9404,13887000.00
1996-12-25 00:00:00,14.010,13.850,15.350,15.350,15007,22291000.00
1996-12-26 00:00:00,15.700,15.300,16.360,15.730,8635,13730000.00
1996-12-27 00:00:00,16.500,15.800,16.500,16.340,19173,31091000.00
1996-12-30 00:00:00,16.480,15.700,17.500,17.420,35390,58639000.00
1996-12-31 00:00:00,16.900,15.800,17.180,16.200,21500,35601000.00
1997-01-02 00:00:00,16.180,16.010,17.000,16.670,13886,23126000.00
1997-01-03 00:00:00,16.670,16.280,17.090,16.550,12455,20912000.00
1997-01-06 00:00:00,16.490,15.900,16.950,15.920,8132,13355000.00
1997-01-07 00:00:00,15.720,15.600,16.480,16.390,5523,8890000.00
1997-01-08 00:00:00,16.500,16.080,16.500,16.220,3252,5290000.00
1997-01-09 00:00:00,16.460,16.280,16.980,16.590,5155,8493000.00
1997-01-10 00:00:00,16.780,16.000,17.500,17.500,11731,19577000.00
1997-01-13 00:00:00,18.500,17.000,18.500,17.600,14762,26211000.00
1997-01-14 00:00:00,17.300,16.800,17.590,17.030,6562,11241000.00
1997-01-15 00:00:00,17.000,16.850,17.300,17.100,2556,4375000.00
1997-01-16 00:00:00,17.100,16.800,17.450,17.180,3134,5342000.00
1997-01-17 00:00:00,17.000,17.000,17.400,17.200,3333,5745000.00
1997-01-20 00:00:00,17.500,17.100,17.500,17.300,3674,6368000.00
1997-01-21 00:00:00,17.400,17.200,17.450,17.280,3294,5707000.00
1997-01-22 00:00:00,17.250,17.100,17.600,17.580,7879,13734000.00
1997-01-23 00:00:00,17.580,17.500,17.980,17.630,4632,8179000.00
1997-01-24 00:00:00,17.600,17.500,17.990,17.800,4248,7518000.00
1997-01-27 00:00:00,17.800,17.600,18.050,18.020,6813,12228000.00
1997-01-28 00:00:00,18.040,17.800,18.090,17.930,4186,7522000.00
1997-01-29 00:00:00,17.950,17.400,18.020,17.610,3981,7113000.00
1997-01-30 00:00:00,17.600,17.310,17.640,17.380,2744,4796000.00
1997-01-31 00:00:00,17.210,17.200,17.500,17.290,4595,7974000.00
1997-02-17 00:00:00,17.160,16.900,17.550,17.450,1971,3388000.00
1997-02-18 00:00:00,17.000,15.710,17.350,15.740,6724,10914000.00
1997-02-19 00:00:00,16.010,16.010,16.880,16.830,4298,7162000.00
1997-02-20 00:00:00,15.150,15.150,18.050,17.660,11941,20085000.00
1997-02-21 00:00:00,17.500,17.500,17.920,17.700,2789,4911000.00
1997-02-24 00:00:00,17.980,17.700,19.470,19.470,11841,22648000.00
1997-02-25 00:00:00,19.900,19.900,20.500,20.250,9213,18474000.00
1997-02-26 00:00:00,19.800,19.780,20.390,20.230,4509,9077000.00
1997-02-27 00:00:00,20.300,20.200,21.600,20.970,22239,47100000.00
1997-02-28 00:00:00,21.100,20.200,21.500,20.950,4223,8794000.00
1997-03-03 00:00:00,21.680,20.600,21.860,21.420,19835,42219000.00
1997-03-04 00:00:00,20.750,20.700,21.500,20.920,4499,9466000.00
1997-03-05 00:00:00,20.880,20.300,21.000,20.660,2780,5794000.00
1997-03-06 00:00:00,20.900,20.660,21.200,20.990,1561,3257000.00
1997-03-07 00:00:00,20.980,20.000,21.000,20.100,5647,11436000.00
1997-03-10 00:00:00,20.500,20.000,20.600,20.460,1605,3254000.00
1997-03-11 00:00:00,20.500,20.180,20.850,20.800,3219,6562000.00
1997-03-12 00:00:00,20.850,20.400,21.000,20.740,3727,7737000.00
1997-03-13 00:00:00,20.900,20.500,21.300,21.280,5440,11433000.00
1997-03-14 00:00:00,21.360,20.650,22.200,22.200,9135,19562000.00
1997-03-17 00:00:00,22.480,21.300,22.800,22.000,9586,20932000.00
1997-03-18 00:00:00,21.800,21.300,22.650,21.600,5103,11112000.00
1997-03-19 00:00:00,21.850,21.150,21.990,21.800,5071,10879000.00
1997-03-20 00:00:00,21.570,20.800,22.500,21.000,5806,12746000.00
1997-03-21 00:00:00,20.600,20.600,22.000,21.990,2432,5188000.00
1997-03-24 00:00:00,22.000,21.500,22.450,22.450,9096,19993000.00
1997-03-25 00:00:00,22.300,21.200,22.300,21.600,2731,5915000.00
1997-03-26 00:00:00,21.500,21.500,22.000,21.870,3333,7278000.00
1997-03-27 00:00:00,21.870,21.870,23.480,23.270,12484,28425000.00
1997-03-28 00:00:00,23.600,22.650,23.990,22.950,4051,9423000.00
1997-03-31 00:00:00,23.450,22.750,23.450,22.950,2283,5251000.00
1997-04-01 00:00:00,22.800,22.000,23.000,22.900,4124,9446000.00
1997-04-02 00:00:00,22.850,22.410,23.110,22.730,4031,9207000.00
1997-04-03 00:00:00,23.000,23.000,24.950,24.940,13560,32645000.00
1997-04-04 00:00:00,25.000,23.500,25.150,23.950,3633,8748000.00
1997-04-07 00:00:00,23.600,22.610,24.500,24.200,6607,15679000.00
1997-04-08 00:00:00,24.300,23.000,24.600,23.380,7199,17029000.00
1997-04-09 00:00:00,23.000,23.000,24.000,23.500,3097,7275000.00
1997-04-10 00:00:00,24.000,23.650,25.200,24.220,6682,16457000.00
1997-04-11 00:00:00,21.800,21.800,24.450,23.450,3397,8014000.00
1997-04-14 00:00:00,24.700,22.800,25.200,24.490,10633,25775000.00
1997-04-15 00:00:00,24.200,23.510,24.900,23.900,6315,15255000.00
1997-04-16 00:00:00,24.000,23.750,24.500,24.110,8636,20723000.00
1997-04-17 00:00:00,24.200,24.200,25.760,25.700,22188,55999000.00
1997-04-18 00:00:00,26.800,25.000,26.990,25.110,12423,31574000.00
1997-04-21 00:00:00,26.000,24.910,26.000,25.300,11470,28860000.00
1997-04-22 00:00:00,25.500,24.800,25.500,24.980,6667,16640000.00
1997-04-23 00:00:00,25.150,24.900,26.200,26.000,10297,26411000.00
1997-04-24 00:00:00,25.980,25.600,27.000,27.000,15546,41497000.00
1997-04-25 00:00:00,27.200,27.200,29.600,28.500,18124,51671000.00
1997-04-28 00:00:00,29.000,28.600,31.200,30.690,13001,38635000.00
1997-04-29 00:00:00,31.400,27.650,31.400,28.800,11855,34789000.00
1997-04-30 00:00:00,27.900,27.900,29.400,28.980,6417,18477000.00
1997-05-05 00:00:00,29.300,29.300,30.000,29.740,10269,30504000.00
1997-05-06 00:00:00,30.000,29.600,31.750,30.900,14726,45011000.00
1997-05-07 00:00:00,31.000,30.000,31.000,30.520,7767,23711000.00
1997-05-08 00:00:00,30.400,28.600,31.500,29.600,10281,31246000.00
1997-05-09 00:00:00,29.400,29.310,30.500,30.460,7362,22055000.00
1997-05-12 00:00:00,32.000,30.420,32.650,30.890,7787,24017000.00
1997-05-13 00:00:00,30.800,29.500,30.800,30.130,5157,15526000.00
1997-05-14 00:00:00,29.800,28.800,30.000,29.020,4294,12615000.00
1997-05-15 00:00:00,28.600,28.460,29.940,29.750,2886,8375000.00
1997-05-16 00:00:00,28.000,26.830,29.400,26.990,5421,15182000.00
1997-05-19 00:00:00,26.900,26.700,28.230,28.100,2714,7440000.00
1997-05-20 00:00:00,28.490,28.450,29.650,29.010,5894,17186000.00
1997-05-21 00:00:00,28.800,27.500,28.980,28.390,5876,16735000.00
1997-05-22 00:00:00,25.550,25.550,27.500,25.550,7387,19283000.00
1997-05-23 00:00:00,25.600,25.600,27.480,27.000,5387,14366000.00
1997-05-26 00:00:00,27.520,26.400,28.200,27.640,7150,19601000.00
1997-05-27 00:00:00,27.800,27.650,28.790,28.680,8411,23711000.00
1997-05-29 00:00:00,31.300,28.000,31.300,28.220,3260,9338000.00
1997-05-30 00:00:00,28.500,27.700,28.650,28.200,2831,7949000.00
1997-06-02 00:00:00,28.500,27.950,28.900,28.900,4446,12674000.00
1997-06-03 00:00:00,29.000,28.200,29.000,28.300,2836,8078000.00
1997-06-04 00:00:00,28.330,28.150,28.800,28.400,2293,6525000.00
1997-06-05 00:00:00,28.500,28.300,29.300,29.210,3675,10522000.00
1997-06-06 00:00:00,27.650,26.600,28.210,27.190,4411,12201000.00
1997-06-09 00:00:00,27.140,26.700,27.400,26.960,1486,3984000.00
1997-06-10 00:00:00,27.000,26.500,27.300,26.670,1224,3296000.00
1997-06-11 00:00:00,26.550,24.050,26.550,25.230,1948,4886000.00
1997-06-12 00:00:00,25.350,25.000,25.520,25.050,1413,3563000.00
1997-06-13 00:00:00,24.050,23.080,26.500,26.160,2676,6877000.00
1997-06-16 00:00:00,26.500,26.500,26.950,26.690,1201,3215000.00
1997-06-17 00:00:00,26.980,26.260,26.980,26.500,1102,2917000.00
1997-06-18 00:00:00,26.490,26.000,26.490,26.090,611,1602000.00
1997-06-19 00:00:00,26.400,25.900,26.500,25.910,1005,2627000.00
1997-06-20 00:00:00,26.000,26.000,27.490,27.250,2512,6772000.00
1997-06-23 00:00:00,27.500,26.000,28.310,27.220,3785,10376000.00
1997-06-24 00:00:00,27.450,27.300,28.800,28.600,4733,13315000.00
1997-06-25 00:00:00,28.600,28.300,29.300,28.600,5019,14453000.00
1997-06-26 00:00:00,28.490,28.000,28.800,28.670,2181,6197000.00
1997-06-27 00:00:00,28.700,28.700,30.200,29.310,11766,34898000.00
1997-07-02 00:00:00,30.000,26.800,30.600,28.850,3733,10703000.00
1997-07-03 00:00:00,28.800,27.300,28.800,27.370,2453,6805000.00
1997-07-04 00:00:00,27.000,26.200,27.600,27.460,1879,5109000.00
1997-07-07 00:00:00,27.000,25.000,28.000,25.350,2379,6249000.00
1997-07-08 00:00:00,25.330,25.000,26.500,26.300,1893,4868000.00
1997-07-09 00:00:00,26.500,25.920,26.790,26.390,1438,3759000.00
1997-07-10 00:00:00,26.020,26.020,26.760,26.360,1250,3317000.00
1997-07-11 00:00:00,26.240,26.010,27.380,27.260,1547,4112000.00
1997-07-14 00:00:00,27.350,27.350,28.100,27.710,1761,4889000.00
1997-07-15 00:00:00,27.500,27.000,27.740,27.240,1320,3584000.00
1997-07-16 00:00:00,27.150,26.700,27.150,26.830,1286,3460000.00
1997-07-17 00:00:00,26.850,26.850,28.100,27.380,1970,5446000.00
1997-07-18 00:00:00,27.700,27.450,28.000,27.980,1905,5269000.00
1997-07-21 00:00:00,28.080,27.200,28.200,27.390,1742,4823000.00
1997-07-22 00:00:00,28.150,28.000,29.500,28.650,7381,21087000.00
1997-07-23 00:00:00,29.000,27.800,29.200,27.900,3732,10575000.00
1997-07-24 00:00:00,28.000,27.150,28.000,27.200,2974,8148000.00
1997-07-25 00:00:00,26.900,26.000,26.900,26.200,4690,12363000.00
1997-07-28 00:00:00,26.280,23.580,26.280,23.940,5523,7315000.00
1997-07-29 00:00:00,23.400,22.500,24.480,23.562,2509,3279000.00
1997-07-30 00:00:00,23.400,23.040,24.120,24.120,3093,4012000.00
1997-07-31 00:00:00,23.832,23.832,24.354,24.210,2544,3420000.00
1997-08-01 00:00:00,24.300,23.580,24.300,23.724,2355,3110000.00
1997-08-04 00:00:00,23.760,23.400,24.084,23.922,3131,4121000.00
1997-08-05 00:00:00,23.580,23.580,24.300,23.832,2112,2792000.00
1997-08-06 00:00:00,23.850,23.058,23.850,23.112,2426,3158000.00
1997-08-07 00:00:00,23.130,22.284,23.130,23.040,2445,3086000.00
1997-08-08 00:00:00,23.400,22.410,23.400,22.428,2631,3300000.00
1997-08-11 00:00:00,22.302,20.916,22.302,21.330,3774,4464000.00
1997-08-12 00:00:00,21.258,21.240,22.500,21.960,3247,3966000.00
1997-08-13 00:00:00,21.870,21.384,22.410,21.420,1346,1631000.00
1997-08-14 00:00:00,21.420,21.420,21.690,21.600,1426,1709000.00
1997-08-15 00:00:00,22.122,21.204,22.140,21.240,1521,1820000.00
1997-08-18 00:00:00,21.330,19.440,21.330,20.052,1656,1863000.00
1997-08-19 00:00:00,20.052,19.530,20.430,19.656,1630,1796000.00
1997-08-20 00:00:00,18.900,18.900,19.800,19.728,1460,1560000.00
1997-08-21 00:00:00,19.728,19.728,21.654,21.384,4902,5762000.00
1997-08-22 00:00:00,21.600,20.844,21.960,21.384,3632,4350000.00
1997-08-25 00:00:00,21.384,21.384,22.482,22.050,2318,2813000.00
1997-08-26 00:00:00,21.960,21.330,22.356,21.672,2825,3415000.00
1997-08-27 00:00:00,21.636,21.330,21.636,21.384,2554,3037000.00
1997-08-28 00:00:00,22.500,21.870,23.526,23.526,11646,15016000.00
1997-08-29 00:00:00,23.760,23.724,25.560,24.282,18443,25011000.00
1997-09-01 00:00:00,23.490,23.040,23.760,23.256,6029,7852000.00
1997-09-02 00:00:00,23.040,22.860,23.580,23.184,3348,4321000.00
1997-09-03 00:00:00,23.040,23.040,23.670,23.490,3005,3898000.00
1997-09-04 00:00:00,23.670,23.220,23.760,23.760,3910,5111000.00
1997-09-05 00:00:00,23.760,23.526,23.940,23.616,2737,3610000.00
1997-09-08 00:00:00,23.580,23.040,23.580,23.310,2666,3446000.00
1997-09-09 00:00:00,22.500,22.500,23.580,22.878,2002,2563000.00
1997-09-10 00:00:00,22.824,22.410,22.860,22.716,1815,2281000.00
1997-09-11 00:00:00,22.752,22.716,23.364,23.040,1570,2013000.00
1997-09-12 00:00:00,22.824,22.266,22.950,22.302,1644,2057000.00
1997-09-15 00:00:00,21.780,21.240,22.014,21.240,1600,1918000.00
1997-09-16 00:00:00,21.240,21.150,21.690,21.312,922,1095000.00
1997-09-17 00:00:00,21.240,21.060,21.420,21.114,689,812000.00
1997-09-18 00:00:00,20.880,20.844,21.150,21.060,1267,1476000.00
1997-09-19 00:00:00,21.330,21.060,21.960,21.600,980,1171000.00
1997-09-22 00:00:00,21.600,19.980,21.600,20.160,1703,1951000.00
1997-09-23 00:00:00,19.800,18.162,19.800,18.252,1768,1874000.00
1997-09-24 00:00:00,19.800,18.432,19.800,19.764,2790,2986000.00
1997-09-25 00:00:00,19.980,19.080,20.196,19.656,1772,1946000.00
1997-09-26 00:00:00,19.584,19.062,19.584,19.278,1284,1371000.00
1997-09-29 00:00:00,19.170,18.198,20.160,19.620,4903,5307000.00
1997-09-30 00:00:00,20.700,19.890,21.726,21.726,7463,8680000.00
1997-10-06 00:00:00,21.330,20.574,21.582,21.528,4081,4822000.00
1997-10-07 00:00:00,21.420,20.628,21.420,20.970,804,932000.00
1997-10-08 00:00:00,21.330,20.700,21.492,21.312,1331,1573000.00
1997-10-09 00:00:00,21.330,20.700,21.330,20.880,905,1060000.00
1997-10-10 00:00:00,20.880,20.880,21.240,21.024,674,789000.00
1997-10-13 00:00:00,21.600,20.916,21.600,21.060,652,765000.00
1997-10-14 00:00:00,21.150,20.070,21.150,20.520,690,786000.00
1997-10-15 00:00:00,20.340,20.340,20.772,20.664,505,579000.00
1997-10-16 00:00:00,21.240,20.538,21.564,21.402,2497,2949000.00
1997-10-17 00:00:00,21.420,21.240,23.544,23.544,11769,15111000.00
1997-10-20 00:00:00,24.192,23.778,25.200,24.120,17348,23581000.00
1997-10-21 00:00:00,23.724,23.724,24.660,24.462,6397,8578000.00
1997-10-22 00:00:00,24.678,23.256,24.750,23.580,10048,13339000.00
1997-10-23 00:00:00,23.490,22.824,24.300,23.544,4532,5917000.00
1997-10-24 00:00:00,23.580,23.544,24.624,24.354,11963,16193000.00
1997-10-27 00:00:00,25.200,24.840,26.640,26.514,25642,37030000.00
1997-10-28 00:00:00,26.424,24.480,26.424,25.272,12790,18232000.00
1997-10-29 00:00:00,24.624,24.624,27.792,27.000,23154,34293000.00
1997-10-30 00:00:00,27.234,26.370,28.404,26.568,29198,44492000.00
1997-10-31 00:00:00,26.100,25.704,27.360,27.000,11844,17734000.00
1997-11-03 00:00:00,27.144,26.460,27.540,27.252,6057,9108000.00
1997-11-04 00:00:00,27.180,26.640,27.180,26.856,2908,4334000.00
1997-11-05 00:00:00,27.180,26.496,27.540,27.414,6820,10188000.00
1997-11-06 00:00:00,27.900,26.460,27.900,26.568,4138,6205000.00
1997-11-07 00:00:00,26.460,26.118,27.036,26.244,5987,8742000.00
1997-11-10 00:00:00,26.460,24.840,26.640,25.092,5589,7937000.00
1997-11-11 00:00:00,25.020,24.840,25.380,25.200,3733,5197000.00
1997-11-12 00:00:00,25.290,25.200,26.136,25.380,2743,3920000.00
1997-11-13 00:00:00,25.200,24.300,25.740,25.560,2329,3268000.00
1997-11-14 00:00:00,25.740,25.110,26.370,25.416,3430,4946000.00
1997-11-17 00:00:00,26.082,24.930,26.082,25.110,1152,1611000.00
1997-11-18 00:00:00,24.768,24.264,25.146,24.444,2776,3787000.00
1997-11-19 00:00:00,23.940,23.940,25.020,24.246,1508,2043000.00
1997-11-20 00:00:00,24.390,23.850,24.624,24.120,1325,1778000.00
1997-11-21 00:00:00,23.760,23.310,23.922,23.400,2889,3780000.00
1997-11-24 00:00:00,22.590,22.590,23.490,23.022,1477,1903000.00
1997-11-25 00:00:00,22.680,22.500,23.544,23.274,1334,1716000.00
1997-11-26 00:00:00,23.184,23.184,23.688,23.670,1175,1534000.00
1997-11-27 00:00:00,23.148,22.824,23.832,22.842,837,1079000.00
1997-11-28 00:00:00,22.644,22.302,23.274,23.274,1398,1760000.00
1997-12-01 00:00:00,23.364,22.770,23.382,22.860,920,1171000.00
1997-12-02 00:00:00,23.292,22.590,23.400,22.680,744,945000.00
1997-12-03 00:00:00,23.328,22.590,23.328,23.022,1237,1579000.00
1997-12-04 00:00:00,23.310,22.860,24.120,23.958,3162,4165000.00
1997-12-05 00:00:00,24.300,23.580,24.498,23.580,3191,4251000.00
1997-12-08 00:00:00,23.400,23.220,23.778,23.472,1655,2161000.00
1997-12-09 00:00:00,23.220,22.824,23.994,23.940,1721,2261000.00
1997-12-10 00:00:00,23.940,23.760,24.120,24.048,2854,3804000.00
1997-12-11 00:00:00,24.048,23.310,24.048,23.616,3434,4495000.00
1997-12-12 00:00:00,23.616,23.328,23.940,23.400,2676,3501000.00
1997-12-15 00:00:00,23.382,23.220,23.850,23.670,2363,3098000.00
1997-12-16 00:00:00,23.670,23.202,23.670,23.346,3098,4018000.00
1997-12-17 00:00:00,23.490,23.400,24.660,23.940,4982,6699000.00
1997-12-18 00:00:00,23.670,23.670,24.300,23.922,2394,3192000.00
1997-12-19 00:00:00,23.850,23.418,24.120,24.120,1948,2565000.00
1997-12-22 00:00:00,23.760,23.112,23.940,23.742,3786,4909000.00
1997-12-23 00:00:00,23.850,23.040,24.660,24.624,5075,6653000.00
1997-12-24 00:00:00,24.624,24.138,24.660,24.390,3646,4939000.00
1997-12-25 00:00:00,24.390,23.778,24.390,24.030,2152,2865000.00
1997-12-26 00:00:00,24.210,23.670,24.462,24.102,2855,3813000.00
1997-12-29 00:00:00,24.102,23.634,24.120,23.850,2518,3337000.00
1997-12-30 00:00:00,23.850,23.400,24.030,23.580,1806,2379000.00
1997-12-31 00:00:00,23.436,23.040,23.850,23.400,2613,3401000.00
1998-01-05 00:00:00,23.400,22.860,24.012,23.868,6319,8178000.00
1998-01-06 00:00:00,23.922,23.220,24.300,23.958,4948,6508000.00
1998-01-07 00:00:00,23.940,23.724,26.190,26.100,11800,16555000.00
1998-01-08 00:00:00,26.100,25.380,26.640,25.884,7129,10318000.00
1998-01-09 00:00:00,25.740,25.200,26.100,25.452,4895,6960000.00
1998-01-12 00:00:00,25.380,25.380,26.514,25.992,6228,9074000.00
1998-01-13 00:00:00,25.740,23.400,25.740,24.156,5395,7317000.00
1998-01-14 00:00:00,24.084,23.400,24.750,24.516,3861,5238000.00
1998-01-15 00:00:00,24.840,24.354,25.182,24.678,2937,4027000.00
1998-01-16 00:00:00,24.948,24.300,25.200,24.534,1808,2495000.00
1998-01-19 00:00:00,24.534,23.400,24.534,24.066,3131,4135000.00
1998-01-20 00:00:00,24.084,23.220,24.084,23.454,3554,4629000.00
1998-01-21 00:00:00,23.580,23.130,23.850,23.184,2188,2835000.00
1998-01-22 00:00:00,23.310,23.040,23.670,23.454,2059,2669000.00
1998-01-23 00:00:00,23.400,23.220,23.850,23.832,1582,2068000.00
1998-02-09 00:00:00,24.120,23.886,24.660,24.030,1851,2478000.00
1998-02-10 00:00:00,24.030,23.436,24.210,23.634,1263,1664000.00
1998-02-11 00:00:00,23.580,23.382,23.760,23.760,1978,2580000.00
1998-02-12 00:00:00,23.580,23.436,23.760,23.580,1955,2554000.00
1998-02-13 00:00:00,23.580,23.580,24.300,24.066,1520,2035000.00
1998-02-16 00:00:00,24.300,22.878,24.300,23.670,1781,2348000.00
1998-02-17 00:00:00,23.220,23.220,23.724,23.508,1327,1733000.00
1998-02-18 00:00:00,23.580,23.454,23.760,23.760,1187,1556000.00
1998-02-19 00:00:00,23.778,23.400,23.940,23.526,1242,1626000.00
1998-02-20 00:00:00,23.580,23.220,23.580,23.238,1282,1661000.00
1998-02-23 00:00:00,23.238,22.500,23.238,22.626,2023,2546000.00
1998-02-24 00:00:00,22.572,22.374,22.680,22.374,1253,1571000.00
1998-02-25 00:00:00,22.176,22.140,22.338,22.176,1001,1237000.00
1998-02-26 00:00:00,22.320,22.230,22.626,22.302,1153,1432000.00
1998-02-27 00:00:00,22.464,21.600,22.500,21.762,1561,1908000.00
1998-03-02 00:00:00,21.690,20.664,21.690,20.736,1999,2348000.00
1998-03-03 00:00:00,20.700,20.340,21.456,21.240,1284,1485000.00
1998-03-04 00:00:00,21.240,20.520,21.240,20.700,1628,1874000.00
1998-03-05 00:00:00,20.844,20.520,20.880,20.880,1128,1301000.00
1998-03-06 00:00:00,20.862,20.340,20.880,20.502,1176,1345000.00
1998-03-09 00:00:00,20.700,20.232,20.790,20.250,1010,1145000.00
1998-03-10 00:00:00,20.340,19.980,21.420,20.898,1727,1990000.00
1998-03-11 00:00:00,21.060,20.520,21.330,20.520,1348,1578000.00
1998-03-12 00:00:00,20.304,20.232,20.700,20.412,721,820000.00
1998-03-13 00:00:00,20.520,20.124,21.420,20.826,1406,1624000.00
1998-03-16 00:00:00,21.024,20.790,21.384,21.204,1090,1273000.00
1998-03-17 00:00:00,20.538,20.538,21.510,21.438,1649,1945000.00
1998-03-18 00:00:00,21.384,21.240,22.230,21.240,1944,2359000.00
1998-03-19 00:00:00,20.898,20.898,21.942,21.240,1211,1444000.00
1998-03-20 00:00:00,21.240,21.168,21.546,21.204,641,757000.00
1998-03-23 00:00:00,21.150,20.790,21.150,20.862,821,955000.00
1998-03-24 00:00:00,20.880,20.754,20.934,20.808,933,1078000.00
1998-03-25 00:00:00,20.934,20.880,21.780,20.970,814,954000.00
1998-03-26 00:00:00,20.916,20.250,20.916,20.376,1737,1980000.00
1998-03-27 00:00:00,20.340,19.980,20.880,20.736,1465,1665000.00
1998-03-30 00:00:00,20.790,20.376,21.312,21.204,2323,2702000.00
1998-03-31 00:00:00,21.150,21.150,22.680,21.690,5507,6738000.00
1998-04-01 00:00:00,22.194,21.276,22.194,21.636,2218,2656000.00
1998-04-02 00:00:00,21.240,21.240,21.870,21.636,2887,3469000.00
1998-04-03 00:00:00,21.636,20.340,22.374,22.338,4526,5488000.00
1998-04-06 00:00:00,22.500,22.230,22.950,22.608,6268,7895000.00
1998-04-07 00:00:00,22.500,22.140,22.554,22.194,2488,3085000.00
1998-04-08 00:00:00,22.194,21.780,22.500,22.284,3826,4689000.00
1998-04-09 00:00:00,21.258,20.484,21.870,21.384,7037,8322000.00
1998-04-10 00:00:00,21.600,20.880,21.960,21.960,7046,8392000.00
1998-04-13 00:00:00,22.320,22.320,23.742,23.400,12630,16276000.00
1998-04-14 00:00:00,23.400,22.860,24.264,23.040,6777,8875000.00
1998-04-15 00:00:00,23.076,22.770,23.400,22.968,3250,4149000.00
1998-04-16 00:00:00,22.968,22.788,23.490,23.400,3901,4999000.00
1998-04-17 00:00:00,23.400,22.482,23.400,22.752,2517,3198000.00
1998-04-20 00:00:00,22.338,21.924,22.428,22.086,1998,2447000.00
1998-04-21 00:00:00,21.906,21.870,22.374,22.122,1410,1736000.00
1998-04-22 00:00:00,22.050,21.960,22.410,22.392,2275,2809000.00
1998-04-23 00:00:00,22.536,22.050,22.680,22.140,2059,2538000.00
1998-04-24 00:00:00,22.176,21.798,22.176,21.816,3161,3859000.00
1998-04-27 00:00:00,21.816,21.438,22.680,22.536,3104,3770000.00
1998-04-28 00:00:00,22.410,22.320,23.040,22.914,2683,3383000.00
1998-04-29 00:00:00,23.040,22.680,23.346,22.860,1988,2528000.00
1998-04-30 00:00:00,23.040,22.284,23.040,22.500,2781,3485000.00
1998-05-04 00:00:00,22.644,22.590,23.850,23.796,9057,11749000.00
1998-05-05 00:00:00,23.796,23.580,25.110,24.372,16969,23064000.00
1998-05-06 00:00:00,24.372,24.120,25.020,24.660,9143,12462000.00
1998-05-07 00:00:00,25.020,23.940,25.020,23.940,9059,12444000.00
1998-05-08 00:00:00,23.724,23.400,25.020,24.858,9138,12490000.00
1998-05-11 00:00:00,25.110,24.318,25.686,24.318,8264,11555000.00
1998-05-12 00:00:00,24.300,23.580,24.516,24.192,3790,5089000.00
1998-05-13 00:00:00,23.940,23.940,24.624,24.444,3857,5206000.00
1998-05-14 00:00:00,23.940,23.940,24.840,24.624,3422,4655000.00
1998-05-15 00:00:00,24.570,24.336,25.200,24.714,5008,6904000.00
1998-05-19 00:00:00,24.714,23.670,25.164,24.156,1497,2038000.00
1998-05-20 00:00:00,23.940,23.670,24.300,23.742,2779,3685000.00
1998-05-21 00:00:00,23.850,23.760,24.300,24.120,1430,1910000.00
1998-05-22 00:00:00,24.480,24.390,25.020,24.768,2805,3843000.00
1998-05-25 00:00:00,24.768,24.120,25.290,25.200,4997,6920000.00
1998-05-26 00:00:00,25.740,24.624,25.884,24.750,4070,5709000.00
1998-05-27 00:00:00,24.822,24.660,25.506,25.488,7203,10028000.00
1998-05-28 00:00:00,25.560,24.876,25.686,25.182,3885,5451000.00
1998-05-29 00:00:00,25.290,24.516,25.380,24.660,4448,6152000.00
1998-06-01 00:00:00,24.660,24.480,25.020,24.768,3847,5300000.00
1998-06-02 00:00:00,25.020,24.750,25.740,25.200,4413,6171000.00
1998-06-03 00:00:00,25.470,24.894,25.650,25.038,3517,4890000.00
1998-06-04 00:00:00,25.002,24.300,25.002,24.480,3125,4282000.00
1998-06-05 00:00:00,24.498,24.120,24.750,24.318,2153,2928000.00
1998-06-08 00:00:00,24.390,24.030,24.804,24.300,2797,3807000.00
1998-06-09 00:00:00,24.804,23.400,25.146,23.904,4599,6210000.00
1998-06-10 00:00:00,23.742,23.400,24.300,23.994,3930,5198000.00
1998-06-11 00:00:00,24.048,23.418,24.210,23.580,2212,2930000.00
1998-06-12 00:00:00,24.138,23.760,24.480,24.372,3171,4241000.00
1998-06-15 00:00:00,24.480,23.670,24.498,23.688,1594,2122000.00
1998-06-16 00:00:00,23.400,22.500,23.418,22.986,1758,2246000.00
1998-06-17 00:00:00,23.580,22.590,24.264,23.004,1158,1496000.00
1998-06-18 00:00:00,23.058,22.878,23.400,22.950,1532,1960000.00
1998-06-19 00:00:00,23.040,22.950,24.300,24.228,5428,7225000.00
1998-06-22 00:00:00,24.210,23.958,25.200,25.164,4726,6492000.00
1998-06-23 00:00:00,25.164,24.750,25.290,25.074,3750,5219000.00
1998-06-24 00:00:00,25.056,22.698,26.190,26.118,13615,19464000.00
1998-06-25 00:00:00,26.064,25.200,26.172,25.524,5108,7296000.00
1998-06-26 00:00:00,25.524,25.254,26.424,25.290,4289,6177000.00
1998-06-29 00:00:00,25.290,24.390,25.380,24.750,2146,2981000.00
1998-06-30 00:00:00,25.002,24.516,27.000,25.092,6563,9284000.00
1998-07-01 00:00:00,25.758,23.220,25.830,24.660,2683,3693000.00
1998-07-02 00:00:00,24.444,23.922,24.660,24.444,1813,2441000.00
1998-07-03 00:00:00,24.156,24.138,25.020,24.642,1560,2140000.00
1998-07-06 00:00:00,24.660,24.336,25.164,24.444,1445,1989000.00
1998-07-07 00:00:00,24.210,23.922,24.390,23.994,1202,1611000.00
1998-07-08 00:00:00,24.300,24.084,24.300,24.174,872,1172000.00
1998-07-09 00:00:00,24.300,24.138,24.840,24.282,520,705000.00
1998-07-10 00:00:00,24.840,23.958,24.840,24.102,4859,6615000.00
1998-07-13 00:00:00,24.660,24.048,25.740,25.524,15742,21751000.00
1998-07-14 00:00:00,25.200,25.200,26.010,25.650,14389,20369000.00
1998-07-15 00:00:00,25.416,25.416,26.910,26.712,21114,30796000.00
1998-07-16 00:00:00,26.640,25.920,27.162,26.820,14711,21683000.00
1998-07-17 00:00:00,26.820,26.280,27.288,26.766,8582,12744000.00
1998-07-20 00:00:00,27.000,25.830,27.126,26.010,7944,11750000.00
1998-07-21 00:00:00,25.920,25.416,26.388,26.280,6218,8935000.00
1998-07-22 00:00:00,26.280,25.218,26.280,25.560,3945,5645000.00
1998-07-23 00:00:00,25.218,25.200,25.740,25.470,2479,3504000.00
1998-07-24 00:00:00,25.920,25.488,26.190,25.740,2563,3681000.00
1998-07-27 00:00:00,25.524,25.524,26.712,26.460,4412,6467000.00
1998-07-28 00:00:00,26.964,25.938,26.964,26.118,2874,4177000.00
1998-07-29 00:00:00,26.010,25.200,26.550,25.380,6891,9813000.00
1998-07-30 00:00:00,25.344,25.200,25.668,25.254,2460,3472000.00
1998-07-31 00:00:00,25.560,24.318,25.614,24.678,4776,6621000.00
1998-08-03 00:00:00,24.570,23.976,24.624,23.976,5643,7580000.00
1998-08-04 00:00:00,23.940,23.580,24.822,23.814,4016,5398000.00
1998-08-05 00:00:00,23.760,23.634,24.660,24.426,2892,3907000.00
1998-08-06 00:00:00,24.804,23.976,25.020,24.696,3257,4475000.00
1998-08-07 00:00:00,24.696,23.670,25.074,23.670,4025,5432000.00
1998-08-10 00:00:00,24.066,22.950,24.246,23.130,3845,4999000.00
1998-08-11 00:00:00,23.040,22.950,24.030,23.040,2323,3008000.00
1998-08-12 00:00:00,23.058,21.636,23.364,22.284,2614,3266000.00
1998-08-13 00:00:00,22.500,22.230,22.860,22.338,3741,4671000.00
1998-08-14 00:00:00,22.590,22.374,23.040,22.572,4419,5565000.00
1998-08-17 00:00:00,22.140,20.340,22.140,21.096,3864,4581000.00
1998-08-18 00:00:00,20.610,20.610,22.158,21.528,2754,3310000.00
1998-08-19 00:00:00,22.824,21.780,23.382,22.860,2265,2844000.00
1998-08-20 00:00:00,23.382,22.500,23.400,22.968,2503,3213000.00
1998-08-21 00:00:00,23.328,22.356,23.328,23.112,2592,3272000.00
1998-08-24 00:00:00,23.328,22.860,24.282,23.490,3303,4353000.00
1998-08-25 00:00:00,23.868,23.202,23.868,23.472,1542,2008000.00
1998-08-26 00:00:00,23.724,22.860,23.724,22.932,1761,2259000.00
1998-08-27 00:00:00,22.860,22.536,23.400,23.220,1763,2244000.00
1998-08-28 00:00:00,23.130,22.824,23.436,22.860,1134,1454000.00
1998-08-31 00:00:00,23.364,21.798,23.364,23.130,1247,1548000.00
1998-09-01 00:00:00,22.986,22.464,24.210,23.256,2608,3430000.00
1998-09-02 00:00:00,23.526,23.022,23.580,23.382,1068,1385000.00
1998-09-03 00:00:00,23.400,23.238,23.562,23.400,1087,1414000.00
1998-09-04 00:00:00,23.544,23.544,23.868,23.706,1576,2079000.00
1998-09-07 00:00:00,24.300,23.760,24.300,24.120,1511,2014000.00
1998-09-08 00:00:00,24.300,23.724,24.300,23.868,1799,2388000.00
1998-09-09 00:00:00,24.264,23.850,24.390,24.336,2266,3052000.00
1998-09-10 00:00:00,24.624,24.408,24.840,24.678,3447,4722000.00
1998-09-11 00:00:00,24.930,24.588,25.704,25.362,5563,7825000.00
1998-09-14 00:00:00,25.344,25.344,26.802,26.262,10489,15358000.00
1998-09-15 00:00:00,26.244,25.902,26.460,26.118,6739,9788000.00
1998-09-16 00:00:00,26.100,25.380,26.100,25.866,3792,5432000.00
1998-09-17 00:00:00,25.920,25.650,26.640,25.668,5366,7773000.00
1998-09-18 00:00:00,25.668,25.236,26.910,26.478,15075,22175000.00
1998-09-21 00:00:00,26.910,26.370,27.900,27.720,13142,20087000.00
1998-09-22 00:00:00,27.900,27.486,28.980,28.800,20732,32544000.00
1998-09-23 00:00:00,28.746,28.260,30.096,28.386,16855,27298000.00
1998-09-24 00:00:00,28.080,27.972,29.250,28.692,8883,14143000.00
1998-09-28 00:00:00,29.250,28.980,31.500,30.888,16487,27697000.00
1998-09-29 00:00:00,30.924,30.438,32.364,31.230,13867,24182000.00
1998-09-30 00:00:00,31.320,30.780,31.860,31.500,8189,14311000.00
1998-10-05 00:00:00,31.536,29.718,31.806,30.276,5309,9082000.00
1998-10-06 00:00:00,29.880,29.178,30.744,29.196,8626,14374000.00
1998-10-07 00:00:00,29.070,28.980,29.700,29.376,6878,11194000.00
1998-10-08 00:00:00,29.700,29.286,30.420,29.484,4082,6766000.00
1998-10-09 00:00:00,29.448,29.394,30.240,30.060,4689,7771000.00
1998-10-12 00:00:00,30.024,29.628,31.122,30.834,4308,7308000.00
1998-10-13 00:00:00,30.834,29.700,31.410,30.582,7134,12174000.00
1998-10-14 00:00:00,29.700,29.700,30.960,30.150,3142,5263000.00
1998-10-15 00:00:00,29.808,29.808,30.960,30.870,3689,6289000.00
1998-10-16 00:00:00,30.870,30.870,33.048,32.400,11955,21547000.00
1998-10-19 00:00:00,32.670,32.670,33.966,33.570,8640,16072000.00
1998-10-20 00:00:00,33.408,32.760,34.200,34.128,6832,12641000.00
1998-10-21 00:00:00,34.128,32.580,34.200,32.868,5521,10288000.00
1998-10-22 00:00:00,32.400,31.518,33.570,33.300,5553,10052000.00
1998-10-23 00:00:00,33.480,32.580,33.624,32.994,3547,6514000.00
1998-10-26 00:00:00,32.742,32.418,33.840,33.300,2417,4434000.00
1998-10-27 00:00:00,33.390,33.210,35.244,35.172,4938,9349000.00
1998-10-28 00:00:00,34.380,34.380,35.964,35.370,3899,7646000.00
1998-10-29 00:00:00,35.244,34.560,35.640,34.740,3975,7696000.00
1998-10-30 00:00:00,34.830,34.650,35.640,34.650,3049,5929000.00
1998-11-02 00:00:00,35.568,34.380,35.568,34.578,3179,6146000.00
1998-11-03 00:00:00,34.560,34.398,35.820,35.586,3220,6290000.00
1998-11-04 00:00:00,35.118,35.118,36.540,36.126,5704,11448000.00
1998-11-05 00:00:00,36.450,34.830,36.450,35.118,8357,16452000.00
1998-11-06 00:00:00,34.920,34.200,34.938,34.362,10896,20797000.00
1998-11-09 00:00:00,34.290,34.200,34.560,34.434,8553,16312000.00
1998-11-10 00:00:00,34.434,34.110,35.280,34.668,5018,9659000.00
1998-11-11 00:00:00,34.650,34.560,35.100,35.028,3192,6171000.00
1998-11-12 00:00:00,34.920,34.560,36.270,35.820,5494,10864000.00
1998-11-13 00:00:00,36.180,35.100,36.180,35.118,2162,4244000.00
1998-11-16 00:00:00,34.884,34.200,35.586,34.524,2400,4655000.00
1998-11-17 00:00:00,34.524,33.498,34.830,34.020,9456,17908000.00
1998-11-18 00:00:00,33.660,33.210,34.110,34.020,5618,10489000.00
1998-11-19 00:00:00,34.182,33.390,34.524,34.200,3360,6324000.00
1998-11-20 00:00:00,33.678,33.228,34.200,33.912,2311,4314000.00
1998-11-23 00:00:00,33.876,32.940,33.876,33.516,1611,2983000.00
1998-11-24 00:00:00,33.300,33.300,34.020,33.588,1640,3064000.00
1998-11-25 00:00:00,33.570,33.570,34.110,33.858,1149,2160000.00
1998-11-26 00:00:00,33.750,33.462,34.200,33.786,998,1874000.00
1998-11-27 00:00:00,33.660,33.480,34.164,33.768,1359,2548000.00
1998-11-30 00:00:00,33.660,32.760,33.840,32.760,885,1629000.00
1998-12-01 00:00:00,32.580,31.860,33.264,32.382,2177,3923000.00
1998-12-02 00:00:00,32.382,31.500,32.382,32.220,1734,3073000.00
1998-12-03 00:00:00,32.202,30.780,32.202,30.942,1491,2610000.00
1998-12-04 00:00:00,30.600,30.600,31.590,31.068,2022,3493000.00
1998-12-07 00:00:00,30.960,30.960,31.644,31.050,1066,1853000.00
1998-12-08 00:00:00,31.158,31.158,32.346,31.500,1090,1901000.00
1998-12-09 00:00:00,31.644,31.320,32.400,32.256,5104,9123000.00
1998-12-10 00:00:00,32.310,32.310,33.120,32.850,1797,3282000.00
1998-12-11 00:00:00,32.778,32.400,33.642,32.742,1170,2152000.00
1998-12-14 00:00:00,32.742,32.400,33.300,32.760,874,1593000.00
1998-12-15 00:00:00,32.670,31.554,32.940,32.400,1158,2075000.00
1998-12-16 00:00:00,32.400,32.040,32.850,32.400,1182,2136000.00
1998-12-17 00:00:00,32.670,30.762,32.670,30.942,2949,5190000.00
1998-12-18 00:00:00,31.320,30.960,31.950,31.410,5960,10414000.00
1998-12-21 00:00:00,31.410,30.744,31.500,30.762,1433,2474000.00
1998-12-22 00:00:00,30.762,30.420,31.140,31.068,2081,3559000.00
1998-12-23 00:00:00,31.050,30.330,31.410,30.600,1185,2031000.00
1998-12-24 00:00:00,30.600,29.556,30.690,30.060,1689,2808000.00
1998-12-25 00:00:00,29.520,29.520,30.564,30.222,516,864000.00
1998-12-28 00:00:00,30.330,28.908,30.420,29.808,670,1109000.00
1998-12-29 00:00:00,29.340,27.918,30.042,29.124,1124,1817000.00
1998-12-30 00:00:00,28.764,27.918,29.340,29.250,1989,3162000.00
1998-12-31 00:00:00,29.844,28.800,29.844,29.340,403,652000.00
1999-01-04 00:00:00,29.700,28.980,29.700,29.556,354,578000.00
1999-01-05 00:00:00,29.610,29.160,29.862,29.862,966,1578000.00
1999-01-06 00:00:00,29.700,29.520,30.744,30.222,671,1125000.00
1999-01-07 00:00:00,30.222,29.520,30.222,30.096,442,737000.00
1999-01-08 00:00:00,30.096,29.934,30.870,30.690,1170,1991000.00
1999-01-11 00:00:00,30.744,29.880,30.744,29.988,573,962000.00
1999-01-12 00:00:00,32.022,29.970,32.022,30.294,647,1086000.00
1999-01-13 00:00:00,30.618,29.790,30.690,30.294,933,1576000.00
1999-01-14 00:00:00,31.194,30.078,31.194,30.276,460,773000.00
1999-01-15 00:00:00,29.970,29.790,30.402,29.880,842,1402000.00
1999-01-18 00:00:00,30.600,29.700,30.600,30.546,756,1271000.00
1999-01-19 00:00:00,30.510,30.510,31.896,31.518,2780,4809000.00
1999-01-20 00:00:00,31.518,30.618,31.536,31.158,1122,1944000.00
1999-01-21 00:00:00,31.320,30.960,31.500,31.464,977,1694000.00
1999-01-22 00:00:00,31.932,31.554,32.220,32.040,1454,2587000.00
1999-01-25 00:00:00,31.860,31.410,31.878,31.824,977,1722000.00
1999-01-26 00:00:00,31.680,31.662,32.256,32.004,1029,1833000.00
1999-01-27 00:00:00,31.698,31.500,31.932,31.896,1050,1851000.00
1999-01-28 00:00:00,31.914,31.176,32.040,31.374,736,1301000.00
1999-01-29 00:00:00,32.040,31.320,32.040,31.770,704,1233000.00
1999-02-01 00:00:00,31.770,30.600,31.770,30.780,901,1551000.00
1999-02-02 00:00:00,30.600,30.024,30.960,30.042,4380,7388000.00
1999-02-03 00:00:00,30.402,29.142,30.402,29.268,756,1245000.00
1999-02-04 00:00:00,29.268,28.710,29.268,28.890,697,1118000.00
1999-02-05 00:00:00,29.484,28.458,29.484,29.160,1581,2518000.00
1999-02-08 00:00:00,28.710,28.710,32.040,29.790,1144,1909000.00
1999-02-09 00:00:00,31.194,30.582,31.986,31.770,2813,4879000.00
1999-03-01 00:00:00,31.860,30.600,32.310,31.500,2749,4851000.00
1999-03-02 00:00:00,31.500,30.960,31.680,31.500,614,1067000.00
1999-03-03 00:00:00,31.320,31.320,32.382,32.094,2400,4261000.00
1999-03-04 00:00:00,32.040,31.716,32.580,31.842,839,1495000.00
1999-03-05 00:00:00,32.040,31.860,32.328,31.986,1924,3432000.00
1999-03-08 00:00:00,32.400,32.004,33.750,33.570,4548,8340000.00
1999-03-09 00:00:00,33.840,33.840,34.740,34.344,4770,9067000.00
1999-03-10 00:00:00,34.740,33.966,34.920,34.236,2059,3916000.00
1999-03-11 00:00:00,34.200,34.200,35.280,34.866,8447,16358000.00
1999-03-15 00:00:00,34.578,34.110,35.280,34.902,2161,4162000.00
1999-03-16 00:00:00,34.920,34.560,35.928,35.136,3160,6179000.00
1999-03-17 00:00:00,34.920,34.290,35.100,34.902,3036,5864000.00
1999-03-18 00:00:00,34.560,34.560,35.964,35.928,6147,12099000.00
1999-03-19 00:00:00,36.000,35.928,39.528,38.250,11026,23267000.00
1999-03-22 00:00:00,38.250,37.746,39.960,37.872,11970,25811000.00
1999-03-23 00:00:00,38.520,37.044,38.610,37.386,5980,12483000.00
1999-03-24 00:00:00,37.440,37.404,38.268,37.782,6220,13038000.00
1999-03-25 00:00:00,37.791,37.674,38.680,38.446,5098,8322000.00
1999-03-26 00:00:00,38.493,37.908,39.125,38.376,4872,8035000.00
1999-03-29 00:00:00,37.908,37.346,38.797,37.651,6905,11180000.00
1999-03-30 00:00:00,37.557,37.440,38.610,38.587,4059,6591000.00
1999-03-31 00:00:00,38.189,38.189,39.733,39.406,7384,12336000.00
1999-04-01 00:00:00,39.406,38.844,40.856,40.599,9317,15830000.00
1999-04-02 00:00:00,40.622,39.452,41.067,40.225,6925,11915000.00
1999-04-05 00:00:00,40.014,39.195,40.248,39.780,3960,6709000.00
1999-04-06 00:00:00,39.663,39.265,39.780,39.569,3254,5479000.00
1999-04-07 00:00:00,39.499,39.499,40.693,40.669,4220,7270000.00
1999-04-08 00:00:00,40.716,39.967,41.348,40.646,3774,6515000.00
1999-04-09 00:00:00,40.482,39.757,40.950,40.108,5540,9483000.00
1999-04-12 00:00:00,40.014,39.803,40.880,40.154,4454,7672000.00
1999-04-13 00:00:00,40.037,39.991,40.716,40.201,2864,4923000.00
1999-04-14 00:00:00,40.248,40.248,42.120,41.839,8990,15869000.00
1999-04-15 00:00:00,41.933,40.950,42.307,41.465,4782,8466000.00
1999-04-16 00:00:00,41.184,41.067,41.886,41.839,3136,5552000.00
1999-04-19 00:00:00,41.652,40.482,41.652,40.903,5439,9503000.00
1999-04-20 00:00:00,40.716,40.248,41.418,40.295,2108,3657000.00
1999-04-21 00:00:00,40.365,39.967,41.161,40.388,5023,8676000.00
1999-04-22 00:00:00,40.248,39.663,40.435,40.365,4970,8476982.00
1999-04-23 00:00:00,40.014,39.757,40.950,40.154,2958,5065000.00
1999-04-26 00:00:00,43.290,37.510,43.290,39.920,3050,5175000.00
1999-04-27 00:00:00,39.944,36.270,39.944,36.644,3860,6320000.00
1999-04-28 00:00:00,37.440,36.972,38.961,38.610,7833,12785000.00
1999-04-29 00:00:00,38.610,38.376,39.078,38.844,1336,2216000.00
1999-04-30 00:00:00,37.440,37.440,40.950,40.903,3595,6152000.00
1999-05-04 00:00:00,40.248,39.312,41.816,40.154,4836,8244000.00
1999-05-05 00:00:00,40.084,40.084,41.371,40.973,3815,6661000.00
1999-05-06 00:00:00,40.365,40.248,41.535,41.371,1387,2438000.00
1999-05-07 00:00:00,40.482,40.271,41.184,41.067,1177,2050000.00
1999-05-10 00:00:00,40.482,38.610,40.482,38.633,1727,2884000.00
1999-05-11 00:00:00,39.429,38.984,39.757,39.569,712,1199000.00
1999-05-12 00:00:00,39.780,39.195,40.201,39.757,952,1618000.00
1999-05-13 00:00:00,39.780,38.657,39.780,39.406,3448,5782000.00
1999-05-14 00:00:00,39.429,37.697,39.429,38.821,667,1105000.00
1999-05-17 00:00:00,37.908,37.908,38.844,38.306,415,682000.00
1999-05-18 00:00:00,38.306,37.931,38.797,38.119,237,388000.00
1999-05-19 00:00:00,38.142,38.119,40.248,40.178,5812,9553000.00
1999-05-20 00:00:00,37.440,37.440,39.944,38.844,7151,11815000.00
1999-05-21 00:00:00,38.844,37.276,39.406,38.212,5891,9530000.00
1999-05-24 00:00:00,38.142,36.293,40.131,39.008,10254,17087000.00
1999-05-25 00:00:00,38.867,38.867,40.950,40.693,15561,26596000.00
1999-05-26 00:00:00,40.950,40.505,42.565,41.980,17669,31470000.00
1999-05-27 00:00:00,43.290,41.371,43.758,42.284,8550,15393000.00
1999-05-28 00:00:00,42.588,40.248,42.752,41.184,5771,10108000.00
1999-05-31 00:00:00,41.184,39.078,41.652,40.388,5536,9482000.00
1999-06-01 00:00:00,39.780,39.569,40.716,40.693,5561,9545000.00
1999-06-02 00:00:00,40.482,39.078,41.184,39.523,5308,9142000.00
1999-06-03 00:00:00,39.312,38.189,41.301,41.020,5759,9971000.00
1999-06-04 00:00:00,41.652,40.973,45.115,45.115,10962,20272000.00
1999-06-07 00:00:00,46.309,45.864,49.631,49.631,14721,30447000.00
1999-06-08 00:00:00,50.497,47.970,51.246,48.789,8736,18369000.00
1999-06-09 00:00:00,48.789,48.789,52.650,51.480,10155,22131000.00
1999-06-10 00:00:00,51.948,50.029,52.650,50.404,5066,10983000.00
1999-06-11 00:00:00,50.450,50.450,54.990,54.896,17991,40862000.00
1999-06-14 00:00:00,57.330,53.399,57.330,56.207,9901,23105000.00
1999-06-15 00:00:00,55.856,51.831,57.330,53.352,11825,27578000.00
1999-06-16 00:00:00,53.820,53.469,56.160,55.786,13472,31482000.00
1999-06-17 00:00:00,56.394,55.809,58.734,58.477,19628,48467000.00
1999-06-18 00:00:00,58.500,55.224,59.623,56.815,14385,34681000.00
1999-06-21 00:00:00,56.160,53.820,56.160,55.809,12683,29584000.00
1999-06-22 00:00:00,53.820,53.703,56.160,55.645,11930,27840000.00
1999-06-23 00:00:00,57.564,54.475,57.564,55.856,9349,22196000.00
1999-06-24 00:00:00,55.879,54.967,56.979,55.973,12219,29065000.00
1999-06-25 00:00:00,54.990,54.522,61.565,61.565,31560,80676000.00
1999-06-28 00:00:00,65.520,62.735,67.720,67.720,18936,53285000.00
1999-06-29 00:00:00,72.540,65.543,72.540,70.083,14473,42134000.00
1999-06-30 00:00:00,69.030,65.052,69.030,66.199,12969,36555000.00
1999-07-01 00:00:00,67.392,60.161,67.392,63.227,7963,21773000.00
1999-07-02 00:00:00,65.520,63.227,69.545,69.498,15231,42861000.00
1999-07-05 00:00:00,70.879,65.403,70.879,67.556,10225,29144000.00
1999-07-06 00:00:00,66.667,63.999,66.667,65.473,8823,24571000.00
1999-07-07 00:00:00,65.052,63.648,65.754,65.356,12268,33984000.00
1999-07-08 00:00:00,65.266,65.266,71.832,67.397,9346,24245000.00
1999-07-09 00:00:00,67.224,64.690,69.585,66.648,5782,14235000.00
1999-07-12 00:00:00,66.130,64.402,66.706,64.978,4050,9924000.00
1999-07-13 00:00:00,64.978,64.690,69.528,67.685,10332,26080000.00
1999-07-14 00:00:00,67.857,66.130,69.297,67.253,8271,20922000.00
1999-07-15 00:00:00,71.025,65.842,71.025,66.302,10358,26173000.00
1999-07-16 00:00:00,73.473,66.418,73.473,67.224,28260,71504000.00
1999-07-19 00:00:00,68.117,66.648,72.436,69.585,41821,108705000.00
1999-07-20 00:00:00,69.585,66.418,71.313,68.491,108085,274255000.00
1999-07-21 00:00:00,68.145,67.310,75.287,69.614,103041,270881000.00
1999-07-22 00:00:00,69.873,66.418,70.161,66.763,41093,103389000.00
1999-07-23 00:00:00,66.706,64.690,68.721,65.064,25057,62430000.00
1999-07-26 00:00:00,64.891,61.839,66.648,65.208,19197,46228000.00
1999-07-27 00:00:00,64.978,63.998,67.829,67.224,9986,24903000.00
1999-07-28 00:00:00,67.569,66.418,68.030,66.763,7843,19737000.00
1999-07-29 00:00:00,66.994,65.554,67.426,66.504,6666,16565000.00
1999-07-30 00:00:00,66.504,65.496,66.648,66.331,6453,15975000.00
1999-08-02 00:00:00,66.130,65.784,68.606,67.829,10691,26997000.00
1999-08-03 00:00:00,67.857,67.022,67.944,67.512,5048,12735000.00
1999-08-04 00:00:00,67.598,67.598,70.709,69.557,11220,29127000.00
1999-08-05 00:00:00,70.161,69.297,72.465,72.465,21941,58554000.00
1999-08-06 00:00:00,72.465,69.009,72.955,71.572,18627,49246000.00
1999-08-09 00:00:00,71.544,68.865,71.544,69.038,10444,27275000.00
1999-08-10 00:00:00,67.857,66.072,67.857,66.792,21498,53710000.00
1999-08-11 00:00:00,66.130,65.266,67.829,66.014,9949,24763000.00
1999-08-12 00:00:00,66.014,64.258,66.706,65.525,11000,26986000.00
1999-08-13 00:00:00,66.360,64.862,66.706,65.726,7350,18033000.00
1999-08-16 00:00:00,65.842,65.266,68.030,67.138,10116,25317000.00
1999-08-17 00:00:00,67.195,66.158,67.973,66.763,10552,26581000.00
1999-08-19 00:00:00,68.145,66.389,69.269,66.446,23418,59175000.00
1999-08-20 00:00:00,66.418,64.690,67.339,66.043,20151,49680000.00
1999-08-23 00:00:00,62.386,61.867,65.093,64.200,22022,52829000.00
1999-08-24 00:00:00,63.826,63.538,65.237,65.150,10876,26334000.00
1999-08-25 00:00:00,65.266,63.682,65.266,63.826,6396,15407000.00
1999-08-26 00:00:00,63.653,63.250,64.402,64.229,6183,14850000.00
1999-08-27 00:00:00,64.690,63.538,64.690,64.085,5272,12662000.00
1999-08-30 00:00:00,65.179,60.946,65.179,62.098,8319,19787000.00
1999-08-31 00:00:00,62.962,60.744,63.106,61.090,22206,51312000.00
1999-09-01 00:00:00,61.176,59.362,61.522,60.024,24292,54935000.00
1999-09-02 00:00:00,59.794,59.362,60.917,60.715,12599,28442000.00
1999-09-03 00:00:00,60.975,59.506,61.234,59.967,7299,16597000.00
1999-09-06 00:00:00,59.679,58.786,59.679,58.901,3801,8487000.00
1999-09-07 00:00:00,58.901,58.095,59.794,58.700,3295,7354000.00
1999-09-08 00:00:00,58.527,58.383,60.370,59.823,2377,5348000.00
1999-09-09 00:00:00,61.464,60.514,65.266,65.006,11479,27532000.00
1999-09-10 00:00:00,65.496,63.250,66.274,63.423,14571,35274000.00
1999-09-13 00:00:00,63.250,62.415,67.109,66.677,18364,45119000.00
1999-09-14 00:00:00,66.648,65.352,66.706,65.755,8338,20695000.00
1999-09-15 00:00:00,65.266,63.538,66.331,63.711,4470,10777000.00
1999-09-16 00:00:00,63.826,63.336,64.114,63.682,2080,4983000.00
1999-09-17 00:00:00,63.797,62.933,63.970,63.394,2686,6415000.00
1999-09-20 00:00:00,63.250,61.637,63.250,61.810,3288,7700000.00
1999-09-21 00:00:00,60.946,60.946,63.192,62.616,2072,4830000.00
1999-09-23 00:00:00,63.106,60.946,63.106,61.147,1895,4389000.00
1999-09-24 00:00:00,61.378,61.176,62.962,62.674,1951,4545000.00
1999-09-27 00:00:00,62.904,61.090,62.904,61.320,2196,5090000.00
1999-09-28 00:00:00,61.090,60.658,61.752,61.493,1929,4453000.00
1999-09-29 00:00:00,62.213,61.810,64.344,62.127,7292,17285000.00
1999-09-30 00:00:00,61.810,61.810,63.826,62.559,5025,11901000.00
1999-10-08 00:00:00,62.904,60.946,63.480,61.579,4160,9737000.00
1999-10-11 00:00:00,61.176,59.650,61.522,60.571,5802,13286000.00
1999-10-12 00:00:00,60.611,59.823,61.399,61.083,3311,4159000.00
1999-10-13 00:00:00,61.399,59.193,61.399,59.876,3283,4090000.00
1999-10-14 00:00:00,59.718,56.725,59.823,57.093,4454,5374000.00
1999-10-15 00:00:00,57.093,56.935,59.298,57.985,5512,6604000.00
1999-10-18 00:00:00,57.723,55.885,58.510,55.937,4793,5673000.00
1999-10-19 00:00:00,55.097,52.052,55.097,52.157,8187,9103000.00
1999-10-20 00:00:00,52.472,50.896,52.997,51.264,6096,6617000.00
1999-10-21 00:00:00,51.316,48.586,51.316,48.743,6463,6718000.00
1999-10-22 00:00:00,48.533,48.166,52.892,52.419,15005,16214000.00
1999-10-25 00:00:00,52.629,49.846,52.839,49.899,7141,7652000.00
1999-10-26 00:00:00,49.951,49.846,51.947,50.424,6210,6616000.00
1999-10-27 00:00:00,52.262,51.316,53.049,52.997,12135,13269000.00
1999-10-28 00:00:00,53.784,51.421,53.942,52.472,8316,9101000.00
1999-10-29 00:00:00,52.577,50.896,53.102,51.947,4373,4766000.00
1999-11-01 00:00:00,51.947,50.896,51.947,51.211,2194,2367000.00
1999-11-02 00:00:00,51.421,50.424,51.842,50.686,2605,2790000.00
1999-11-03 00:00:00,50.896,49.846,50.896,49.846,3561,3750000.00
1999-11-04 00:00:00,49.846,49.058,50.371,50.109,5306,5524000.00
1999-11-05 00:00:00,49.794,49.321,50.896,49.531,2749,2895000.00
1999-11-08 00:00:00,49.479,48.901,49.846,49.321,2642,2753000.00
1999-11-09 00:00:00,49.374,49.058,50.319,49.058,2884,2995000.00
1999-11-10 00:00:00,49.111,47.326,49.163,47.903,6145,6251000.00
1999-11-11 00:00:00,47.903,47.116,48.271,47.378,3409,3435000.00
1999-11-12 00:00:00,47.378,47.378,49.531,48.848,5613,5739000.00
1999-11-15 00:00:00,48.796,47.956,48.796,48.113,2143,2179000.00
1999-11-16 00:00:00,48.271,47.483,49.268,47.746,3059,3099000.00
1999-11-17 00:00:00,47.641,47.378,48.796,48.691,3489,3543000.00
1999-11-18 00:00:00,49.058,48.008,50.896,50.109,5768,6039000.00
1999-11-19 00:00:00,50.319,48.796,50.634,48.901,2953,3075000.00
1999-11-22 00:00:00,48.901,48.271,49.216,48.586,2928,3000000.00
1999-11-23 00:00:00,48.428,48.323,50.109,49.479,1990,2067000.00
1999-11-24 00:00:00,49.058,48.691,49.741,49.058,1650,1710000.00
1999-11-25 00:00:00,48.796,48.428,49.374,49.321,1499,1543000.00
1999-11-26 00:00:00,49.058,49.058,49.479,49.058,1721,1787000.00
1999-11-29 00:00:00,49.111,48.796,51.211,50.791,4569,4817000.00
1999-11-30 00:00:00,50.896,50.109,51.684,51.474,8291,8931000.00
1999-12-01 00:00:00,51.421,51.316,55.412,53.994,29949,33931000.00
1999-12-02 00:00:00,54.205,54.047,55.990,54.625,19605,22546000.00
1999-12-03 00:00:00,54.835,52.472,55.097,53.417,10749,12010000.00
1999-12-06 00:00:00,53.364,51.842,53.994,52.314,7398,8178000.00
1999-12-07 00:00:00,51.947,51.947,53.784,52.787,4703,5210000.00
1999-12-08 00:00:00,52.472,52.472,53.837,52.944,2736,3032000.00
1999-12-09 00:00:00,53.259,53.102,54.992,54.572,7618,8644000.00
1999-12-10 00:00:00,53.049,53.049,54.835,53.732,4140,4658000.00
1999-12-13 00:00:00,54.572,52.997,54.572,53.154,5301,5957000.00
1999-12-14 00:00:00,52.997,52.472,53.522,52.944,4069,4497000.00
1999-12-15 00:00:00,52.997,51.737,54.887,53.994,10090,11293000.00
1999-12-16 00:00:00,54.047,52.472,54.047,52.682,4743,5264000.00
1999-12-17 00:00:00,52.472,51.159,52.787,51.211,6931,7529000.00
1999-12-21 00:00:00,50.371,49.636,51.106,50.109,4260,4507000.00
1999-12-22 00:00:00,50.109,49.058,50.529,49.636,3232,3398000.00
1999-12-23 00:00:00,48.586,48.271,49.058,48.533,2583,2650000.00
1999-12-24 00:00:00,48.533,48.271,49.374,48.796,3016,3110000.00
1999-12-27 00:00:00,48.796,48.691,49.584,48.848,2953,3049000.00
1999-12-28 00:00:00,49.321,48.796,49.846,49.426,1634,1700000.00
1999-12-29 00:00:00,49.321,48.796,49.584,48.848,3592,3717000.00
1999-12-30 00:00:00,48.848,48.848,50.109,49.741,1576,1640000.00
2000-01-04 00:00:00,50.266,49.058,52.157,51.526,4964,5298000.00
2000-01-05 00:00:00,51.999,50.109,52.997,51.316,9651,10513000.00
2000-01-06 00:00:00,50.371,50.371,54.310,53.994,12412,13711000.00
2000-01-07 00:00:00,56.042,56.042,59.928,59.928,22145,27388000.00
2000-01-10 00:00:00,64.864,61.924,66.125,64.812,106344,140943000.00
2000-01-11 00:00:00,64.812,59.193,65.074,59.928,46779,60329000.00
2000-01-12 00:00:00,59.561,56.042,61.924,56.725,38068,46088000.00
2000-01-13 00:00:00,56.568,54.257,56.673,54.467,15582,17943000.00
2000-01-14 00:00:00,53.942,53.942,55.622,54.992,10604,12178000.00
2000-01-17 00:00:00,55.097,55.097,60.348,59.298,18899,22734000.00
2000-01-19 00:00:00,60.873,56.673,61.924,57.408,15746,19155000.00
2000-01-20 00:00:00,57.198,56.725,60.348,59.088,15771,19353000.00
2000-01-21 00:00:00,59.298,59.298,65.389,62.501,54313,70170000.00
2000-01-24 00:00:00,62.974,61.399,65.599,64.129,46813,61471000.00
2000-01-25 00:00:00,64.969,61.399,65.599,62.081,23404,30418000.00
2000-01-26 00:00:00,61.924,60.243,61.924,60.926,12954,16318000.00
2000-01-27 00:00:00,61.451,61.294,64.287,62.606,23546,30615000.00
2000-01-28 00:00:00,62.974,61.661,68.750,67.280,89637,121494000.00
2000-02-14 00:00:00,69.695,69.695,74.526,74.526,68334,103154000.00
2000-02-15 00:00:00,78.727,76.627,82.508,78.360,67921,112415000.00
2000-02-16 00:00:00,78.097,77.677,86.079,86.026,137780,229831000.00
2000-02-17 00:00:00,89.282,77.572,95.006,78.675,165986,288313000.00
2000-02-18 00:00:00,76.102,70.850,84.503,83.663,93906,146131000.00
2000-02-21 00:00:00,85.974,78.727,87.549,81.353,93844,158725000.00
2000-02-22 00:00:00,80.828,74.001,81.090,74.684,55831,89055000.00
2000-02-23 00:00:00,72.426,70.325,74.159,70.378,52612,77161000.00
2000-02-24 00:00:00,69.800,69.275,74.001,73.949,29856,44246000.00
2000-02-25 00:00:00,74.001,72.426,75.471,73.319,27827,41801000.00
2000-02-28 00:00:00,73.371,71.901,78.727,78.675,45110,69309000.00
2000-02-29 00:00:00,80.723,74.526,81.353,76.049,44014,69340000.00
2000-03-01 00:00:00,73.371,71.638,75.997,72.006,27925,41763000.00
2000-03-02 00:00:00,71.796,70.956,74.894,74.474,27374,40917000.00
2000-03-03 00:00:00,75.419,75.366,80.302,78.307,58862,93880000.00
2000-03-06 00:00:00,79.830,72.793,81.353,73.056,34951,54512000.00
2000-03-07 00:00:00,71.901,70.798,76.574,76.154,27680,41489000.00
2000-03-08 00:00:00,76.364,73.529,77.677,76.889,20529,31854000.00
2000-03-09 00:00:00,77.677,76.154,79.777,78.780,45309,72440000.00
2000-03-10 00:00:00,79.252,75.419,79.567,75.892,23731,37158000.00
2000-03-13 00:00:00,74.946,74.946,77.047,76.364,16574,25589000.00
2000-03-14 00:00:00,75.576,71.901,75.576,74.474,24252,36591000.00
2000-03-15 00:00:00,74.001,73.476,75.051,73.686,13625,20584000.00
2000-03-16 00:00:00,73.476,67.595,73.476,69.013,29438,42639000.00
2000-03-17 00:00:00,68.225,67.752,71.901,71.586,16984,24542000.00
2000-03-20 00:00:00,70.745,69.275,73.686,73.108,12506,18546000.00
2000-03-21 00:00:00,73.213,70.956,73.476,72.478,13341,19585000.00
2000-03-22 00:00:00,72.478,71.376,73.476,72.636,14225,21087000.00
2000-03-23 00:00:00,72.636,70.430,72.636,72.163,20287,29642000.00
2000-03-24 00:00:00,72.426,72.426,76.312,73.371,33261,50625000.00
2000-03-27 00:00:00,73.319,72.478,76.102,75.734,21849,33396000.00
2000-03-28 00:00:00,75.839,73.896,80.828,80.250,49657,77859000.00
2000-03-29 00:00:00,80.828,76.102,81.248,77.677,29898,47324000.00
2000-03-30 00:00:00,77.677,76.627,78.622,77.992,20755,32868000.00
2000-03-31 00:00:00,79.252,78.832,85.028,82.350,90332,149124000.00
2000-04-03 00:00:00,82.350,80.355,83.768,81.038,36585,60562000.00
2000-04-04 00:00:00,80.723,76.102,80.723,76.522,22560,35674000.00
2000-04-05 00:00:00,75.104,75.104,77.992,77.939,15863,24794000.00
2000-04-06 00:00:00,78.097,77.624,79.882,78.727,20669,32999000.00
2000-04-07 00:00:00,78.885,77.152,79.252,78.097,13370,21132000.00
2000-04-11 00:00:00,78.202,76.627,78.990,77.099,11823,18657000.00
2000-04-12 00:00:00,77.099,75.839,77.677,75.839,17377,27062000.00
2000-04-13 00:00:00,76.102,75.944,77.257,76.154,15875,24669000.00
2000-04-14 00:00:00,76.627,73.213,77.152,74.736,20146,30829000.00
2000-04-17 00:00:00,74.526,71.271,74.526,72.793,24591,36294000.00
2000-04-18 00:00:00,72.426,71.428,73.581,73.476,9038,13447000.00
2000-04-19 00:00:00,73.529,73.371,75.471,73.476,12715,19255000.00
2000-04-20 00:00:00,73.581,73.161,74.526,73.213,12208,18317000.00
2000-04-21 00:00:00,73.371,72.951,74.631,73.108,12815,19245000.00
2000-04-24 00:00:00,73.266,71.376,73.476,71.638,11523,16920000.00
2000-04-25 00:00:00,71.638,70.745,71.901,71.061,13473,19578000.00
2000-04-26 00:00:00,71.113,70.850,72.846,70.850,14608,21258000.00
2000-04-27 00:00:00,70.850,70.850,73.739,71.953,10844,15996000.00
2000-04-28 00:00:00,72.426,71.901,73.476,73.424,7809,11644000.00
2000-05-08 00:00:00,74.001,72.426,74.526,72.793,6340,9490000.00
2000-05-09 00:00:00,72.846,71.061,73.371,71.376,5656,8297000.00
2000-05-10 00:00:00,71.166,68.645,71.376,69.118,7415,10562000.00
2000-05-11 00:00:00,69.118,67.437,69.800,67.437,6814,9549000.00
2000-05-12 00:00:00,67.437,66.912,69.170,66.965,5564,7711000.00
2000-05-15 00:00:00,66.965,63.499,66.965,64.024,6545,8672000.00
2000-05-16 00:00:00,64.024,64.024,65.914,65.862,4072,5478000.00
2000-05-17 00:00:00,66.125,65.599,66.912,65.704,3049,4158000.00
2000-05-18 00:00:00,65.074,64.549,66.912,66.860,4025,5452000.00
2000-05-19 00:00:00,67.122,66.230,68.540,68.488,5521,7630000.00
2000-05-22 00:00:00,68.750,68.750,71.638,70.850,8404,12162000.00
2000-05-23 00:00:00,71.113,68.855,71.691,69.748,6107,8730000.00
2000-05-24 00:00:00,69.748,68.750,72.951,71.271,8675,12501000.00
2000-05-25 00:00:00,71.376,70.588,72.426,71.428,7351,10723000.00
2000-05-26 00:00:00,71.481,70.063,72.426,71.008,8378,12178000.00
2000-05-29 00:00:00,70.850,69.538,72.321,71.323,10100,14600000.00
2000-05-30 00:00:00,71.743,69.590,72.163,69.643,6481,9351000.00
2000-05-31 00:00:00,69.013,68.225,70.483,69.328,7896,11193000.00
2000-06-01 00:00:00,69.538,68.750,70.588,69.538,5181,7380000.00
2000-06-02 00:00:00,69.800,69.013,70.063,69.433,6731,9556000.00
2000-06-05 00:00:00,69.800,68.698,69.905,69.380,9986,14187000.00
2000-06-06 00:00:00,69.538,68.225,71.796,71.166,9649,13972000.00
2000-06-07 00:00:00,71.376,70.588,72.216,71.376,9453,13833000.00
2000-06-08 00:00:00,71.376,71.113,74.106,74.054,24812,37007000.00
2000-06-09 00:00:00,74.264,71.901,75.051,72.321,17151,25833000.00
2000-06-12 00:00:00,71.848,70.850,72.321,71.796,5844,8528000.00
2000-06-13 00:00:00,71.271,71.271,72.163,72.006,4418,6487000.00
2000-06-14 00:00:00,72.688,71.481,72.951,71.586,4835,7106000.00
2000-06-15 00:00:00,71.376,70.588,71.586,71.218,5954,8636000.00
2000-06-16 00:00:00,71.218,70.325,71.376,70.378,6324,9147000.00
2000-06-19 00:00:00,70.220,69.275,70.220,69.800,5851,8344000.00
2000-06-20 00:00:00,69.538,69.275,71.638,69.905,3399,4891000.00
2000-06-21 00:00:00,70.325,69.800,70.850,70.850,3164,4562000.00
2000-06-22 00:00:00,71.376,70.850,73.371,71.953,4433,6535000.00
2000-06-23 00:00:00,71.953,70.430,72.426,71.428,4888,7130000.00
2000-06-26 00:00:00,71.796,71.271,73.476,72.898,10507,15567000.00
2000-06-27 00:00:00,72.951,72.426,73.476,72.951,7473,11137000.00
2000-06-28 00:00:00,73.003,72.163,73.476,72.531,7180,10679000.00
2000-06-29 00:00:00,72.951,71.113,73.056,71.743,5798,8489000.00
2000-06-30 00:00:00,71.271,71.166,74.841,72.898,28344,42453000.00
2000-07-03 00:00:00,72.898,71.953,74.789,74.474,20518,31090000.00
2000-07-04 00:00:00,74.526,72.951,74.526,73.896,8516,12815000.00
2000-07-05 00:00:00,74.264,72.951,74.264,73.213,6661,10002000.00
2000-07-06 00:00:00,73.476,71.901,73.739,72.583,4978,7381000.00
2000-07-07 00:00:00,71.953,71.953,73.476,72.898,4976,7394000.00
2000-07-10 00:00:00,73.108,71.638,73.108,72.058,9960,14668000.00
2000-07-11 00:00:00,72.058,72.058,74.316,73.476,7123,10642000.00
2000-07-12 00:00:00,74.106,73.791,76.102,75.576,20450,31383000.00
2000-07-13 00:00:00,76.102,75.997,78.360,76.522,27656,43420000.00
2000-07-14 00:00:00,76.889,74.999,77.257,75.156,12325,19044000.00
2000-07-17 00:00:00,75.471,75.471,80.040,77.992,42451,67867000.00
2000-07-18 00:00:00,77.414,77.152,80.040,78.990,18406,29556000.00
2000-07-19 00:00:00,79.462,78.202,79.777,78.675,13357,21365000.00
2000-07-20 00:00:00,78.727,75.892,79.252,76.889,12572,19746000.00
2000-07-21 00:00:00,76.889,76.259,78.097,77.992,7957,12487000.00
2000-07-24 00:00:00,77.939,75.734,77.939,75.997,8361,13016000.00
2000-07-25 00:00:00,75.471,74.789,77.414,76.364,7174,11153000.00
2000-07-26 00:00:00,76.364,75.471,76.889,75.787,8514,13163000.00
2000-07-27 00:00:00,76.259,76.259,78.097,76.627,8344,13080000.00
2000-07-28 00:00:00,76.627,76.522,77.677,77.152,7314,11460000.00
2000-07-31 00:00:00,77.257,76.312,78.255,78.202,10247,16150000.00
2000-08-01 00:00:00,78.727,77.414,78.990,77.782,5554,8792000.00
2000-08-02 00:00:00,77.782,76.364,78.202,76.679,6116,9561000.00
2000-08-03 00:00:00,76.522,75.839,77.152,76.627,8357,12979000.00
2000-08-04 00:00:00,76.942,76.627,78.727,77.939,15842,25118000.00
2000-08-07 00:00:00,78.727,78.727,82.560,81.353,56263,92660000.00
2000-08-08 00:00:00,81.878,80.302,82.245,81.143,21091,34766000.00
2000-08-09 00:00:00,81.353,80.618,81.878,81.510,19066,31436000.00
2000-08-10 00:00:00,81.563,80.302,82.665,80.618,16188,26656000.00
2000-08-11 00:00:00,80.723,79.252,81.090,79.357,12190,19755000.00
2000-08-14 00:00:00,79.620,78.465,80.040,79.252,12135,19458000.00
2000-08-15 00:00:00,79.567,79.567,82.298,80.828,12360,20304000.00
2000-08-16 00:00:00,78.990,77.414,79.672,77.729,22227,35337000.00
2000-08-17 00:00:00,77.729,77.467,78.622,78.045,13346,21156000.00
2000-08-18 00:00:00,78.097,78.045,79.252,78.727,9323,14893000.00
2000-08-21 00:00:00,78.832,78.780,80.040,79.200,9643,15508000.00
2000-08-22 00:00:00,79.410,76.102,79.515,76.259,14824,23507000.00
2000-08-23 00:00:00,76.102,70.850,76.102,74.999,19696,29828000.00
2000-08-24 00:00:00,75.051,74.001,75.787,75.051,11617,17726000.00
2000-08-25 00:00:00,75.051,75.051,76.312,75.839,5683,8751000.00
2000-08-28 00:00:00,76.102,74.054,76.102,74.894,7139,10867000.00
2000-08-29 00:00:00,74.894,73.476,75.629,73.791,12378,18696000.00
2000-08-30 00:00:00,73.791,72.846,74.264,72.898,10614,15920000.00
2000-08-31 00:00:00,72.426,71.376,72.426,71.533,10554,15487000.00
2000-09-01 00:00:00,71.533,71.166,72.688,71.901,6518,9585000.00
2000-09-04 00:00:00,71.901,70.220,72.426,71.113,6653,9642000.00
2000-09-05 00:00:00,71.428,68.698,72.006,69.118,4989,7190000.00
2000-09-06 00:00:00,68.855,66.807,69.013,66.807,7824,10839000.00
2000-09-07 00:00:00,66.650,66.650,68.750,67.595,4972,6908000.00
2000-09-08 00:00:00,68.225,67.700,68.750,68.172,4482,6256000.00
2000-09-11 00:00:00,68.330,68.225,70.168,69.695,3194,4535000.00
2000-09-12 00:00:00,69.695,68.645,69.905,69.223,2679,3796000.00
2000-09-13 00:00:00,69.013,69.013,69.695,69.328,2815,4002000.00
2000-09-14 00:00:00,69.328,67.595,69.433,67.805,4748,6653000.00
2000-09-15 00:00:00,67.175,67.175,69.800,69.748,4959,6952000.00
2000-09-19 00:00:00,67.700,65.652,67.700,66.282,2786,3803000.00
2000-09-20 00:00:00,66.125,65.599,67.437,66.912,2634,3594000.00
2000-09-21 00:00:00,67.175,65.599,67.175,65.652,2947,4004000.00
2000-09-22 00:00:00,65.704,64.444,65.757,64.654,2994,4000000.00
2000-09-25 00:00:00,64.287,62.974,64.444,62.974,3832,5019000.00
2000-09-26 00:00:00,64.969,63.762,65.127,64.497,1549,2055000.00
2000-09-27 00:00:00,64.812,64.812,66.019,65.442,2175,2927000.00
2000-09-28 00:00:00,65.494,64.549,66.335,64.549,1870,2507000.00
2000-09-29 00:00:00,64.549,64.549,65.599,65.179,2461,3293000.00
2000-10-09 00:00:00,65.337,65.074,66.387,66.387,1803,2435000.00
2000-10-10 00:00:00,66.650,66.597,67.490,67.175,2368,3266000.00
2000-10-11 00:00:00,67.175,65.652,67.437,65.704,2584,3522000.00
2000-10-12 00:00:00,65.337,64.024,65.547,64.287,4474,5938000.00
2000-10-13 00:00:00,64.287,63.814,65.337,64.549,2311,3066000.00
2000-10-16 00:00:00,64.549,62.974,64.549,63.341,4399,5750000.00
2000-10-17 00:00:00,63.341,63.236,64.444,63.709,2748,3599000.00
2000-10-18 00:00:00,63.709,63.709,64.969,64.917,2118,2813000.00
2000-10-19 00:00:00,64.602,62.974,64.812,63.709,3068,4031000.00
2000-10-20 00:00:00,63.867,63.867,66.125,65.704,5489,7397000.00
2000-10-23 00:00:00,66.125,66.125,68.015,66.755,6545,9009000.00
2000-10-24 00:00:00,66.912,65.704,67.070,66.125,3135,4278000.00
2000-10-25 00:00:00,66.387,66.282,67.700,66.492,4972,6846000.00
2000-10-26 00:00:00,66.912,65.599,67.437,65.757,3275,4467000.00
2000-10-27 00:00:00,65.599,65.074,66.387,66.072,2742,3688000.00
2000-10-30 00:00:00,65.599,65.389,67.122,67.122,3383,4608000.00
2000-10-31 00:00:00,67.175,66.125,67.280,66.230,2658,3636000.00
2000-11-01 00:00:00,66.230,65.599,66.492,66.019,2253,3058000.00
2000-11-02 00:00:00,66.650,66.019,67.175,66.965,3776,5182000.00
2000-11-03 00:00:00,67.175,67.175,69.695,69.013,13361,18935000.00
2000-11-06 00:00:00,69.275,68.330,69.643,69.170,4562,6448000.00
2000-11-07 00:00:00,69.170,68.488,69.380,68.750,2794,3940000.00
2000-11-08 00:00:00,68.750,67.700,69.013,68.750,4364,6113000.00
2000-11-09 00:00:00,68.750,68.750,70.325,69.748,6103,8697000.00
2000-11-10 00:00:00,70.063,68.750,70.063,69.013,5817,8265000.00
2000-11-13 00:00:00,69.065,68.750,69.695,69.643,7365,10446000.00
2000-11-14 00:00:00,69.590,68.750,70.798,70.693,7554,10726000.00
2000-11-15 00:00:00,70.850,70.115,71.271,70.325,5059,7291000.00
2000-11-16 00:00:00,70.483,69.800,70.798,70.535,5718,8207000.00
2000-11-17 00:00:00,70.483,68.698,70.483,69.013,6753,9606000.00
2000-11-20 00:00:00,69.013,67.700,69.013,68.277,6010,8400000.00
2000-11-21 00:00:00,68.277,68.277,69.433,68.593,5594,7900000.00
2000-11-22 00:00:00,68.593,68.120,69.590,69.485,6103,8589000.00
2000-11-23 00:00:00,69.538,69.170,70.850,70.168,6850,9833000.00
2000-11-24 00:00:00,70.168,69.013,71.586,69.223,12368,17903000.00
2000-11-27 00:00:00,68.698,68.120,70.850,70.798,6474,9251000.00
2000-11-28 00:00:00,71.376,71.376,74.264,73.003,18276,27277000.00
2000-11-29 00:00:00,73.003,71.481,73.056,71.796,6533,9620000.00
2000-11-30 00:00:00,71.901,71.691,73.476,72.216,5234,7756000.00
2000-12-01 00:00:00,72.426,71.638,73.213,71.901,3475,5104000.00
2000-12-04 00:00:00,71.901,70.903,72.268,72.216,5101,7442000.00
2000-12-05 00:00:00,72.268,71.008,72.531,71.166,3804,5554000.00
2000-12-06 00:00:00,71.166,69.695,71.218,69.695,4348,6245000.00
2000-12-07 00:00:00,69.485,68.645,69.800,68.803,4339,6136000.00
2000-12-08 00:00:00,68.855,68.277,69.800,68.855,3380,4772000.00
2000-12-11 00:00:00,68.855,67.910,69.275,67.962,3386,4762000.00
2000-12-12 00:00:00,67.700,67.700,68.488,68.435,2608,3645000.00
2000-12-13 00:00:00,68.435,68.435,69.170,68.488,2318,3266000.00
2000-12-14 00:00:00,68.488,68.225,68.488,68.382,2269,3180000.00
2000-12-15 00:00:00,68.488,67.595,68.698,67.857,2524,3516000.00
2000-12-18 00:00:00,68.225,66.177,68.225,67.595,2687,3693000.00
2000-12-19 00:00:00,67.962,66.965,68.015,67.122,3124,4316000.00
2000-12-20 00:00:00,67.175,66.755,68.225,68.172,2825,3909000.00
2000-12-21 00:00:00,68.488,67.490,68.855,67.752,3560,4979000.00
2000-12-22 00:00:00,67.805,66.650,68.067,66.965,4177,5761000.00
2000-12-25 00:00:00,67.175,65.389,67.175,65.967,7314,9931000.00
2000-12-26 00:00:00,66.125,65.704,67.700,67.175,3216,4414000.00
2000-12-27 00:00:00,67.227,66.650,67.805,66.650,2897,4005000.00
2000-12-28 00:00:00,66.177,66.125,67.437,67.017,2345,3232000.00
2000-12-29 00:00:00,66.912,66.912,67.962,67.857,2015,2799000.00
2001-01-02 00:00:00,67.857,67.700,69.328,69.275,3387,4797000.00
2001-01-03 00:00:00,69.800,68.698,70.010,69.538,7079,10017000.00
2001-01-04 00:00:00,70.063,69.013,70.063,69.118,3550,5033000.00
2001-01-05 00:00:00,69.275,67.962,69.328,68.225,5327,7460000.00
2001-01-08 00:00:00,68.330,66.912,68.698,67.700,4928,6818000.00
2001-01-09 00:00:00,67.700,67.280,67.962,67.542,3292,4571000.00
2001-01-10 00:00:00,67.857,67.857,69.538,69.485,4774,6720000.00
2001-01-11 00:00:00,69.800,68.488,69.905,69.485,4142,5873000.00
2001-01-12 00:00:00,69.485,68.645,69.485,69.170,2416,3413000.00
2001-01-15 00:00:00,68.750,66.650,68.803,66.702,4095,5673000.00
2001-01-16 00:00:00,66.387,66.125,67.595,67.437,2608,3582000.00
2001-01-17 00:00:00,66.965,66.650,67.385,66.912,1712,2357000.00
2001-01-18 00:00:00,66.912,66.335,67.175,66.492,3904,5351000.00
2001-01-19 00:00:00,66.597,66.597,67.437,67.175,2580,3559000.00
2001-02-05 00:00:00,67.962,66.125,67.962,66.282,2125,2906000.00
2001-02-06 00:00:00,65.599,64.549,66.072,65.337,2498,3345000.00
2001-02-07 00:00:00,65.547,64.812,65.862,64.812,1515,2033000.00
2001-02-08 00:00:00,64.812,63.289,65.074,63.341,2467,3271000.00
2001-02-09 00:00:00,62.974,62.974,64.549,64.497,2026,2675000.00
2001-02-12 00:00:00,64.549,64.024,65.337,64.707,1262,1675000.00
2001-02-13 00:00:00,64.549,64.339,64.969,64.444,1263,1680000.00
2001-02-14 00:00:00,64.444,63.709,64.444,63.972,1193,1573000.00
2001-02-15 00:00:00,64.129,63.656,64.234,63.709,1001,1317000.00
2001-02-16 00:00:00,63.709,63.079,63.709,63.394,2265,2959000.00
2001-02-19 00:00:00,63.499,63.499,64.339,64.287,1082,1428000.00
2001-02-20 00:00:00,64.812,62.081,64.812,62.186,5048,6513000.00
2001-02-21 00:00:00,61.924,58.248,62.081,58.720,8189,10046000.00
2001-02-22 00:00:00,58.720,57.723,58.773,57.775,4248,5124000.00
2001-02-23 00:00:00,57.723,55.360,57.723,56.620,6778,7944000.00
2001-02-26 00:00:00,56.673,56.147,58.143,57.933,4400,5275000.00
2001-02-27 00:00:00,58.038,57.513,59.193,59.193,3131,3783000.00
2001-02-28 00:00:00,59.193,58.510,59.193,58.825,1847,2255000.00
2001-03-01 00:00:00,59.036,58.510,59.193,58.773,1700,2077000.00
2001-03-02 00:00:00,58.773,58.773,60.033,59.666,2856,3518000.00
2001-03-05 00:00:00,59.298,59.298,59.823,59.613,2339,2886000.00
2001-03-06 00:00:00,59.298,58.983,59.508,59.246,1807,2221000.00
2001-03-07 00:00:00,59.246,58.668,59.351,59.193,3876,4752000.00
2001-03-08 00:00:00,59.193,58.825,60.348,60.191,4070,5048000.00
2001-03-09 00:00:00,60.348,59.613,61.136,60.926,3756,4708000.00
2001-03-12 00:00:00,61.871,61.871,65.862,64.602,21554,28431000.00
2001-03-13 00:00:00,64.549,62.974,64.549,63.499,6035,7907000.00
2001-03-14 00:00:00,63.236,62.711,64.024,63.972,2798,3676000.00
2001-03-15 00:00:00,63.236,63.236,63.919,63.604,3184,4172000.00
2001-03-16 00:00:00,63.814,63.604,65.389,64.234,3942,5244000.00
2001-03-19 00:00:00,64.549,64.444,65.389,64.917,3969,5303000.00
2001-03-20 00:00:00,64.917,64.287,64.917,64.549,3507,4667000.00
2001-03-21 00:00:00,64.024,63.499,64.287,64.234,4155,5472000.00
2001-03-22 00:00:00,64.234,64.234,65.284,64.707,3985,5318000.00
2001-03-23 00:00:00,65.074,63.394,65.074,63.551,3815,5056000.00
2001-03-27 00:00:00,64.812,64.812,65.862,64.969,3549,4753000.00
2001-03-28 00:00:00,65.074,64.549,65.599,65.599,4232,5655000.00
2001-03-29 00:00:00,65.862,65.704,67.070,65.757,4825,6581000.00
2001-03-30 00:00:00,65.757,65.074,65.757,65.232,3396,4556000.00
2001-04-02 00:00:00,62.974,62.974,66.125,64.812,3440,4594000.00
2001-04-03 00:00:00,64.549,63.919,64.969,64.444,3097,4110000.00
2001-04-04 00:00:00,64.549,62.554,64.549,62.869,4007,5269000.00
2001-04-05 00:00:00,62.449,62.029,63.551,63.551,3027,3936000.00
2001-04-06 00:00:00,64.024,63.079,64.024,63.341,1632,2138000.00
2001-04-09 00:00:00,62.974,62.974,63.499,63.446,2841,3703000.00
2001-04-10 00:00:00,63.289,63.289,64.182,63.919,1868,2455000.00
2001-04-11 00:00:00,63.919,62.974,63.919,63.341,2600,3395000.00
2001-04-12 00:00:00,63.341,62.974,64.602,64.392,4176,5480000.00
2001-04-13 00:00:00,64.444,63.656,64.812,64.024,2795,3698000.00
2001-04-16 00:00:00,63.919,63.919,65.442,65.232,5694,7605000.00
2001-04-17 00:00:00,65.232,64.812,65.914,65.757,6053,8157000.00
2001-04-18 00:00:00,65.704,64.602,65.914,64.759,3431,4608000.00
2001-04-19 00:00:00,64.812,63.289,64.864,63.762,4153,5461000.00
2001-04-20 00:00:00,64.024,64.024,66.019,64.339,4588,6142000.00
2001-04-23 00:00:00,64.549,63.551,65.074,63.919,2693,3564000.00
2001-04-24 00:00:00,63.919,63.499,64.024,63.762,3444,4518000.00
2001-04-25 00:00:00,63.551,62.974,63.762,63.026,4431,5772000.00
2001-04-26 00:00:00,62.974,61.451,64.024,62.974,3246,4218000.00
2001-04-27 00:00:00,62.974,62.921,63.499,63.026,2077,2703000.00
2001-04-30 00:00:00,62.974,62.186,63.026,62.711,2097,2707000.00
2001-05-08 00:00:00,62.711,61.924,62.711,62.501,1529,1969000.00
2001-05-09 00:00:00,62.344,61.609,62.449,61.661,2836,3630000.00
2001-05-10 00:00:00,61.661,61.399,62.449,62.449,2923,3728000.00
2001-05-11 00:00:00,62.974,61.924,63.446,62.659,1840,2378000.00
2001-05-14 00:00:00,62.711,61.924,62.974,62.921,4063,5232000.00
2001-05-15 00:00:00,62.974,62.974,64.287,63.972,3098,4074000.00
2001-05-16 00:00:00,63.762,63.499,65.547,65.074,7491,9996000.00
2001-05-17 00:00:00,65.862,65.074,65.914,65.442,7782,10464000.00
2001-05-18 00:00:00,65.547,64.024,67.280,67.122,12811,17312000.00
2001-05-21 00:00:00,68.330,68.277,73.371,70.798,79945,115761000.00
2001-05-22 00:00:00,70.798,69.538,71.901,71.428,23231,33697000.00
2001-05-23 00:00:00,71.638,69.275,71.796,70.115,11877,17090000.00
2001-05-24 00:00:00,69.958,69.485,70.745,70.325,6719,9638000.00
2001-05-25 00:00:00,70.378,68.330,70.745,68.803,8117,11484000.00
2001-05-28 00:00:00,68.803,67.332,68.855,67.332,6487,9018000.00
2001-05-29 00:00:00,67.332,67.227,68.908,68.382,3896,5455000.00
2001-05-30 00:00:00,68.382,67.752,69.380,69.380,4305,6032000.00
2001-05-31 00:00:00,69.958,68.803,70.220,68.908,3964,5622000.00
2001-06-01 00:00:00,68.908,68.803,69.433,69.328,5145,7266000.00
2001-06-04 00:00:00,69.328,68.435,70.220,69.853,5538,7875000.00
2001-06-05 00:00:00,69.853,69.433,71.271,71.008,8661,12532000.00
2001-06-06 00:00:00,71.008,70.063,71.271,70.220,5588,8059000.00
2001-06-07 00:00:00,70.220,68.908,70.220,69.065,4989,7070000.00
2001-06-08 00:00:00,68.698,68.382,69.695,69.538,3230,4560000.00
2001-06-11 00:00:00,69.538,69.013,70.745,70.115,4201,5993000.00
2001-06-12 00:00:00,70.220,69.958,71.218,70.640,5334,7711000.00
2001-06-13 00:00:00,70.640,70.273,71.271,71.008,5449,7869000.00
2001-06-14 00:00:00,71.008,70.483,72.583,70.535,12627,18448000.00
2001-06-15 00:00:00,70.430,68.960,70.430,69.853,4013,5734000.00
2001-06-18 00:00:00,69.958,67.857,69.958,68.120,6246,8778000.00
2001-06-19 00:00:00,67.385,66.807,68.120,67.490,4202,5795000.00
2001-06-20 00:00:00,67.595,66.807,68.067,67.122,2484,3437000.00
2001-06-21 00:00:00,66.912,66.860,67.805,67.752,2067,2855000.00
2001-06-22 00:00:00,67.857,67.857,69.013,68.488,1933,2710000.00
2001-06-25 00:00:00,68.645,67.857,69.065,69.013,5324,7451000.00
2001-06-26 00:00:00,69.170,69.170,70.220,70.220,4635,6620000.00
2001-06-27 00:00:00,69.853,69.433,70.745,70.325,2813,4020000.00
2001-06-28 00:00:00,70.325,68.803,70.483,68.855,2942,4189000.00
2001-06-29 00:00:00,68.645,68.645,69.328,68.698,2030,2861000.00
2001-07-02 00:00:00,68.803,68.698,69.433,68.750,1730,2441000.00
2001-07-03 00:00:00,68.750,67.857,69.065,68.330,1859,2598000.00
2001-07-04 00:00:00,68.382,67.647,68.382,67.647,1768,2460000.00
2001-07-05 00:00:00,67.752,67.070,67.752,67.175,2261,3118000.00
2001-07-06 00:00:00,67.070,66.965,67.542,67.070,2610,3594000.00
2001-07-09 00:00:00,67.332,67.122,67.542,67.437,1482,2046000.00
2001-07-10 00:00:00,67.595,67.437,68.645,68.330,1166,1630000.00
2001-07-11 00:00:00,68.382,67.070,68.382,67.122,1306,1806000.00
2001-07-12 00:00:00,66.807,65.757,66.807,66.282,2486,3382000.00
2001-07-13 00:00:00,66.387,66.177,67.070,66.177,1202,1642000.00
2001-07-16 00:00:00,67.070,64.812,67.070,64.969,2564,3445000.00
2001-07-17 00:00:00,64.812,63.709,64.812,64.444,1158,1527000.00
2001-07-18 00:00:00,64.497,64.444,65.494,64.917,1408,1874000.00
2001-07-19 00:00:00,65.494,64.077,65.494,64.339,2355,3115000.00
2001-07-20 00:00:00,64.339,64.339,65.914,65.494,1715,2303000.00
2001-07-23 00:00:00,65.547,65.547,66.545,66.335,1980,2691000.00
2001-07-24 00:00:00,65.757,65.494,66.177,65.862,1495,2019000.00
2001-07-25 00:00:00,66.282,64.444,66.282,64.707,1592,2127000.00
2001-07-26 00:00:00,64.707,63.131,64.969,63.184,2470,3233000.00
2001-07-27 00:00:00,63.289,63.184,64.444,63.341,2542,3322000.00
2001-07-30 00:00:00,63.131,59.561,63.131,59.718,3132,3953000.00
2001-07-31 00:00:00,59.193,58.668,61.031,58.825,2879,3551000.00
2001-08-01 00:00:00,58.931,58.931,61.031,60.453,2761,3422000.00
2001-08-02 00:00:00,61.031,58.563,61.031,59.456,2082,2550000.00
2001-08-03 00:00:00,59.718,58.931,59.876,59.351,1168,1434000.00
2001-08-06 00:00:00,59.456,56.568,59.561,56.778,2903,3451000.00
2001-08-07 00:00:00,56.462,55.780,57.355,56.883,2597,3050000.00
2001-08-08 00:00:00,57.775,56.935,57.775,57.460,1178,1400000.00
2001-08-09 00:00:00,57.775,57.775,58.825,58.825,1037,1257000.00
2001-08-10 00:00:00,59.456,59.088,59.928,59.561,1360,1672000.00
2001-08-13 00:00:00,59.561,59.246,59.981,59.508,1339,1646000.00
2001-08-14 00:00:00,59.193,57.880,59.981,58.405,1454,1775000.00
2001-08-15 00:00:00,57.880,57.880,59.403,58.773,794,960000.00
2001-08-16 00:00:00,58.983,57.880,59.036,57.985,1190,1434000.00
2001-08-17 00:00:00,57.880,57.880,58.195,57.985,911,1096000.00
2001-08-20 00:00:00,57.985,56.042,58.405,58.143,1515,1810000.00
2001-08-21 00:00:00,58.405,58.353,58.878,58.458,1467,1779000.00
2001-08-22 00:00:00,58.405,57.250,58.405,57.880,1517,1810000.00
2001-08-23 00:00:00,56.830,56.830,58.825,58.458,1490,1789000.00
2001-08-24 00:00:00,59.193,58.090,59.823,58.248,1796,2184000.00
2001-08-27 00:00:00,57.880,56.830,57.880,56.830,1502,1780000.00
2001-08-28 00:00:00,56.200,55.780,57.303,56.988,1728,2025000.00
2001-08-29 00:00:00,57.828,57.198,58.038,57.355,1020,1221000.00
2001-08-30 00:00:00,57.093,56.305,57.093,56.883,892,1049000.00
2001-08-31 00:00:00,57.355,56.462,57.355,57.093,714,843000.00
2001-09-03 00:00:00,56.830,56.200,57.618,57.198,950,1119000.00
2001-09-04 00:00:00,57.985,57.985,59.351,58.931,1624,1978000.00
2001-09-05 00:00:00,59.456,59.456,62.239,60.768,9342,11802000.00
2001-09-06 00:00:00,60.506,59.718,60.716,60.033,2136,2655000.00
2001-09-07 00:00:00,60.138,58.038,60.506,58.090,2164,2644000.00
2001-09-10 00:00:00,57.880,56.200,59.718,59.718,2011,2447000.00
2001-09-11 00:00:00,59.876,58.931,59.876,59.456,1540,1894000.00
2001-09-12 00:00:00,58.405,56.830,58.825,58.300,2566,3092000.00
2001-09-13 00:00:00,58.510,58.510,60.506,58.668,1060,1294000.00
2001-09-14 00:00:00,59.876,57.985,59.876,58.143,1003,1212000.00
2001-09-17 00:00:00,57.355,56.830,58.038,56.988,1375,1631000.00
2001-09-18 00:00:00,56.830,56.830,57.933,57.198,1026,1220000.00
2001-09-19 00:00:00,57.408,56.830,58.510,58.405,1128,1341000.00
2001-09-20 00:00:00,59.088,57.880,59.088,57.933,1187,1434000.00
2001-09-21 00:00:00,58.405,57.250,58.405,57.355,892,1065000.00
2001-09-24 00:00:00,57.355,56.568,57.408,56.725,998,1178000.00
2001-09-25 00:00:00,56.620,56.620,58.143,56.830,827,976000.00
2001-09-26 00:00:00,56.830,56.147,57.460,56.305,1122,1318000.00
2001-09-27 00:00:00,56.042,55.780,56.462,56.042,1203,1404000.00
2001-09-28 00:00:00,56.515,55.780,57.355,56.252,771,901000.00
2001-10-08 00:00:00,56.042,50.109,56.830,50.109,4105,4439000.00
2001-10-09 00:00:00,47.903,47.536,50.109,49.321,3839,3919000.00
2001-10-10 00:00:00,49.163,45.278,49.163,45.593,3754,3686000.00
2001-10-11 00:00:00,45.383,44.753,46.800,44.910,2258,2179000.00
2001-10-12 00:00:00,44.910,44.122,47.378,46.800,2512,2425000.00
2001-10-15 00:00:00,46.748,45.540,47.221,46.695,1511,1490000.00
2001-10-16 00:00:00,47.116,45.435,47.116,45.750,958,931000.00
2001-10-17 00:00:00,45.750,45.278,45.908,45.383,869,840000.00
2001-10-18 00:00:00,45.278,44.753,46.170,44.753,826,788000.00
2001-10-19 00:00:00,43.702,40.867,44.227,41.864,2642,2372000.00
2001-10-22 00:00:00,41.287,38.976,41.497,38.976,1790,1555000.00
2001-10-23 00:00:00,43.387,41.497,43.387,43.387,6349,5810000.00
2001-10-24 00:00:00,45.803,45.015,48.218,47.536,11708,11554000.00
2001-10-25 00:00:00,47.273,45.015,47.273,45.750,3758,3675000.00
2001-10-26 00:00:00,45.068,44.227,46.328,45.225,1941,1856000.00
2001-10-29 00:00:00,45.278,45.278,46.538,46.275,850,829000.00
2001-10-30 00:00:00,44.805,44.805,46.065,45.435,549,530000.00
2001-10-31 00:00:00,44.858,44.490,45.278,45.225,955,908000.00
2001-11-01 00:00:00,45.225,45.225,46.433,46.433,1625,1585000.00
2001-11-02 00:00:00,45.803,45.645,46.590,46.170,937,917000.00
2001-11-05 00:00:00,45.803,44.858,46.065,45.173,603,579000.00
2001-11-06 00:00:00,45.173,43.965,45.278,44.227,866,825000.00
2001-11-07 00:00:00,44.227,41.129,44.227,41.182,1940,1760000.00
2001-11-08 00:00:00,40.499,39.974,42.495,42.074,1287,1134000.00
2001-11-09 00:00:00,41.339,41.182,42.915,42.652,925,830000.00
2001-11-12 00:00:00,42.652,42.022,43.177,42.022,837,758000.00
2001-11-13 00:00:00,42.022,41.602,42.862,42.127,801,721000.00
2001-11-14 00:00:00,42.127,42.074,42.652,42.180,605,545000.00
2001-11-15 00:00:00,42.232,42.074,42.547,42.285,379,342000.00
2001-11-16 00:00:00,46.853,43.072,46.853,43.177,2393,2263000.00
2001-11-19 00:00:00,44.122,43.177,45.330,45.278,2656,2517000.00
2001-11-21 00:00:00,47.956,47.168,50.109,47.746,13802,14035000.00
2001-11-22 00:00:00,47.378,46.853,47.903,47.588,4051,4050000.00
2001-11-23 00:00:00,47.588,46.905,47.588,47.378,2641,2637000.00
2001-11-26 00:00:00,47.168,46.905,47.378,47.221,1633,1626000.00
2001-11-27 00:00:00,46.905,46.905,47.746,47.746,1598,1602000.00
2001-11-28 00:00:00,47.903,47.746,48.218,48.166,3281,3323000.00
2001-11-29 00:00:00,48.271,48.271,48.953,48.376,2353,2408000.00
2001-11-30 00:00:00,48.166,47.746,48.691,48.586,2428,2481000.00
2001-12-03 00:00:00,48.481,48.481,49.479,49.268,2521,2608000.00
2001-12-04 00:00:00,49.479,49.163,49.584,49.426,1924,1997000.00
2001-12-05 00:00:00,49.426,47.378,49.689,47.903,2910,2986000.00
2001-12-06 00:00:00,47.903,47.431,48.428,47.903,1517,1530000.00
2001-12-07 00:00:00,48.061,48.061,49.321,48.638,1789,1825000.00
2001-12-10 00:00:00,48.638,47.693,48.743,48.166,800,810000.00
2001-12-11 00:00:00,48.113,47.798,48.428,47.798,852,861000.00
2001-12-12 00:00:00,47.483,46.853,47.693,46.853,1672,1671000.00
2001-12-13 00:00:00,46.853,45.750,46.958,45.803,1717,1684000.00
2001-12-14 00:00:00,45.015,44.963,46.065,45.278,1112,1071000.00
2001-12-17 00:00:00,45.278,43.755,45.278,44.490,1271,1201000.00
2001-12-18 00:00:00,44.490,44.490,45.698,45.698,1336,1276000.00
2001-12-19 00:00:00,45.803,45.173,46.065,45.173,987,953000.00
2001-12-20 00:00:00,45.173,43.860,45.173,43.965,1929,1806000.00
2001-12-21 00:00:00,43.965,43.965,44.648,44.437,1106,1037000.00
2001-12-24 00:00:00,44.648,43.177,44.648,43.440,769,712000.00
2001-12-25 00:00:00,43.545,43.072,43.807,43.545,921,853000.00
2001-12-26 00:00:00,43.702,43.702,44.175,44.122,461,431000.00
2001-12-27 00:00:00,44.227,43.702,44.490,43.860,621,583000.00
2001-12-28 00:00:00,43.702,43.440,44.017,43.650,739,686000.00
2001-12-31 00:00:00,43.860,43.177,44.017,43.230,849,790000.00
2002-01-04 00:00:00,43.177,42.547,43.177,42.810,551,503000.00
2002-01-07 00:00:00,42.180,39.501,42.757,41.339,2251,1973000.00
2002-01-08 00:00:00,40.447,40.289,41.287,41.024,1269,1115000.00
2002-01-09 00:00:00,41.024,40.132,41.024,40.499,898,779000.00
2002-01-10 00:00:00,40.552,40.027,41.602,41.602,1127,980000.00
2002-01-11 00:00:00,42.127,40.552,42.127,40.604,709,624000.00
2002-01-14 00:00:00,39.606,39.606,40.919,39.974,1142,981000.00
2002-01-15 00:00:00,39.606,35.458,39.974,35.458,3466,2815000.00
2002-01-16 00:00:00,35.301,31.415,35.826,33.830,6188,4499000.00
2002-01-17 00:00:00,33.673,31.520,33.673,31.572,2640,1887000.00
2002-01-18 00:00:00,30.837,30.102,32.675,31.362,3003,2077000.00
2002-01-21 00:00:00,31.362,29.104,31.572,29.157,1883,1266000.00
2002-01-22 00:00:00,29.157,29.157,31.100,29.997,4902,3307000.00
2002-01-23 00:00:00,29.524,28.579,33.148,33.095,6049,4071000.00
2002-01-24 00:00:00,31.520,31.152,34.513,33.253,5304,3881000.00
2002-01-25 00:00:00,32.938,32.675,33.463,32.938,2817,2051000.00
2002-01-28 00:00:00,32.938,30.102,33.253,30.522,3308,2316000.00
2002-01-29 00:00:00,30.312,29.787,31.677,31.572,2560,1765000.00
2002-01-30 00:00:00,32.150,31.835,33.463,32.412,1948,1402000.00
2002-01-31 00:00:00,33.200,32.675,35.826,35.511,7483,5654000.00
2002-02-01 00:00:00,35.563,34.880,36.246,35.038,4879,3764000.00
2002-02-04 00:00:00,35.721,34.565,36.613,36.456,3079,2401000.00
2002-02-05 00:00:00,36.141,35.353,36.876,36.298,3590,2824000.00
2002-02-06 00:00:00,35.458,34.565,36.246,34.723,3644,2813000.00
2002-02-07 00:00:00,34.775,34.775,37.664,36.613,4229,3349000.00
2002-02-08 00:00:00,37.401,36.351,37.769,36.351,3397,2721000.00
2002-02-25 00:00:00,37.769,36.928,37.874,37.138,2204,1780000.00
2002-02-26 00:00:00,36.876,36.088,37.138,36.928,1370,1088000.00
2002-02-27 00:00:00,36.876,36.666,37.611,37.401,2208,1787000.00
2002-02-28 00:00:00,37.033,36.981,37.874,37.138,1557,1263000.00
2002-03-01 00:00:00,36.928,36.036,36.981,36.036,1417,1121000.00
2002-03-04 00:00:00,35.563,35.563,36.823,36.666,1190,938000.00
2002-03-05 00:00:00,36.771,36.351,38.871,38.661,6467,5328000.00
2002-03-06 00:00:00,38.976,38.976,40.342,39.291,10109,8634000.00
2002-03-07 00:00:00,39.606,38.976,41.497,41.497,10386,8996000.00
2002-03-08 00:00:00,42.022,41.339,43.072,42.547,12426,11184000.00
2002-03-11 00:00:00,42.232,42.232,43.912,43.702,8606,7929000.00
2002-03-12 00:00:00,43.755,41.969,44.437,42.127,7934,7300000.00
2002-03-13 00:00:00,41.917,40.132,42.232,40.184,7076,6245000.00
2002-03-14 00:00:00,39.922,39.922,42.232,42.180,3877,3425000.00
2002-03-15 00:00:00,42.390,41.024,42.967,41.077,5198,4678000.00
2002-03-18 00:00:00,43.440,41.129,43.440,41.339,2727,2431000.00
2002-03-19 00:00:00,41.339,41.234,42.652,42.337,2414,2166000.00
2002-03-20 00:00:00,42.652,42.390,43.072,42.600,4306,3922000.00
2002-03-21 00:00:00,42.652,42.652,44.490,43.755,5948,5527000.00
2002-03-22 00:00:00,43.755,42.652,43.860,42.915,2957,2708000.00
2002-03-25 00:00:00,42.915,42.915,43.597,43.440,2374,2191000.00
2002-03-26 00:00:00,43.702,43.440,48.323,47.693,61099,61180000.00
2002-03-27 00:00:00,48.376,46.013,48.428,48.271,17663,17705000.00
2002-03-28 00:00:00,47.956,47.956,53.627,53.627,62998,69424000.00
2002-03-29 00:00:00,53.784,53.574,59.456,54.940,92585,108559000.00
2002-04-01 00:00:00,54.730,52.104,56.830,54.782,46526,52682000.00
2002-04-02 00:00:00,55.255,50.949,55.255,52.157,39341,43179000.00
2002-04-03 00:00:00,52.629,49.531,53.259,53.102,31724,34189000.00
2002-04-04 00:00:00,52.629,50.686,53.207,52.419,22882,24983000.00
2002-04-08 00:00:00,52.104,50.266,52.419,51.159,12734,13660000.00
2002-04-09 00:00:00,51.054,50.791,53.154,52.577,19438,21342000.00
2002-04-10 00:00:00,52.629,52.629,55.255,55.150,26676,30254000.00
2002-04-11 00:00:00,55.150,52.629,55.202,52.629,13882,15514000.00
2002-04-12 00:00:00,52.104,51.474,53.679,52.104,8677,9476000.00
2002-04-15 00:00:00,52.052,50.949,52.052,51.684,6222,6685000.00
2002-04-16 00:00:00,51.579,51.159,53.049,51.631,3817,4140000.00
2002-04-17 00:00:00,51.789,50.004,52.314,50.529,10090,10730000.00
2002-04-18 00:00:00,50.529,48.533,50.529,48.533,8087,8403000.00
2002-04-19 00:00:00,52.577,48.061,52.577,50.004,14565,15325000.00
2002-04-22 00:00:00,50.004,48.428,50.004,48.848,4352,4479000.00
2002-04-23 00:00:00,48.901,48.691,50.004,49.951,3356,3483000.00
2002-04-24 00:00:00,50.266,47.903,50.266,48.113,4847,4978000.00
2002-04-25 00:00:00,47.903,45.698,48.323,46.275,7860,7764000.00
2002-04-26 00:00:00,46.065,45.698,48.376,47.798,6201,6222000.00
2002-04-29 00:00:00,47.378,47.273,50.266,49.689,9532,9745000.00
2002-04-30 00:00:00,49.689,48.323,50.004,48.586,6172,6337000.00
2002-05-08 00:00:00,48.323,46.853,48.848,47.431,4961,4983000.00
2002-05-09 00:00:00,47.063,47.063,48.428,48.218,2968,2995000.00
2002-05-10 00:00:00,48.743,47.063,48.743,47.693,4095,4105000.00
2002-05-13 00:00:00,47.641,45.803,47.641,46.328,3718,3661000.00
2002-05-14 00:00:00,46.275,45.908,47.273,46.328,2846,2796000.00
2002-05-15 00:00:00,46.328,44.753,46.380,44.963,4848,4668000.00
2002-05-16 00:00:00,44.595,42.285,44.753,42.390,5125,4758000.00
2002-05-17 00:00:00,42.232,41.654,43.807,43.125,5230,4752000.00
2002-05-20 00:00:00,43.177,43.177,45.540,45.173,14118,13371000.00
2002-05-23 00:00:00,47.378,45.068,47.641,45.593,11683,11403000.00
2002-05-24 00:00:00,45.330,43.440,45.803,43.965,4080,3822000.00
2002-05-27 00:00:00,44.227,43.177,45.015,44.175,1977,1834000.00
2002-05-28 00:00:00,44.122,43.282,44.490,43.440,2541,2363000.00
2002-05-29 00:00:00,43.440,41.497,43.440,41.602,4210,3774000.00
2002-05-30 00:00:00,42.127,40.289,42.127,40.919,3529,3106000.00
2002-05-31 00:00:00,41.077,39.922,41.497,39.974,2783,2430000.00
2002-06-03 00:00:00,39.869,38.189,39.869,38.294,4235,3523000.00
2002-06-04 00:00:00,38.189,38.189,39.501,39.291,3376,2831000.00
2002-06-05 00:00:00,39.501,38.189,39.711,38.346,2058,1708000.00
2002-06-06 00:00:00,38.241,37.401,42.600,41.339,6217,5350000.00
2002-06-07 00:00:00,41.077,40.394,42.442,41.444,7282,6473000.00
2002-06-10 00:00:00,41.077,40.289,41.339,40.709,3429,2989000.00
2002-06-11 00:00:00,41.339,40.972,45.278,45.278,19107,18005000.00
2002-06-12 00:00:00,46.590,45.488,47.693,47.168,41246,40627000.00
2002-06-13 00:00:00,46.853,45.015,48.008,45.383,17701,17457000.00
2002-06-14 00:00:00,44.753,42.180,45.225,42.810,14043,13030000.00
2002-06-17 00:00:00,42.127,41.129,42.810,42.652,9083,8152000.00
2002-06-18 00:00:00,42.652,42.442,44.543,43.965,10145,9467000.00
2002-06-19 00:00:00,43.912,42.915,43.912,42.967,3990,3671000.00
2002-06-20 00:00:00,43.072,42.967,44.490,43.072,4219,3907000.00
2002-06-21 00:00:00,43.125,43.125,46.223,45.488,14330,13724000.00
2002-06-24 00:00:00,50.529,47.378,50.529,50.529,38576,40318000.00
2002-06-25 00:00:00,50.529,48.428,51.684,48.743,26103,27433000.00
2002-06-26 00:00:00,48.113,47.378,49.951,49.268,12650,12971000.00
2002-06-27 00:00:00,49.216,48.481,50.529,48.901,8641,8965000.00
2002-06-28 00:00:00,48.953,47.063,48.953,47.851,13079,13183000.00
2002-07-01 00:00:00,47.693,47.378,48.848,48.218,6162,6254000.00
2002-07-02 00:00:00,48.428,48.061,50.424,50.319,14048,14606000.00
2002-07-03 00:00:00,50.319,49.163,50.686,50.004,9078,9522000.00
2002-07-04 00:00:00,50.109,48.428,50.109,48.743,6007,6214000.00
2002-07-05 00:00:00,48.953,47.798,49.374,48.691,2705,2762000.00
2002-07-08 00:00:00,49.216,48.061,49.479,48.953,3716,3814000.00
2002-07-09 00:00:00,48.953,48.323,49.006,48.533,2996,3061000.00
2002-07-10 00:00:00,48.323,47.168,48.428,47.221,6782,6809000.00
2002-07-11 00:00:00,47.221,46.748,47.641,47.011,5757,5729000.00
2002-07-12 00:00:00,47.063,46.433,47.431,46.485,6038,5943000.00
2002-07-15 00:00:00,46.433,46.223,47.116,46.905,3243,3191000.00
2002-07-16 00:00:00,46.433,44.227,46.433,44.543,14018,13330000.00
2002-07-17 00:00:00,44.543,43.597,45.173,45.173,7963,7442000.00
2002-07-18 00:00:00,44.858,44.227,45.068,44.700,5323,5038000.00
2002-07-19 00:00:00,44.700,44.332,45.068,44.963,4438,4212000.00
2002-07-22 00:00:00,44.753,43.492,44.858,43.545,5743,5358000.00
2002-07-23 00:00:00,43.545,42.232,43.545,42.652,7508,6861000.00
2002-07-24 00:00:00,42.495,42.495,43.177,43.020,3614,3293000.00
2002-07-25 00:00:00,43.020,42.390,43.440,42.810,2419,2204000.00
2002-07-26 00:00:00,43.492,42.757,43.492,43.020,1836,1680000.00
2002-07-29 00:00:00,42.705,42.232,43.545,43.492,2134,1938000.00
2002-07-30 00:00:00,43.545,42.810,43.807,43.387,1989,1832000.00
2002-07-31 00:00:00,43.282,42.390,43.335,42.652,2101,1917000.00
2002-08-01 00:00:00,42.652,42.074,42.757,42.547,2330,2104000.00
2002-08-02 00:00:00,42.757,42.232,43.125,43.020,2731,2472000.00
2002-08-05 00:00:00,43.020,42.285,43.020,43.020,880,799000.00
2002-08-06 00:00:00,43.020,42.915,47.851,47.851,39584,38954000.00
2002-08-07 00:00:00,48.218,46.223,48.271,46.328,27897,27618000.00
2002-08-08 00:00:00,46.433,46.328,48.271,46.590,22027,21965000.00
2002-08-09 00:00:00,46.328,44.858,46.433,45.330,11808,11317000.00
2002-08-12 00:00:00,45.330,44.963,47.378,46.380,16876,16580000.00
2002-08-13 00:00:00,46.433,45.383,46.958,46.433,6494,6370000.00
2002-08-14 00:00:00,46.748,45.960,47.221,47.116,6233,6146000.00
2002-08-15 00:00:00,47.116,45.908,47.221,46.275,4021,3937000.00
2002-08-16 00:00:00,45.960,45.015,46.905,46.380,7248,7040000.00
2002-08-19 00:00:00,46.380,46.065,48.428,47.956,20209,20306000.00
2002-08-20 00:00:00,47.956,47.483,49.006,48.586,21105,21418000.00
2002-08-21 00:00:00,48.691,48.008,48.796,48.113,11200,11367980.00
2002-08-22 00:00:00,48.271,47.536,49.111,48.323,15871,16141000.00
2002-08-23 00:00:00,48.638,47.746,48.848,47.903,8037,8121000.00
2002-08-26 00:00:00,48.008,46.695,48.008,46.905,8030,7957000.00
2002-08-27 00:00:00,46.853,46.748,48.848,48.113,10663,10785000.00
2002-08-28 00:00:00,48.113,47.378,48.376,47.483,3950,3959000.00
2002-08-29 00:00:00,47.431,47.221,50.056,49.216,30158,30991000.00
2002-08-30 00:00:00,49.216,48.533,49.479,49.216,10209,10514000.00
2002-09-02 00:00:00,49.058,48.691,49.846,49.794,9288,9620000.00
2002-09-03 00:00:00,49.794,49.216,50.056,49.268,9877,10257000.00
2002-09-04 00:00:00,49.321,48.271,49.321,48.428,8619,8805018.00
2002-09-05 00:00:00,48.323,47.011,48.691,47.221,10819,10865000.00
2002-09-06 00:00:00,46.958,46.695,47.903,47.116,7256,7215000.00
2002-09-09 00:00:00,46.958,46.695,47.483,46.905,3877,3848000.00
2002-09-10 00:00:00,46.958,46.748,47.431,47.431,3047,3021000.00
2002-09-11 00:00:00,47.011,44.858,47.378,45.593,9466,9132000.00
2002-09-12 00:00:00,45.593,45.173,46.170,45.855,2921,2821000.00
2002-09-13 00:00:00,45.855,45.173,45.908,45.750,1389,1337000.00
2002-09-16 00:00:00,45.383,43.860,45.383,44.227,4743,4466999.00
2002-09-17 00:00:00,44.227,43.072,44.648,43.282,4407,4081000.00
2002-09-18 00:00:00,43.177,43.125,43.807,43.177,1930,1781000.00
2002-09-19 00:00:00,43.335,43.282,45.278,44.805,4217,3967000.00
2002-09-20 00:00:00,44.595,44.070,45.173,44.490,2259,2132000.00
2002-09-23 00:00:00,44.437,43.807,44.595,44.280,1601,1500000.00
2002-09-24 00:00:00,44.280,43.965,44.595,44.437,1201,1128000.00
2002-09-25 00:00:00,44.332,43.807,45.015,43.860,2911,2732000.00
2002-09-26 00:00:00,43.912,43.177,43.912,43.282,2620,2413000.00
2002-10-08 00:00:00,42.232,40.972,42.232,41.549,3082,2737000.00
2002-10-09 00:00:00,41.549,38.609,41.549,39.396,4694,4014000.00
2002-10-10 00:00:00,39.186,39.186,40.657,39.869,2632,2261000.00
2002-10-11 00:00:00,39.869,39.817,40.604,39.869,1698,1461000.00
2002-10-14 00:00:00,39.922,39.081,40.919,40.499,1450,1244000.00
2002-10-15 00:00:00,40.552,40.132,40.657,40.499,1037,897000.00
2002-10-16 00:00:00,40.552,40.552,41.444,40.919,1704,1496000.00
2002-10-17 00:00:00,40.919,39.554,41.024,39.606,2146,1844000.00
2002-10-18 00:00:00,39.501,38.871,40.132,39.922,1824,1545000.00
2002-10-21 00:00:00,39.659,38.556,39.659,39.239,2865,2409000.00
2002-10-22 00:00:00,39.396,39.239,41.182,40.972,4328,3761000.00
2002-10-23 00:00:00,41.077,40.184,41.654,41.602,2982,2617000.00
2002-10-24 00:00:00,41.444,40.762,41.549,40.814,2188,1919000.00
2002-10-25 00:00:00,40.919,38.976,41.077,39.449,3904,3321000.00
2002-10-28 00:00:00,39.081,38.976,40.027,39.186,2148,1810000.00
2002-10-29 00:00:00,39.239,38.976,40.132,40.079,1619,1370000.00
2002-10-30 00:00:00,40.657,40.132,41.549,41.024,6413,5623000.00
2002-10-31 00:00:00,41.024,40.184,41.287,40.289,1962,1707000.00
2002-11-01 00:00:00,40.132,39.869,40.762,40.657,1160,1003000.00
2002-11-04 00:00:00,40.657,40.394,41.287,41.234,2297,2014000.00
2002-11-05 00:00:00,41.234,40.814,42.127,42.022,5807,5165000.00
2002-11-06 00:00:00,42.022,41.234,42.127,41.444,2503,2220000.00
2002-11-07 00:00:00,41.602,40.762,41.602,41.024,2958,2595000.00
2002-11-08 00:00:00,41.339,39.186,42.127,39.396,3758,3235000.00
2002-11-11 00:00:00,39.606,39.029,40.132,39.134,2197,1855000.00
2002-11-12 00:00:00,39.134,35.406,39.344,36.141,6834,5461000.00
2002-11-13 00:00:00,36.141,34.880,36.666,36.613,4500,3490000.00
2002-11-14 00:00:00,36.456,34.986,36.456,34.986,4047,3119000.00
2002-11-15 00:00:00,34.880,34.408,36.088,35.143,3446,2645000.00
2002-11-18 00:00:00,35.143,34.513,35.511,34.670,1666,1262000.00
2002-11-19 00:00:00,34.986,33.830,35.668,35.301,2023,1527000.00
2002-11-20 00:00:00,35.143,33.778,35.143,33.883,2295,1706000.00
2002-11-21 00:00:00,33.725,31.625,33.725,31.625,3118,2223000.00
2002-11-22 00:00:00,32.150,30.942,32.780,31.677,3321,2342000.00
2002-11-25 00:00:00,31.047,30.942,32.255,31.887,1159,815000.00
2002-11-26 00:00:00,32.255,31.257,32.623,31.362,2047,1438000.00
2002-11-27 00:00:00,31.152,30.680,32.097,32.045,1876,1296000.00
2002-11-28 00:00:00,31.992,31.467,33.725,33.463,3292,2370000.00
2002-11-29 00:00:00,34.250,33.568,34.880,34.198,7318,5491000.00
2002-12-02 00:00:00,33.673,31.887,33.988,31.992,3041,2206000.00
2002-12-03 00:00:00,31.940,31.940,32.938,32.938,1799,1285000.00
2002-12-04 00:00:00,32.938,32.675,33.725,32.938,1563,1136000.00
2002-12-05 00:00:00,32.412,32.255,32.833,32.833,756,540000.00
2002-12-06 00:00:00,32.675,32.623,33.043,32.780,957,690000.00
2002-12-09 00:00:00,32.728,32.255,32.833,32.360,711,507000.00
2002-12-10 00:00:00,32.255,31.520,32.570,31.625,1295,913000.00
2002-12-11 00:00:00,31.467,31.205,31.520,31.467,1066,738000.00
2002-12-12 00:00:00,31.572,31.520,32.465,31.677,1025,723000.00
2002-12-13 00:00:00,31.677,31.520,33.305,32.780,1790,1280000.00
2002-12-16 00:00:00,32.833,32.465,33.568,33.410,2559,1864000.00
2002-12-17 00:00:00,33.410,32.938,33.673,33.620,2056,1501000.00
2002-12-18 00:00:00,33.305,33.200,34.565,33.200,4704,3492000.00
2002-12-19 00:00:00,33.043,33.043,36.928,34.618,9667,7380000.00
2002-12-20 00:00:00,34.145,33.883,35.091,34.880,3874,2920000.00
2002-12-23 00:00:00,35.406,34.408,35.406,34.565,3854,2922000.00
2002-12-24 00:00:00,34.565,34.093,34.880,34.565,1906,1428000.00
2002-12-25 00:00:00,34.828,34.093,34.880,34.145,1768,1333000.00
2002-12-30 00:00:00,33.043,32.045,33.043,32.150,4180,2976000.00
2002-12-31 00:00:00,32.150,31.310,32.570,31.362,2527,1780000.00
2003-01-02 00:00:00,31.205,30.680,31.467,30.732,2881,1973000.00
2003-01-03 00:00:00,30.785,30.417,31.047,30.942,1683,1145000.00
2003-01-06 00:00:00,30.942,30.470,31.992,31.992,1845,1277000.00
2003-01-07 00:00:00,31.730,31.205,32.675,31.625,2557,1801000.00
2003-01-08 00:00:00,31.625,31.625,32.780,32.675,2441,1732000.00
2003-01-09 00:00:00,32.780,32.517,33.830,33.673,4886,3562000.00
2003-01-10 00:00:00,33.620,32.780,33.935,32.780,3450,2520000.00
2003-01-13 00:00:00,32.675,32.412,33.200,32.780,1712,1231000.00
2003-01-14 00:00:00,32.780,32.517,35.143,34.618,7522,5620000.00
2003-01-15 00:00:00,34.618,34.408,36.456,36.193,18810,14491000.00
2003-01-16 00:00:00,36.088,35.563,36.981,36.928,14580,11470000.00
2003-01-17 00:00:00,36.456,35.616,36.928,35.878,8847,6933000.00
2003-01-20 00:00:00,34.880,34.198,35.616,35.406,7991,6080000.00
2003-01-21 00:00:00,35.143,34.618,35.931,34.618,5417,4168000.00
2003-01-22 00:00:00,34.355,34.093,34.986,34.513,3164,2381000.00
2003-01-23 00:00:00,34.408,34.093,35.983,35.721,11427,8770000.00
2003-01-24 00:00:00,35.721,35.248,36.351,36.088,12724,9928000.00
2003-01-27 00:00:00,35.931,35.721,36.771,36.666,11487,9019000.00
2003-01-28 00:00:00,36.613,36.456,37.664,37.506,15169,12179000.00
2003-01-29 00:00:00,37.874,36.718,37.926,36.823,14102,11363000.00
2003-02-10 00:00:00,36.718,35.563,36.718,35.616,3585,2792000.00
2003-02-11 00:00:00,35.458,35.458,36.298,36.298,2257,1761000.00
2003-02-12 00:00:00,36.456,36.088,36.876,36.718,3828,3032000.00
2003-02-13 00:00:00,36.928,36.561,37.716,37.506,9103,7315000.00
2003-02-14 00:00:00,37.611,36.771,37.611,36.981,3963,3175000.00
2003-02-17 00:00:00,36.928,36.036,37.348,36.246,4329,3441000.00
2003-02-18 00:00:00,36.246,36.246,36.246,36.246,0,0.00
2003-02-19 00:00:00,36.246,36.141,36.718,36.718,2663,2104000.00
2003-02-20 00:00:00,36.718,36.508,37.138,36.561,2377,1892000.00
2003-02-21 00:00:00,36.193,35.038,36.403,35.196,4803,3708000.00
2003-02-24 00:00:00,34.933,34.460,35.668,34.986,2497,1914000.00
2003-02-25 00:00:00,34.986,34.986,36.036,35.983,3327,2581000.00
2003-02-26 00:00:00,35.983,35.668,36.193,35.826,2257,1759000.00
2003-02-27 00:00:00,35.773,35.458,36.193,35.511,2316,1796000.00
2003-02-28 00:00:00,35.563,35.563,36.351,35.773,2142,1672000.00
2003-03-03 00:00:00,35.773,35.668,36.508,36.456,3632,2840000.00
2003-03-04 00:00:00,36.403,36.088,36.561,36.403,2241,1762000.00
2003-03-05 00:00:00,36.771,35.668,36.771,35.721,1822,1420000.00
2003-03-06 00:00:00,35.458,34.618,35.563,34.775,4029,3067000.00
2003-03-07 00:00:00,34.618,34.618,35.143,34.723,2221,1685000.00
2003-03-10 00:00:00,34.408,33.253,34.670,33.358,3380,2502000.00
2003-03-11 00:00:00,33.200,33.200,35.406,33.778,1734,1287000.00
2003-03-12 00:00:00,33.830,33.305,34.355,34.093,1264,933000.00
2003-03-13 00:00:00,34.355,33.148,34.355,33.253,4022,2947000.00
2003-03-14 00:00:00,33.305,33.043,33.620,33.200,1761,1283000.00
2003-03-17 00:00:00,33.043,32.255,33.148,32.780,1815,1304000.00
2003-03-18 00:00:00,33.043,32.360,33.305,32.465,1610,1164000.00
2003-03-19 00:00:00,32.465,32.045,33.043,32.517,1774,1269000.00
2003-03-20 00:00:00,32.780,32.150,32.780,32.517,1405,1002000.00
2003-03-21 00:00:00,32.570,31.992,32.780,32.780,1930,1382000.00
2003-03-24 00:00:00,32.728,32.517,32.885,32.517,1187,851000.00
2003-03-25 00:00:00,32.780,31.782,32.780,31.940,2413,1710000.00
2003-03-26 00:00:00,31.940,31.467,32.202,31.625,2095,1467000.00
2003-03-27 00:00:00,31.415,31.047,33.095,32.885,3096,2181000.00
2003-03-28 00:00:00,32.885,32.360,33.253,32.517,2337,1685000.00
2003-03-31 00:00:00,32.412,32.360,32.938,32.675,1829,1308000.00
2003-04-01 00:00:00,32.780,32.675,33.410,33.253,2403,1745000.00
2003-04-02 00:00:00,33.095,32.517,33.410,33.095,1902,1378000.00
2003-04-03 00:00:00,32.990,32.360,34.040,33.305,3093,2263000.00
2003-04-04 00:00:00,33.043,32.780,33.830,33.148,1839,1332000.00
2003-04-07 00:00:00,32.990,32.097,33.043,32.202,3211,2291000.00
2003-04-08 00:00:00,32.045,31.625,32.202,31.677,3894,2729000.00
2003-04-09 00:00:00,31.730,31.100,31.730,31.730,4537,3141000.00
2003-04-10 00:00:00,31.730,31.205,32.150,31.572,5504,3823000.00
2003-04-11 00:00:00,31.572,31.310,32.360,32.255,5285,3714000.00
2003-04-14 00:00:00,32.360,32.360,33.830,33.830,8418,6150000.00
2003-04-15 00:00:00,34.093,33.200,34.513,33.358,7172,5268000.00
2003-04-16 00:00:00,33.568,32.202,33.725,32.255,8277,5955000.00
2003-04-17 00:00:00,32.255,31.625,32.780,32.202,5507,3878000.00
2003-04-18 00:00:00,32.202,31.782,32.990,32.728,6926,4909000.00
2003-04-21 00:00:00,32.517,31.730,32.517,32.045,5203,3664000.00
2003-04-22 00:00:00,32.307,31.887,32.623,32.045,2255,1596000.00
2003-04-23 00:00:00,32.045,31.310,32.255,31.310,3864,2698000.00
2003-04-24 00:00:00,31.205,29.629,31.205,30.102,4683,3164000.00
2003-04-25 00:00:00,30.049,29.734,30.837,30.312,2452,1643000.00
2003-04-28 00:00:00,30.312,28.579,30.312,30.049,5181,3388000.00
2003-04-29 00:00:00,29.629,28.579,30.049,28.684,2790,1807000.00
2003-04-30 00:00:00,28.684,27.109,28.842,27.792,6795,4293000.00
2003-05-12 00:00:00,27.792,25.954,27.792,26.164,3366,2042000.00
2003-05-13 00:00:00,25.954,23.223,25.954,24.273,6578,3662000.00
2003-05-14 00:00:00,24.326,24.326,27.214,27.214,6206,3710000.00
2003-05-15 00:00:00,28.159,27.371,29.629,27.476,19620,12561000.00
2003-05-16 00:00:00,27.266,27.004,29.104,29.052,10536,6702000.00
2003-05-19 00:00:00,29.052,28.527,29.629,28.894,4829,3130000.00
2003-05-20 00:00:00,28.894,27.897,29.104,28.999,4628,2953000.00
2003-05-21 00:00:00,28.947,28.107,29.262,28.474,3430,2213000.00
2003-05-23 00:00:00,29.209,28.632,30.154,29.524,7121,4673000.00
2003-05-26 00:00:00,29.157,28.737,29.944,28.999,3703,2409000.00
2003-05-27 00:00:00,28.842,28.159,28.894,28.684,4308,2748000.00
2003-05-28 00:00:00,28.684,28.527,29.524,28.684,3554,2294000.00
2003-05-29 00:00:00,28.579,28.317,30.522,29.944,11831,7806000.00
2003-05-30 00:00:00,29.892,29.104,29.944,29.629,7119,4678000.00
2003-06-02 00:00:00,29.629,29.419,30.522,30.365,6996,4678000.00
2003-06-03 00:00:00,31.310,30.732,32.255,31.047,20208,14008000.00
2003-06-04 00:00:00,30.680,29.367,30.680,30.207,6026,4015000.00
2003-06-05 00:00:00,30.154,29.314,30.154,29.524,3048,2014000.00
2003-06-06 00:00:00,29.104,28.894,29.472,28.947,2246,1459000.00
2003-06-09 00:00:00,28.579,27.949,28.842,28.054,1987,1260000.00
2003-06-10 00:00:00,27.897,27.739,28.369,28.054,1779,1123000.00
2003-06-11 00:00:00,28.317,28.159,28.789,28.684,1266,809000.00
2003-06-12 00:00:00,28.579,28.054,28.999,28.999,2102,1343000.00
2003-06-13 00:00:00,29.052,28.579,29.314,28.737,1547,998000.00
2003-06-16 00:00:00,28.632,28.317,28.737,28.369,1327,846000.00
2003-06-17 00:00:00,28.317,28.317,28.684,28.527,1383,881000.00
2003-06-18 00:00:00,28.579,27.949,28.579,28.002,1920,1216000.00
2003-06-19 00:00:00,27.949,27.424,28.054,27.529,1975,1228000.00
2003-06-20 00:00:00,27.424,27.424,27.739,27.529,1541,958000.00
2003-06-23 00:00:00,27.424,27.056,27.792,27.109,1018,625000.00
2003-06-24 00:00:00,26.899,26.846,27.424,27.161,1534,935000.00
2003-06-25 00:00:00,27.214,26.794,27.371,26.846,1013,617000.00
2003-06-26 00:00:00,26.584,25.954,26.794,26.636,2296,1371000.00
2003-06-27 00:00:00,26.636,25.954,26.636,26.059,1236,733000.00
2003-06-30 00:00:00,25.901,25.218,25.901,25.323,1300,757000.00
2003-07-01 00:00:00,25.008,25.008,25.639,25.323,1466,849000.00
2003-07-02 00:00:00,25.691,24.693,25.691,25.323,742,424000.00
2003-07-03 00:00:00,25.376,25.218,25.429,25.376,1273,736000.00
2003-07-04 00:00:00,25.954,25.376,25.954,25.429,658,382000.00
2003-07-07 00:00:00,25.639,25.429,25.691,25.481,681,396000.00
2003-07-08 00:00:00,25.429,25.429,26.059,25.954,853,501000.00
2003-07-09 00:00:00,25.481,23.538,25.954,25.534,1315,769000.00
2003-07-10 00:00:00,25.429,24.956,25.901,25.639,2239,1295000.00
2003-07-11 00:00:00,25.534,25.271,25.639,25.376,1190,688000.00
2003-07-14 00:00:00,25.323,24.798,25.429,24.903,1219,699000.00
2003-07-15 00:00:00,24.903,24.641,25.166,24.851,1130,643000.00
2003-07-16 00:00:00,24.588,24.536,24.903,24.851,1668,944000.00
2003-07-17 00:00:00,24.693,24.378,24.851,24.536,2186,1229000.00
2003-07-18 00:00:00,24.378,23.801,24.536,23.853,2096,1158000.00
2003-07-21 00:00:00,23.853,22.278,23.853,23.013,2791,1502000.00
2003-07-22 00:00:00,22.960,22.855,23.381,23.223,1522,814000.00
2003-07-23 00:00:00,23.328,23.066,23.853,23.538,1234,668000.00
2003-07-24 00:00:00,23.591,23.328,23.643,23.538,966,523000.00
2003-07-25 00:00:00,23.906,23.223,24.011,23.328,1480,807000.00
2003-07-28 00:00:00,22.855,22.593,23.276,22.960,1166,617000.00
2003-07-29 00:00:00,22.960,22.803,23.118,23.066,700,373000.00
2003-07-30 00:00:00,22.750,22.435,22.855,22.645,861,453000.00
2003-07-31 00:00:00,22.645,22.645,23.118,23.066,802,426000.00
2003-08-01 00:00:00,22.645,22.645,23.643,23.591,1476,789000.00
2003-08-04 00:00:00,23.591,23.171,24.011,23.958,1572,858000.00
2003-08-05 00:00:00,23.643,23.643,25.849,24.903,4699,2679000.00
2003-08-06 00:00:00,24.588,24.116,24.798,24.378,2254,1262000.00
2003-08-07 00:00:00,24.641,23.958,24.903,24.063,1037,577000.00
2003-08-08 00:00:00,24.011,23.643,24.221,24.011,1621,890000.00
2003-08-11 00:00:00,23.643,23.591,24.011,23.906,712,390000.00
2003-08-12 00:00:00,23.853,23.853,24.641,24.378,887,493000.00
2003-08-13 00:00:00,24.273,23.853,24.378,24.116,757,420000.00
2003-08-14 00:00:00,24.168,24.168,25.429,24.378,3016,1723000.00
2003-08-15 00:00:00,24.431,23.643,24.431,23.853,1544,848000.00
2003-08-18 00:00:00,24.063,23.853,24.851,24.378,2116,1186000.00
2003-08-19 00:00:00,24.326,24.326,25.061,24.588,1159,654000.00
2003-08-20 00:00:00,24.588,24.273,24.903,24.536,1226,692000.00
2003-08-21 00:00:00,24.903,24.378,24.903,24.483,736,414000.00
2003-08-22 00:00:00,24.378,24.063,24.693,24.168,1036,578000.00
2003-08-25 00:00:00,24.378,23.276,24.378,23.381,1369,746000.00
2003-08-26 00:00:00,23.433,23.223,23.538,23.433,1053,569000.00
2003-08-27 00:00:00,23.433,22.855,23.433,23.276,830,445000.00
2003-08-28 00:00:00,23.381,23.066,23.486,23.223,518,279000.00
2003-08-29 00:00:00,23.118,22.750,23.223,23.223,1071,570000.00
2003-09-01 00:00:00,22.960,22.803,23.591,23.591,1178,635000.00
2003-09-02 00:00:00,23.748,23.276,23.748,23.591,1284,699000.00
2003-09-03 00:00:00,23.381,21.753,24.956,24.851,3200,1751000.00
2003-09-04 00:00:00,24.326,23.958,25.429,24.431,4456,2532000.00
2003-09-05 00:00:00,23.853,23.643,24.378,23.696,1443,796000.00
2003-09-08 00:00:00,23.433,23.328,23.748,23.486,789,428000.00
2003-09-09 00:00:00,23.643,23.381,23.853,23.748,431,235000.00
2003-09-10 00:00:00,23.748,23.591,23.853,23.853,539,295000.00
2003-09-11 00:00:00,23.906,23.381,23.958,23.486,631,343000.00
2003-09-12 00:00:00,23.433,22.750,23.486,22.908,1342,716000.00
2003-09-15 00:00:00,23.328,22.698,23.328,22.698,745,394000.00
2003-09-16 00:00:00,22.330,22.068,23.223,23.013,1019,533000.00
2003-09-17 00:00:00,22.750,22.278,23.066,22.330,403,210000.00
2003-09-18 00:00:00,22.068,21.963,22.540,22.015,1192,617000.00
2003-09-19 00:00:00,22.540,22.015,22.540,22.225,718,372000.00
2003-09-22 00:00:00,22.173,21.753,22.225,21.858,1412,726000.00
2003-09-23 00:00:00,22.120,21.753,22.383,22.278,743,383000.00
2003-09-24 00:00:00,22.330,22.068,22.908,22.645,1434,748000.00
2003-09-25 00:00:00,22.645,22.015,22.645,22.120,725,377000.00
2003-09-26 00:00:00,22.120,21.858,22.225,21.963,699,361000.00
2003-09-29 00:00:00,21.910,20.965,21.910,21.228,1106,558000.00
2003-09-30 00:00:00,21.280,20.703,21.648,21.333,888,442000.00
2003-10-08 00:00:00,21.333,20.913,21.438,21.280,761,380000.00
2003-10-09 00:00:00,21.333,21.228,21.595,21.280,485,243000.00
2003-10-10 00:00:00,20.965,20.965,21.963,21.910,1406,712000.00
2003-10-13 00:00:00,21.910,21.595,22.015,21.648,782,398000.00
2003-10-14 00:00:00,21.438,20.965,21.543,21.280,1018,511000.00
2003-10-15 00:00:00,21.228,21.228,21.753,21.385,653,330000.00
2003-10-16 00:00:00,21.280,20.755,21.280,20.965,844,419000.00
2003-10-17 00:00:00,21.018,20.860,21.123,20.965,644,319000.00
2003-10-20 00:00:00,20.965,20.282,20.965,20.387,581,282000.00
2003-10-21 00:00:00,20.072,19.705,20.230,20.230,943,448000.00
2003-10-22 00:00:00,20.177,20.177,20.808,20.703,1259,611000.00
2003-10-23 00:00:00,20.703,20.177,20.965,20.230,1079,528000.00
2003-10-24 00:00:00,20.177,19.810,20.282,20.020,1310,626000.00
2003-10-27 00:00:00,20.177,19.337,20.230,19.495,1088,511000.00
2003-10-28 00:00:00,19.390,18.340,19.757,18.865,1563,716000.00
2003-10-29 00:00:00,18.865,18.077,18.865,18.340,1738,775000.00
2003-10-30 00:00:00,17.814,17.552,18.392,17.867,1109,484000.00
2003-10-31 00:00:00,17.709,17.709,19.022,18.182,1123,499000.00
2003-11-03 00:00:00,18.182,18.129,19.022,18.497,1831,822000.00
2003-11-04 00:00:00,18.340,18.340,18.917,18.812,2098,947000.00
2003-11-05 00:00:00,18.865,17.972,18.865,18.024,2012,890000.00
2003-11-06 00:00:00,17.657,15.977,17.657,16.187,6056,2473000.00
2003-11-07 00:00:00,15.977,15.189,15.977,15.766,4105,1610000.00
2003-11-10 00:00:00,15.661,15.241,16.029,15.977,2182,858000.00
2003-11-11 00:00:00,15.977,15.766,16.239,16.134,1629,651000.00
2003-11-12 00:00:00,16.239,15.504,16.239,15.872,1041,414000.00
2003-11-13 00:00:00,15.872,15.661,16.239,16.082,1562,624000.00
2003-11-14 00:00:00,16.082,16.082,16.869,16.712,2851,1169000.00
2003-11-17 00:00:00,16.712,16.292,16.869,16.607,1565,643000.00
2003-11-18 00:00:00,16.554,15.661,16.712,15.977,2352,941000.00
2003-11-19 00:00:00,15.977,15.766,16.764,16.607,2938,1200000.00
2003-11-20 00:00:00,16.659,16.607,17.814,17.762,6790,2893000.00
2003-11-21 00:00:00,17.762,17.237,18.602,17.342,6483,2833000.00
2003-11-24 00:00:00,17.394,17.079,19.075,18.917,7732,3436000.00
2003-11-25 00:00:00,19.127,18.340,19.390,18.970,9962,4551000.00
2003-11-26 00:00:00,18.970,18.707,19.390,19.232,5501,2524000.00
2003-11-27 00:00:00,19.127,17.814,19.232,18.077,4561,2037000.00
2003-11-28 00:00:00,18.024,17.867,18.655,18.392,2812,1253000.00
2003-12-01 00:00:00,18.602,18.602,20.703,19.652,11795,5572000.00
2003-12-02 00:00:00,20.177,19.127,20.282,20.072,9560,4509000.00
2003-12-03 00:00:00,19.390,19.390,20.177,19.652,6292,2970000.00
2003-12-04 00:00:00,19.390,18.865,19.652,19.127,6045,2779000.00
2003-12-05 00:00:00,19.180,19.180,20.492,20.020,9884,4721000.00
2003-12-08 00:00:00,20.072,19.652,20.282,19.757,2973,1404000.00
2003-12-09 00:00:00,19.652,19.022,19.652,19.600,2585,1194000.00
2003-12-10 00:00:00,19.600,19.232,19.862,19.810,2708,1266000.00
2003-12-11 00:00:00,19.810,19.442,20.703,20.335,7554,3625000.00
2003-12-12 00:00:00,20.230,19.757,20.282,20.177,2514,1197000.00
2003-12-15 00:00:00,20.072,19.757,20.177,19.757,1894,898000.00
2003-12-16 00:00:00,19.757,18.865,19.915,19.075,3797,1749000.00
2003-12-17 00:00:00,18.865,18.445,19.337,18.445,3574,1628000.00
2003-12-18 00:00:00,18.340,17.394,18.445,17.867,3448,1501000.00
2003-12-19 00:00:00,17.814,16.764,17.814,16.922,3759,1585000.00
2003-12-22 00:00:00,16.502,16.187,17.972,17.657,4142,1750000.00
2003-12-23 00:00:00,17.709,17.709,19.915,19.915,14181,6625000.00
2003-12-24 00:00:00,19.915,19.390,21.228,20.650,22853,11011000.00
2003-12-25 00:00:00,20.177,18.707,20.230,19.652,11274,5294000.00
2003-12-26 00:00:00,19.390,18.602,19.547,19.547,6443,2951000.00
2003-12-29 00:00:00,19.442,18.865,19.862,18.970,3925,1810000.00
2003-12-30 00:00:00,18.707,18.707,20.703,19.390,6830,3233000.00
2003-12-31 00:00:00,19.495,18.497,19.915,18.602,5379,2472000.00
2004-01-02 00:00:00,18.865,18.340,19.075,18.550,3101,1399000.00
2004-01-05 00:00:00,18.497,17.814,18.497,17.919,7909,3463000.00
2004-01-06 00:00:00,17.972,16.764,17.972,17.447,9033,3818000.00
2004-01-07 00:00:00,17.027,17.027,17.867,17.657,6124,2639000.00
2004-01-08 00:00:00,17.814,17.552,18.077,17.867,6582,2856000.00
2004-01-09 00:00:00,17.867,17.342,18.235,18.077,8115,3504000.00
2004-01-12 00:00:00,18.077,17.447,18.182,17.709,5213,2255000.00
2004-01-13 00:00:00,17.709,17.709,18.602,18.602,8280,3649000.00
2004-01-14 00:00:00,18.602,18.024,18.602,18.497,4395,1948000.00
2004-01-15 00:00:00,18.340,17.972,18.340,18.024,4561,2012000.00
2004-01-16 00:00:00,18.077,17.709,18.182,17.972,5025,2195000.00
2004-01-29 00:00:00,17.552,17.342,18.497,18.497,9775,4307000.00
2004-01-30 00:00:00,18.655,18.235,19.862,18.917,14622,6732000.00
2004-02-02 00:00:00,19.180,18.917,21.333,21.333,24993,12257000.00
2004-02-03 00:00:00,22.225,22.173,23.958,23.171,78226,42284000.00
2004-02-04 00:00:00,22.540,21.595,25.954,24.273,50522,27935000.00
2004-02-05 00:00:00,23.853,23.066,25.586,24.483,33313,18795000.00
2004-02-06 00:00:00,24.273,23.643,25.376,23.958,25065,14186000.00
2004-02-09 00:00:00,23.748,23.066,24.903,24.378,21326,11742000.00
2004-02-10 00:00:00,24.273,24.011,27.319,27.319,61349,36528000.00
2004-02-11 00:00:00,26.846,25.849,26.951,26.426,26760,15968000.00
2004-02-12 00:00:00,26.479,25.954,26.951,26.584,18371,11004000.00
2004-02-13 00:00:00,26.636,24.378,26.636,24.536,25759,14801000.00
2004-02-16 00:00:00,23.801,23.748,25.323,24.956,14958,8479000.00
2004-02-17 00:00:00,24.956,24.693,25.481,25.429,15475,8917000.00
2004-02-18 00:00:00,25.323,24.798,25.534,25.061,11485,6586000.00
2004-02-19 00:00:00,25.113,24.903,26.479,26.006,19099,11283000.00
2004-02-20 00:00:00,25.691,24.798,25.691,25.481,12703,7313000.00
2004-02-23 00:00:00,25.481,24.903,27.161,26.164,27867,16537000.00
2004-02-24 00:00:00,26.059,24.798,26.059,25.639,13753,7956000.00
2004-02-25 00:00:00,25.429,24.903,26.741,24.903,15999,9427000.00
2004-02-26 00:00:00,24.378,22.803,24.588,23.118,16868,9122000.00
2004-02-27 00:00:00,23.118,23.118,23.748,23.696,7382,4006000.00
2004-03-01 00:00:00,23.853,23.328,24.588,24.273,6748,3711000.00
2004-03-02 00:00:00,24.273,23.696,24.798,24.378,7967,4469000.00
2004-03-03 00:00:00,23.958,23.223,24.378,23.328,7040,3851000.00
2004-03-04 00:00:00,23.328,22.803,24.116,23.958,6985,3772000.00
2004-03-05 00:00:00,23.958,23.958,26.846,26.111,50900,30066000.00
2004-03-08 00:00:00,25.691,24.378,25.901,24.431,20439,11668000.00
2004-03-09 00:00:00,24.378,23.381,25.113,23.591,9085,5085000.00
2004-03-10 00:00:00,23.538,23.328,24.641,24.536,6322,3483000.00
2004-03-11 00:00:00,24.273,23.853,25.639,25.534,11599,6616000.00
2004-03-12 00:00:00,25.534,24.956,26.269,25.691,13452,7858000.00
2004-03-15 00:00:00,25.691,25.113,26.479,25.901,17209,10200000.00
2004-03-16 00:00:00,26.006,25.691,28.999,27.844,61012,37811000.00
2004-03-17 00:00:00,27.004,25.691,27.581,26.846,39233,23751000.00
2004-03-18 00:00:00,26.531,26.059,28.474,27.949,38684,23950000.00
2004-03-19 00:00:00,27.949,27.686,29.104,28.317,39815,25375000.00
2004-03-22 00:00:00,28.474,27.844,30.102,29.577,35140,22828000.00
2004-03-23 00:00:00,29.157,28.317,29.629,28.894,22809,14689000.00
2004-03-24 00:00:00,28.947,27.634,28.947,27.897,22523,14191000.00
2004-03-25 00:00:00,27.529,26.636,28.054,27.109,17410,10727000.00
2004-03-26 00:00:00,27.109,27.056,28.054,27.529,9433,5879000.00
2004-03-29 00:00:00,27.529,26.636,27.792,26.741,10183,6186000.00
2004-03-30 00:00:00,26.794,26.269,27.161,26.689,9340,5621000.00
2004-03-31 00:00:00,27.161,26.321,27.792,27.792,11652,7120000.00
2004-04-01 00:00:00,27.792,27.266,27.792,27.529,8105,5007000.00
2004-04-02 00:00:00,27.529,26.951,27.581,27.214,11032,6756000.00
2004-04-05 00:00:00,27.004,26.741,27.476,27.056,10344,6311000.00
2004-04-06 00:00:00,26.899,26.899,27.792,27.739,12602,7780000.00
2004-04-07 00:00:00,27.792,27.161,27.792,27.214,8448,5213000.00
2004-04-08 00:00:00,29.629,27.266,29.629,27.424,14621,9214000.00
2004-04-09 00:00:00,27.581,25.849,27.581,25.954,13351,8063000.00
2004-04-12 00:00:00,25.429,25.429,27.004,26.164,8202,4873000.00
2004-04-13 00:00:00,26.164,25.429,26.741,25.639,6243,3683000.00
2004-04-14 00:00:00,25.954,24.693,26.216,24.903,7029,4047000.00
2004-04-15 00:00:00,25.323,23.328,25.429,23.591,6963,3898000.00
2004-04-16 00:00:00,22.803,22.540,23.853,23.696,10933,5855000.00
2004-04-19 00:00:00,23.748,22.803,23.748,23.013,3690,1981000.00
2004-04-20 00:00:00,22.803,22.330,22.960,22.540,4084,2153000.00
2004-04-21 00:00:00,22.593,22.330,23.643,22.855,5817,3093000.00
2004-04-22 00:00:00,22.803,22.593,23.328,23.223,2845,1515000.00
2004-04-23 00:00:00,23.276,22.383,23.538,22.383,4294,2281000.00
2004-04-26 00:00:00,22.120,19.652,22.120,20.072,11538,5604000.00
2004-04-27 00:00:00,19.862,18.655,19.915,19.075,8807,4035000.00
2004-04-28 00:00:00,19.075,19.075,20.650,20.230,7249,3443000.00
2004-04-29 00:00:00,20.177,19.652,20.282,19.757,5190,2466000.00
2004-04-30 00:00:00,19.915,18.655,20.282,20.020,4925,2306000.00
2004-05-10 00:00:00,19.967,19.285,20.072,19.390,2259,1057000.00
2004-05-11 00:00:00,19.390,19.390,19.915,19.862,1912,900000.00
2004-05-12 00:00:00,20.808,20.808,22.330,22.330,10087,5181000.00
2004-05-13 00:00:00,23.748,22.593,24.798,23.801,43166,23669000.00
2004-05-14 00:00:00,23.276,22.383,23.276,22.803,14485,7648000.00
2004-05-17 00:00:00,22.645,22.068,23.066,22.750,6831,3581000.00
2004-05-18 00:00:00,22.173,22.015,22.803,22.750,6522,3405000.00
2004-05-19 00:00:00,23.013,22.278,23.328,22.645,9441,5031000.00
2004-05-20 00:00:00,22.330,22.015,22.855,22.068,5299,2755000.00
2004-05-21 00:00:00,22.645,22.068,23.223,22.803,6259,3317000.00
2004-05-24 00:00:00,22.960,22.278,23.223,22.435,3828,2007000.00
2004-05-25 00:00:00,22.383,20.440,22.383,20.598,8817,4355000.00
2004-05-26 00:00:00,20.440,20.230,21.385,21.228,5168,2554000.00
2004-05-28 00:00:00,22.435,21.963,23.696,22.015,14305,7570000.00
2004-05-31 00:00:00,22.015,21.333,22.435,22.225,3485,1789000.00
2004-06-01 00:00:00,22.278,21.963,22.750,22.540,5567,2903000.00
2004-06-02 00:00:00,22.540,22.068,22.803,22.803,5928,3093000.00
2004-06-03 00:00:00,22.803,22.173,22.803,22.435,3564,1857000.00
2004-06-04 00:00:00,22.278,22.225,23.433,22.855,11408,6085000.00
2004-06-07 00:00:00,22.908,21.228,23.066,21.700,5799,2977000.00
2004-06-08 00:00:00,21.700,21.280,22.015,21.280,3450,1743000.00
2004-06-09 00:00:00,21.280,19.652,21.648,19.862,5666,2757000.00
2004-06-10 00:00:00,19.915,19.547,20.387,19.967,4182,1993000.00
2004-06-11 00:00:00,19.652,19.652,20.755,20.072,3613,1746000.00
2004-06-14 00:00:00,19.442,18.497,20.072,18.760,3173,1459000.00
2004-06-15 00:00:00,18.760,18.760,19.915,19.810,3384,1576000.00
2004-06-16 00:00:00,20.072,19.390,20.177,19.915,2756,1304000.00
2004-06-17 00:00:00,20.440,20.072,21.700,20.177,9326,4585000.00
2004-06-18 00:00:00,20.072,18.865,21.175,20.440,4843,2356000.00
2004-06-21 00:00:00,20.440,20.177,21.123,20.808,4469,2190000.00
2004-06-22 00:00:00,20.965,20.440,21.123,21.123,4937,2436000.00
2004-06-23 00:00:00,20.965,20.177,20.965,20.598,3268,1583000.00
2004-06-24 00:00:00,20.755,20.177,20.755,20.177,2337,1131000.00
2004-06-25 00:00:00,20.125,19.180,20.125,19.180,2574,1204000.00
2004-06-28 00:00:00,18.970,16.817,18.970,17.657,5896,2551000.00
2004-06-29 00:00:00,17.394,17.027,17.972,17.867,2333,1000000.00
2004-06-30 00:00:00,18.077,17.447,18.182,17.552,2334,1011000.00
2004-07-01 00:00:00,17.552,16.922,18.865,18.602,3842,1695000.00
2004-07-02 00:00:00,18.602,18.287,19.127,18.602,4443,2001000.00
2004-07-05 00:00:00,18.707,18.129,18.707,18.340,2099,935000.00
2004-07-06 00:00:00,18.602,18.129,18.917,18.550,4050,1821000.00
2004-07-07 00:00:00,18.550,18.497,19.075,18.655,3006,1360000.00
2004-07-08 00:00:00,18.550,17.919,18.602,18.287,1922,847000.00
2004-07-09 00:00:00,18.550,17.972,18.760,18.602,2149,958000.00
2004-07-12 00:00:00,18.445,17.552,18.445,17.657,1325,574000.00
2004-07-13 00:00:00,17.709,17.394,18.129,18.077,1815,785000.00
2004-07-14 00:00:00,18.707,17.552,18.917,18.235,3111,1378000.00
2004-07-15 00:00:00,18.182,17.709,18.602,18.392,2371,1047000.00
2004-07-16 00:00:00,18.235,18.235,19.547,19.180,9823,4487000.00
2004-07-19 00:00:00,19.232,18.865,19.390,19.180,4029,1856000.00
2004-07-20 00:00:00,18.865,18.340,18.917,18.707,2886,1299000.00
2004-07-21 00:00:00,18.497,18.235,19.285,18.970,2948,1347000.00
2004-07-22 00:00:00,18.970,17.972,18.970,18.077,2901,1295000.00
2004-07-23 00:00:00,17.814,17.709,18.077,17.867,2546,1111000.00
2004-07-26 00:00:00,17.814,17.447,17.814,17.604,1846,796000.00
2004-07-27 00:00:00,17.657,17.447,17.867,17.709,1518,655000.00
2004-07-28 00:00:00,17.657,17.552,18.129,18.077,3123,1354000.00
2004-07-29 00:00:00,18.077,17.657,18.287,18.235,1933,845000.00
2004-07-30 00:00:00,17.972,17.552,18.129,17.552,1636,711000.00
2004-08-02 00:00:00,16.922,16.869,17.289,16.869,3167,1330000.00
2004-08-03 00:00:00,16.869,16.869,17.237,17.079,2136,896000.00
2004-08-04 00:00:00,17.079,16.974,18.024,17.709,2771,1196000.00
2004-08-05 00:00:00,17.919,17.237,18.812,18.235,7399,3268000.00
2004-08-06 00:00:00,18.287,17.394,18.602,17.657,4729,2066000.00
2004-08-09 00:00:00,17.499,17.499,17.972,17.762,1554,672000.00
2004-08-10 00:00:00,17.814,17.657,18.077,18.077,1271,554000.00
2004-08-11 00:00:00,18.235,17.499,18.235,17.709,1753,758000.00
2004-08-12 00:00:00,17.027,17.027,17.552,17.237,2072,876000.00
2004-08-13 00:00:00,17.132,17.132,17.499,17.499,1135,485000.00
2004-08-16 00:00:00,17.709,16.869,17.762,17.709,2862,1217000.00
2004-08-17 00:00:00,17.814,17.394,17.814,17.814,2530,1093000.00
2004-08-18 00:00:00,17.972,17.289,18.340,17.394,5794,2529000.00
2004-08-19 00:00:00,17.342,15.504,17.342,16.292,6393,2579000.00
2004-08-20 00:00:00,16.502,15.714,17.027,16.554,2708,1100000.00
2004-08-23 00:00:00,16.502,16.029,16.869,16.502,2073,844000.00
2004-08-24 00:00:00,16.502,16.502,17.762,16.974,4567,1935000.00
2004-08-25 00:00:00,17.447,17.027,17.604,17.394,3996,1699000.00
2004-08-26 00:00:00,17.394,16.764,17.394,16.817,1295,541000.00
2004-08-27 00:00:00,16.817,16.134,16.817,16.344,2045,832000.00
2004-08-30 00:00:00,16.029,16.029,16.554,16.502,1260,513000.00
2004-08-31 00:00:00,17.342,16.764,17.552,17.027,3479,1464000.00
2004-09-01 00:00:00,17.079,16.502,17.079,16.502,1198,495000.00
2004-09-02 00:00:00,16.292,16.292,17.237,17.079,1767,737000.00
2004-09-03 00:00:00,16.974,16.974,18.182,17.604,8410,3640000.00
2004-09-06 00:00:00,17.604,17.237,17.814,17.342,2135,913000.00
2004-09-07 00:00:00,17.342,17.184,17.762,17.762,3033,1303000.00
2004-09-08 00:00:00,17.972,17.499,18.077,17.709,3912,1692000.00
2004-09-09 00:00:00,17.709,16.817,17.709,16.869,3025,1273000.00
2004-09-10 00:00:00,17.027,16.764,17.657,17.342,4029,1711000.00
2004-09-13 00:00:00,17.447,16.817,17.604,17.027,3168,1343000.00
2004-09-14 00:00:00,17.132,17.132,18.602,18.445,11814,5167000.00
2004-09-15 00:00:00,18.129,18.077,20.335,19.600,23571,10906000.00
2004-09-16 00:00:00,19.180,18.812,19.600,19.337,11067,5098000.00
2004-09-17 00:00:00,19.232,18.865,19.915,19.810,13593,6342000.00
2004-09-20 00:00:00,19.915,19.390,20.703,20.545,19599,9347000.00
2004-09-21 00:00:00,20.703,20.020,21.175,20.282,14904,7247000.00
2004-09-22 00:00:00,20.440,19.390,20.965,19.547,12382,5952000.00
2004-09-23 00:00:00,19.652,19.127,20.387,20.335,6370,2994000.00
2004-09-24 00:00:00,20.335,19.022,20.598,19.022,10368,4931000.00
2004-09-27 00:00:00,19.442,18.602,19.600,19.547,8041,3685000.00
2004-09-28 00:00:00,19.600,18.707,20.177,19.285,6354,2941000.00
2004-09-29 00:00:00,19.285,18.602,19.285,18.655,3578,1625000.00
2004-09-30 00:00:00,18.287,17.972,18.917,17.972,2520,1117000.00
2004-10-08 00:00:00,17.972,17.447,18.602,18.550,2952,1288000.00
2004-10-11 00:00:00,18.445,18.077,18.917,18.392,5598,2499000.00
2004-10-12 00:00:00,18.287,17.657,18.287,17.709,3167,1376000.00
2004-10-13 00:00:00,17.867,17.079,18.077,17.289,3891,1658000.00
2004-10-14 00:00:00,17.394,15.977,17.552,16.082,5871,2413000.00
2004-10-15 00:00:00,16.082,15.977,16.607,16.292,3096,1253000.00
2004-10-18 00:00:00,15.977,15.977,16.607,16.502,1680,683000.00
2004-10-19 00:00:00,16.607,16.239,16.922,16.397,3501,1437000.00
2004-10-20 00:00:00,16.397,15.714,16.397,15.924,3493,1394000.00
2004-10-21 00:00:00,16.029,13.824,16.082,13.824,7579,2800000.00
2004-10-22 00:00:00,12.878,11.933,13.614,13.193,11371,3806000.00
2004-10-25 00:00:00,13.403,13.403,14.716,14.139,12717,4660000.00
2004-10-26 00:00:00,14.034,12.248,14.559,14.244,6262,2241000.00
2004-10-27 00:00:00,15.872,15.556,16.187,16.187,6008,2418000.00
2004-10-28 00:00:00,18.287,18.287,18.287,18.287,6974,3096000.00
2004-10-29 00:00:00,19.915,18.077,19.915,18.182,70833,32334000.00
2004-11-01 00:00:00,17.972,17.027,18.235,17.657,22365,9619000.00
2004-11-02 00:00:00,17.709,16.502,18.445,17.027,21298,9004000.00
2004-11-03 00:00:00,16.869,16.817,17.814,17.499,22534,9579000.00
2004-11-04 00:00:00,17.079,16.397,17.289,16.502,19463,8095000.00
2004-11-05 00:00:00,16.502,16.292,17.342,16.974,10729,4460000.00
2004-11-08 00:00:00,16.764,16.397,16.922,16.817,5588,2306000.00
2004-11-09 00:00:00,16.397,16.029,17.079,17.027,11406,4700000.00
2004-11-10 00:00:00,17.027,16.397,17.972,17.814,21869,9310000.00
2004-11-11 00:00:00,17.709,17.289,18.235,17.289,22673,9840000.00
2004-11-12 00:00:00,16.922,16.712,17.499,16.974,7276,3053000.00
2004-11-15 00:00:00,16.502,16.502,17.132,17.079,5592,2338000.00
2004-11-16 00:00:00,17.132,16.764,17.289,16.974,4332,1813000.00
2004-11-17 00:00:00,17.132,16.502,17.132,16.554,4419,1826000.00
2004-11-18 00:00:00,16.502,16.502,17.132,17.132,4951,2052000.00
2004-11-19 00:00:00,17.079,16.817,19.285,18.602,27715,12358000.00
2004-11-22 00:00:00,18.340,17.657,18.602,18.445,16974,7514000.00
2004-11-23 00:00:00,18.077,17.919,19.022,18.760,17313,7754000.00
2004-11-24 00:00:00,18.655,17.552,19.075,17.657,11465,5088000.00
2004-11-25 00:00:00,17.709,16.869,17.709,17.027,7424,3147000.00
2004-11-26 00:00:00,16.922,16.817,17.552,17.237,3458,1471000.00
2004-11-30 00:00:00,16.869,16.554,17.237,17.237,5122,2136000.00
2004-12-01 00:00:00,17.184,16.607,17.237,16.764,5444,2262000.00
2004-12-02 00:00:00,16.764,16.554,17.184,17.079,4669,1951000.00
2004-12-03 00:00:00,17.132,16.869,17.814,17.552,9532,4099000.00
2004-12-06 00:00:00,17.657,17.447,18.024,17.867,5394,2341000.00
2004-12-07 00:00:00,17.814,16.764,17.867,16.869,4508,1914000.00
2004-12-08 00:00:00,16.922,16.869,17.289,17.184,2418,1016000.00
2004-12-09 00:00:00,17.289,16.764,17.289,17.079,3221,1354000.00
2004-12-10 00:00:00,17.027,16.239,17.132,16.239,5996,2472000.00
2004-12-13 00:00:00,16.239,15.977,17.289,16.502,3761,1549000.00
2004-12-14 00:00:00,16.502,16.239,16.659,16.292,2051,834000.00
2004-12-15 00:00:00,16.397,14.139,16.502,15.399,8463,3266000.00
2004-12-16 00:00:00,15.451,15.031,15.504,15.031,4050,1564000.00
2004-12-17 00:00:00,15.031,14.454,15.031,14.874,2099,792000.00
2004-12-20 00:00:00,14.874,14.454,15.294,15.136,1705,651000.00
2004-12-21 00:00:00,15.399,15.084,15.609,15.294,1636,635000.00
2004-12-22 00:00:00,15.451,15.294,15.924,15.872,3360,1320000.00
2004-12-23 00:00:00,15.872,15.084,15.872,15.136,3486,1356000.00
2004-12-24 00:00:00,15.136,14.401,15.189,14.926,4019,1523000.00
2004-12-27 00:00:00,14.716,14.611,15.031,14.926,1705,642000.00
2004-12-28 00:00:00,15.031,14.506,15.346,14.874,1806,684000.00
2004-12-29 00:00:00,14.874,14.506,15.346,15.294,3660,1391000.00
2004-12-30 00:00:00,14.926,14.506,14.979,14.716,2735,1029000.00
2004-12-31 00:00:00,14.559,13.771,15.084,13.929,3830,1400000.00
2005-01-04 00:00:00,13.981,13.509,13.981,13.824,1474,526000.00
2005-01-05 00:00:00,13.824,13.771,14.664,14.296,2180,801000.00
2005-01-06 00:00:00,14.296,13.929,14.559,14.454,2041,750000.00
2005-01-07 00:00:00,14.401,14.139,14.821,14.769,2162,809000.00
2005-01-10 00:00:00,15.084,14.559,15.084,14.874,1707,644000.00
2005-01-11 00:00:00,14.506,14.506,15.084,14.926,1836,696000.00
2005-01-12 00:00:00,14.926,14.559,15.031,14.979,1369,518000.00
2005-01-13 00:00:00,14.926,14.664,15.189,14.874,2213,842000.00
2005-01-14 00:00:00,15.031,14.769,15.714,15.346,7658,2951000.00
2005-01-17 00:00:00,15.346,14.244,15.346,14.821,5548,2113000.00
2005-01-18 00:00:00,14.926,14.611,15.451,15.241,3375,1289000.00
2005-01-19 00:00:00,15.031,14.821,15.451,15.189,3923,1507000.00
2005-01-20 00:00:00,15.189,14.401,15.189,14.664,3198,1204000.00
2005-01-21 00:00:00,14.926,14.296,15.136,14.979,3718,1399000.00
2005-01-24 00:00:00,15.189,15.084,15.872,15.556,7163,2787000.00
2005-01-25 00:00:00,15.346,15.189,16.082,15.924,8345,3290000.00
2005-01-26 00:00:00,15.872,15.294,15.977,15.714,3467,1358000.00
2005-01-27 00:00:00,15.241,14.664,15.346,14.716,2840,1087000.00
2005-01-28 00:00:00,14.716,13.824,14.926,13.876,3511,1287000.00
2005-01-31 00:00:00,13.876,13.088,13.929,13.193,3670,1287000.00
2005-02-01 00:00:00,13.141,12.826,13.771,12.983,2215,776000.00
2005-02-02 00:00:00,12.878,12.878,14.086,13.981,3048,1084000.00
2005-02-03 00:00:00,13.876,13.719,14.349,14.139,4832,1757000.00
2005-02-04 00:00:00,14.034,14.034,14.454,14.349,2646,970000.00
2005-02-16 00:00:00,14.454,14.401,14.874,14.664,2002,749000.00
2005-02-17 00:00:00,14.664,13.876,14.821,14.716,1244,463000.00
2005-02-18 00:00:00,14.559,14.401,14.664,14.506,1151,428000.00
2005-02-21 00:00:00,14.664,14.296,14.821,14.821,2827,1059000.00
2005-02-22 00:00:00,14.664,14.664,15.399,15.399,5897,2260000.00
2005-02-23 00:00:00,15.189,14.926,15.451,15.346,3961,1529000.00
2005-02-24 00:00:00,15.294,15.031,15.399,15.399,4121,1587000.00
2005-02-25 00:00:00,15.504,15.294,15.661,15.294,4647,1814000.00
2005-02-28 00:00:00,15.294,14.716,15.346,14.821,3544,1349000.00
2005-03-01 00:00:00,14.664,14.664,15.504,15.451,4451,1711000.00
2005-03-02 00:00:00,15.819,14.821,15.819,14.821,2392,923000.00
2005-03-03 00:00:00,14.926,14.769,15.399,15.346,2928,1118000.00
2005-03-04 00:00:00,15.346,14.821,15.399,15.084,2362,901000.00
2005-03-07 00:00:00,14.821,14.821,15.346,15.136,1625,621000.00
2005-03-08 00:00:00,15.031,14.979,15.661,15.609,6573,2547000.00
2005-03-09 00:00:00,15.556,15.294,16.239,15.924,16602,6615000.00
2005-03-10 00:00:00,15.924,14.926,15.924,14.926,5420,2096000.00
2005-03-11 00:00:00,14.926,14.139,15.241,14.716,3941,1480000.00
2005-03-14 00:00:00,14.821,13.876,14.821,14.296,4118,1509000.00
2005-03-15 00:00:00,14.139,13.876,14.244,13.929,3379,1224000.00
2005-03-16 00:00:00,13.981,13.771,14.086,13.876,2625,948000.00
2005-03-17 00:00:00,13.876,13.719,14.139,13.771,2238,808000.00
2005-03-18 00:00:00,13.771,12.983,13.824,12.983,2344,819000.00
2005-03-21 00:00:00,13.036,12.983,13.403,13.088,1099,379000.00
2005-03-22 00:00:00,13.088,12.248,13.088,12.353,2342,782000.00
2005-03-23 00:00:00,12.353,12.091,12.773,12.301,2413,796000.00
2005-03-24 00:00:00,12.196,12.143,12.931,12.878,2260,763000.00
2005-03-25 00:00:00,12.826,12.668,13.141,12.773,2351,803000.00
2005-03-28 00:00:00,12.616,12.038,12.931,12.458,1626,536000.00
2005-03-29 00:00:00,12.301,12.301,12.616,12.511,1009,337000.00
2005-03-30 00:00:00,12.511,11.566,12.511,11.566,2543,816000.00
2005-03-31 00:00:00,10.778,10.725,11.776,11.776,1502,471000.00
2005-04-01 00:00:00,11.566,11.513,12.511,12.353,4825,1565000.00
2005-04-04 00:00:00,12.353,12.038,13.298,12.721,4255,1433000.00
2005-04-05 00:00:00,12.511,11.776,12.616,12.038,2311,754000.00
2005-04-06 00:00:00,12.038,11.776,12.301,12.196,1602,522000.00
2005-04-07 00:00:00,12.091,12.038,12.773,12.458,3606,1205000.00
2005-04-08 00:00:00,12.563,12.406,12.878,12.721,2015,676000.00
2005-04-11 00:00:00,12.721,12.458,13.351,12.773,6611,2259000.00
2005-04-12 00:00:00,12.616,12.091,12.668,12.301,2346,776000.00
2005-04-13 00:00:00,12.668,12.301,12.721,12.511,3494,1168000.00
2005-04-14 00:00:00,12.616,12.143,12.721,12.301,3401,1126000.00
2005-04-15 00:00:00,11.933,11.513,12.721,12.091,3765,1220000.00
2005-04-18 00:00:00,11.776,11.146,12.038,11.618,2026,638000.00
2005-04-19 00:00:00,11.933,11.303,12.511,11.881,1350,430000.00
2005-04-20 00:00:00,11.776,11.041,11.776,11.513,2588,803000.00
2005-04-21 00:00:00,11.093,10.253,11.513,10.673,2902,880000.00
2005-04-22 00:00:00,10.463,9.203,10.725,9.360,4059,1151000.00
2005-04-25 00:00:00,9.360,9.255,10.200,10.148,5551,1555000.00
2005-04-26 00:00:00,10.148,8.678,10.515,9.623,7771,2128000.00
2005-04-27 00:00:00,9.623,8.835,9.623,8.993,3171,850000.00
2005-04-28 00:00:00,9.045,8.835,9.570,9.413,3418,929000.00
2005-04-29 00:00:00,8.993,8.940,9.308,9.203,1917,515000.00
2005-05-09 00:00:00,8.940,8.152,9.255,8.152,1962,500000.00
2005-05-10 00:00:00,8.257,6.892,8.257,7.680,3628,856000.00
2005-05-11 00:00:00,7.680,7.050,7.680,7.312,3157,742000.00
2005-05-12 00:00:00,7.050,7.050,7.995,7.575,3748,888000.00
2005-05-13 00:00:00,7.417,7.417,7.995,7.732,3524,857000.00
2005-05-16 00:00:00,7.785,7.365,7.995,7.942,2650,642000.00
2005-05-17 00:00:00,7.680,7.680,9.255,8.888,17021,4520000.00
2005-05-18 00:00:00,8.730,8.678,10.095,9.938,27773,7708000.00
2005-05-19 00:00:00,9.990,9.833,11.461,11.461,34954,10650000.00
2005-05-20 00:00:00,11.461,10.988,11.986,11.618,43234,13585000.00
2005-05-23 00:00:00,11.251,11.146,11.933,11.566,27012,8504000.00
2005-05-24 00:00:00,11.408,11.303,12.721,11.671,34289,11059000.00
2005-05-25 00:00:00,11.513,11.146,11.828,11.513,25008,7842000.00
2005-05-26 00:00:00,11.513,11.198,11.828,11.513,22843,7187000.00
2005-05-30 00:00:00,11.513,11.251,12.038,11.986,25124,7974000.00
2005-05-31 00:00:00,11.986,11.776,12.458,12.143,27423,8932000.00
2005-06-01 00:00:00,12.143,11.356,12.511,12.091,22186,7143000.00
2005-06-02 00:00:00,11.828,10.725,11.933,11.198,17062,5295000.00
2005-06-03 00:00:00,11.093,10.988,11.461,11.146,13276,4112000.00
2005-06-06 00:00:00,10.988,10.305,11.041,10.988,15972,4758000.00
2005-06-07 00:00:00,10.935,10.673,12.616,12.616,54294,17826000.00
2005-06-08 00:00:00,12.616,12.196,14.139,13.824,58485,20488000.00
2005-06-09 00:00:00,13.824,12.826,15.189,14.296,51799,18878000.00
2005-06-10 00:00:00,13.876,13.403,14.034,13.561,19188,6856000.00
2005-06-13 00:00:00,13.561,12.931,14.034,14.034,15206,5380000.00
2005-06-14 00:00:00,13.929,12.668,14.139,12.773,15630,5485000.00
2005-06-15 00:00:00,12.353,11.986,12.721,12.248,13442,4425000.00
2005-06-16 00:00:00,12.248,12.248,13.981,13.981,29188,10261000.00
2005-06-17 00:00:00,14.139,13.614,14.611,13.824,22372,8140000.00
2005-06-20 00:00:00,13.561,12.668,14.506,14.034,20141,7200000.00
2005-06-21 00:00:00,13.876,13.403,14.926,14.454,29848,11073000.00
2005-06-22 00:00:00,14.349,14.034,14.979,14.191,20571,7640000.00
2005-06-23 00:00:00,14.191,13.771,14.664,13.824,14160,5170000.00
2005-06-24 00:00:00,13.771,13.509,14.086,13.981,8053,2891000.00
2005-06-27 00:00:00,13.929,13.929,14.926,14.454,20230,7522000.00
2005-06-28 00:00:00,14.296,13.614,14.296,13.824,14521,5216000.00
2005-06-29 00:00:00,13.561,13.246,13.876,13.824,8861,3140000.00
2005-07-01 00:00:00,12.668,11.933,13.088,11.933,16519,5455000.00
2005-07-04 00:00:00,11.513,10.253,11.513,11.251,13711,4135000.00
2005-07-05 00:00:00,11.198,10.830,11.618,11.303,8017,2501000.00
2005-07-06 00:00:00,11.146,11.146,11.723,11.408,5247,1646000.00
2005-07-07 00:00:00,11.408,11.251,11.671,11.566,4580,1441000.00
2005-07-08 00:00:00,11.566,10.358,11.566,10.620,5870,1764000.00
2005-07-11 00:00:00,10.725,10.410,11.566,10.463,6320,1924000.00
2005-07-12 00:00:00,10.463,8.993,11.198,10.988,14825,4294000.00
2005-07-13 00:00:00,10.620,10.200,10.988,10.725,9149,2752000.00
2005-07-14 00:00:00,10.253,10.253,10.935,10.358,5202,1541000.00
2005-07-15 00:00:00,10.410,9.675,10.673,9.675,6352,1824000.00
2005-07-18 00:00:00,9.150,9.150,9.938,9.675,4471,1241000.00
2005-07-19 00:00:00,9.780,9.570,9.938,9.833,2589,729000.00
2005-07-20 00:00:00,9.780,9.413,9.938,9.675,2974,832000.00
2005-07-21 00:00:00,9.570,9.150,9.623,9.413,3416,939000.00
2005-07-22 00:00:00,9.675,9.518,10.883,10.883,18730,5589000.00
2005-07-25 00:00:00,10.883,10.883,12.038,11.461,25600,8089000.00
2005-07-26 00:00:00,11.461,11.041,11.671,11.566,14537,4575000.00
2005-07-27 00:00:00,11.618,11.408,12.038,11.828,11296,3600000.00
2005-07-28 00:00:00,11.986,11.356,12.038,11.461,13178,4179000.00
2005-07-29 00:00:00,11.303,10.883,11.513,11.198,9423,2906000.00
2005-08-01 00:00:00,11.198,11.041,11.408,11.408,6210,1929000.00
2005-08-02 00:00:00,11.513,11.093,11.723,11.618,9356,2930000.00
2005-08-03 00:00:00,11.618,11.408,13.298,12.826,30430,10142000.00
2005-08-04 00:00:00,12.406,11.986,12.931,12.038,15836,5248000.00
2005-08-05 00:00:00,12.038,11.986,12.563,12.301,11513,3794000.00
2005-08-08 00:00:00,12.563,12.196,12.983,12.668,15942,5329000.00
2005-08-09 00:00:00,12.406,12.143,13.771,13.246,20751,7111000.00
2005-08-10 00:00:00,13.246,12.301,13.246,13.036,14525,4956000.00
2005-08-11 00:00:00,13.246,12.721,13.298,13.193,16033,5519000.00
2005-08-12 00:00:00,13.193,12.038,13.193,12.091,20066,6735000.00
2005-08-15 00:00:00,12.091,12.038,12.721,12.616,10307,3419000.00
2005-08-16 00:00:00,12.458,12.196,13.036,12.826,11033,3703000.00
2005-08-17 00:00:00,12.826,12.196,13.666,13.193,20408,6996000.00
2005-08-18 00:00:00,12.983,11.776,13.561,11.881,19958,6815000.00
2005-08-19 00:00:00,11.776,10.883,12.196,11.356,14595,4600000.00
2005-08-22 00:00:00,11.146,11.146,11.671,11.566,5862,1837000.00
2005-08-23 00:00:00,11.461,10.988,11.881,11.408,6572,2056000.00
2005-08-24 00:00:00,11.198,11.198,11.776,11.461,6812,2137000.00
2005-08-25 00:00:00,11.461,11.461,12.038,12.038,11128,3559000.00
2005-08-26 00:00:00,12.038,11.776,13.036,12.301,15526,5168000.00
2005-08-29 00:00:00,12.563,11.776,12.563,11.986,8644,2823000.00
2005-08-30 00:00:00,11.828,11.356,11.828,11.408,5823,1841000.00
2005-08-31 00:00:00,11.408,11.146,11.776,11.776,6409,2019000.00
2005-09-01 00:00:00,11.828,11.566,12.511,12.301,11680,3828000.00
2005-09-02 00:00:00,12.721,12.301,12.826,12.511,15422,5169000.00
2005-09-05 00:00:00,12.301,12.301,13.614,13.141,23232,8038000.00
2005-09-06 00:00:00,13.088,12.301,13.141,12.511,18529,6275000.00
2005-09-07 00:00:00,12.458,12.301,13.193,13.193,16426,5579000.00
2005-09-08 00:00:00,13.193,12.616,13.246,12.931,13935,4771000.00
2005-09-09 00:00:00,12.931,12.406,12.983,12.458,8541,2868000.00
2005-09-12 00:00:00,12.563,12.511,13.193,13.088,13250,4528000.00
2005-09-13 00:00:00,13.246,12.826,13.509,13.509,17930,6234000.00
2005-09-14 00:00:00,13.614,13.141,13.719,13.509,24615,8654000.00
2005-09-15 00:00:00,13.561,13.141,13.666,13.561,15851,5568000.00
2005-09-16 00:00:00,13.561,13.351,14.244,13.666,23006,8254000.00
2005-09-19 00:00:00,13.824,13.771,14.349,13.981,20784,7556000.00
2005-09-20 00:00:00,13.981,13.193,13.981,13.456,19198,6768000.00
2005-09-21 00:00:00,13.403,12.826,13.456,13.141,13538,4654000.00
2005-09-22 00:00:00,12.931,12.038,13.141,12.511,12247,4131000.00
2005-09-23 00:00:00,12.196,11.776,12.458,12.038,8286,2717000.00
2005-09-26 00:00:00,12.143,11.986,12.563,12.511,6402,2115000.00
2005-09-27 00:00:00,12.511,11.776,12.563,12.038,8012,2605000.00
2005-09-28 00:00:00,12.038,11.041,12.091,11.356,9309,2925000.00
2005-09-29 00:00:00,11.408,11.356,11.828,11.618,5714,1809000.00
2005-09-30 00:00:00,11.776,11.303,11.828,11.356,5154,1617000.00
2005-10-10 00:00:00,11.461,11.041,12.143,11.986,8897,2821000.00
2005-10-11 00:00:00,11.933,11.566,12.196,12.143,7440,2410000.00
2005-10-12 00:00:00,12.143,11.828,12.196,12.091,5535,1796000.00
2005-10-13 00:00:00,11.933,11.566,12.091,11.723,4497,1442000.00
2005-10-14 00:00:00,11.723,11.356,11.723,11.461,2724,857000.00
2005-10-17 00:00:00,11.461,11.146,11.566,11.408,3884,1207000.00
2005-10-18 00:00:00,11.251,11.251,11.986,11.723,5004,1596000.00
2005-10-19 00:00:00,11.723,11.513,12.773,12.038,13458,4402000.00
2005-10-20 00:00:00,11.828,11.198,11.933,11.671,7263,2285000.00
2005-10-21 00:00:00,11.513,11.356,11.933,11.776,5031,1607000.00
2005-10-24 00:00:00,11.776,11.198,11.828,11.618,4609,1455000.00
2005-10-25 00:00:00,11.408,11.303,11.618,11.303,4416,1382000.00
2005-10-26 00:00:00,11.303,10.200,11.461,10.358,7212,2176000.00
2005-10-27 00:00:00,10.358,9.990,10.515,10.200,4404,1278000.00
2005-10-28 00:00:00,10.043,9.150,10.358,9.570,5578,1545000.00
2005-10-31 00:00:00,9.675,9.623,9.938,9.885,3503,990000.00
2005-11-01 00:00:00,10.043,9.413,10.043,9.833,2636,735000.00
2005-11-02 00:00:00,9.833,9.833,10.568,10.463,9256,2700000.00
2005-11-03 00:00:00,10.830,9.833,10.830,10.095,9327,2722000.00
2005-11-04 00:00:00,10.095,9.885,10.673,10.463,6314,1849000.00
2005-11-07 00:00:00,10.620,10.148,10.620,10.620,4228,1243000.00
2005-11-08 00:00:00,10.620,10.358,10.725,10.673,4409,1307000.00
2005-11-09 00:00:00,10.620,10.305,10.725,10.358,4123,1219000.00
2005-11-10 00:00:00,10.463,9.623,10.463,9.728,4543,1298000.00
2005-11-11 00:00:00,9.623,9.518,9.990,9.938,2978,839000.00
2005-11-14 00:00:00,9.623,9.623,10.095,9.990,1753,496000.00
2005-11-15 00:00:00,9.990,9.833,10.358,9.833,3512,1013000.00
2005-11-16 00:00:00,9.728,9.728,10.305,10.253,4593,1320000.00
2005-11-17 00:00:00,10.253,10.043,10.463,10.358,3681,1072000.00
2005-11-18 00:00:00,10.148,10.148,10.725,10.568,8887,2637000.00
2005-11-21 00:00:00,10.568,10.463,10.830,10.620,3774,1123000.00
2005-11-22 00:00:00,10.515,10.095,10.515,10.148,4326,1260000.00
2005-11-23 00:00:00,10.043,9.938,10.410,10.253,2514,728000.00
2005-11-24 00:00:00,10.358,10.095,10.358,10.358,4091,1188000.00
2005-11-25 00:00:00,10.410,10.148,10.463,10.410,1599,467000.00
2005-11-28 00:00:00,10.410,10.148,10.410,10.148,1454,422000.00
2005-11-29 00:00:00,10.095,9.833,10.148,9.938,3204,916000.00
2005-11-30 00:00:00,9.938,9.675,9.990,9.885,2329,656000.00
2005-12-01 00:00:00,9.885,9.675,10.043,9.780,1598,453000.00
2005-12-02 00:00:00,9.833,9.728,10.515,10.305,9714,2809000.00
2005-12-05 00:00:00,10.200,9.623,10.200,9.780,7150,2013000.00
2005-12-06 00:00:00,9.780,9.308,9.885,9.675,2940,822000.00
2005-12-07 00:00:00,9.570,9.465,9.728,9.623,2569,715000.00
2005-12-08 00:00:00,10.043,9.675,10.043,9.885,5193,1465000.00
2005-12-09 00:00:00,9.990,9.780,10.253,10.148,7381,2119000.00
2005-12-12 00:00:00,10.305,9.938,10.568,10.358,9793,2855000.00
2005-12-13 00:00:00,10.515,10.200,10.988,10.830,28787,8547000.00
2005-12-14 00:00:00,10.725,10.410,10.725,10.673,9090,2698000.00
2005-12-15 00:00:00,10.725,10.358,10.830,10.358,5981,1771000.00
2005-12-16 00:00:00,10.253,10.253,10.830,10.515,5311,1581000.00
2005-12-19 00:00:00,10.620,10.358,10.620,10.410,3023,889000.00
2005-12-20 00:00:00,10.358,10.148,10.410,10.410,4165,1213000.00
2005-12-21 00:00:00,10.305,9.938,10.410,9.938,4611,1331000.00
2005-12-22 00:00:00,9.938,9.728,10.253,10.200,5176,1478000.00
2005-12-23 00:00:00,10.095,9.938,10.305,10.253,4479,1292000.00
2005-12-26 00:00:00,10.095,9.990,10.410,10.253,5836,1700000.00
2005-12-27 00:00:00,10.410,10.148,10.515,10.358,5091,1495000.00
2005-12-28 00:00:00,10.358,10.200,10.463,10.463,3723,1091000.00
2005-12-29 00:00:00,10.515,10.305,10.568,10.410,5692,1676000.00
2006-01-04 00:00:00,10.253,10.253,10.725,10.568,7656,2267000.00
2006-01-05 00:00:00,10.515,10.410,10.988,10.778,11376,3419000.00
2006-01-06 00:00:00,11.303,10.673,11.303,10.935,13427,4071000.00
2006-01-09 00:00:00,11.303,10.830,11.303,11.041,8087,2470000.00
2006-01-10 00:00:00,11.198,10.935,11.723,11.356,19878,6211000.00
2006-01-11 00:00:00,11.303,10.988,11.671,11.146,17117,5335000.00
2006-01-12 00:00:00,11.146,10.883,11.513,11.461,14112,4368000.00
2006-01-13 00:00:00,11.461,11.041,11.513,11.303,10216,3167000.00
2006-01-16 00:00:00,11.146,10.883,11.356,10.935,6487,1996000.00
2006-01-17 00:00:00,10.725,10.725,11.041,10.883,5666,1715000.00
2006-01-18 00:00:00,10.778,10.778,11.198,11.198,7367,2259000.00
2006-01-19 00:00:00,11.198,10.935,11.513,11.356,11081,3441000.00
2006-01-20 00:00:00,11.408,11.251,11.671,11.671,18363,5770000.00
2006-01-23 00:00:00,11.881,11.461,11.933,11.723,17377,5538000.00
2006-01-24 00:00:00,11.618,11.251,11.933,11.566,11942,3784000.00
2006-01-25 00:00:00,11.566,11.146,11.671,11.251,8036,2501000.00
2006-02-06 00:00:00,11.251,11.251,11.776,11.671,7215,2292000.00
2006-02-07 00:00:00,11.671,11.408,12.931,12.563,28453,9292000.00
2006-02-08 00:00:00,12.038,12.038,12.458,12.196,14373,4711000.00
2006-02-09 00:00:00,12.196,11.933,12.721,11.986,11894,3942000.00
2006-02-10 00:00:00,11.828,11.828,12.668,12.248,8467,2778000.00
2006-02-13 00:00:00,12.353,12.038,12.878,12.878,21761,7318000.00
2006-02-14 00:00:00,12.931,12.458,12.931,12.668,8810,2955000.00
2006-02-15 00:00:00,12.668,12.406,12.826,12.563,8909,2983000.00
2006-02-16 00:00:00,12.511,11.513,12.616,11.566,11206,3637000.00
2006-02-17 00:00:00,11.513,11.303,11.776,11.461,5255,1661000.00
2006-02-20 00:00:00,11.356,11.146,11.461,11.146,5786,1798000.00
2006-02-21 00:00:00,11.146,10.988,11.461,11.461,4036,1249000.00
2006-02-22 00:00:00,11.461,11.461,11.776,11.566,4965,1572000.00
2006-02-23 00:00:00,11.461,11.146,11.671,11.513,4138,1291000.00
2006-02-24 00:00:00,11.513,11.303,11.671,11.566,5777,1817000.00
2006-02-27 00:00:00,11.461,11.251,11.566,11.566,5538,1732000.00
2006-02-28 00:00:00,11.723,11.251,11.723,11.513,4758,1490000.00
2006-03-01 00:00:00,12.038,11.566,12.038,11.776,7022,2245000.00
2006-03-02 00:00:00,11.828,11.303,12.038,11.356,8760,2782000.00
2006-03-03 00:00:00,11.723,11.356,12.248,11.986,15605,5012000.00
2006-03-06 00:00:00,12.143,12.143,13.666,13.666,86156,30393000.00
2006-03-07 00:00:00,13.771,12.563,13.771,12.931,52813,18335000.00
2006-03-08 00:00:00,12.563,12.196,13.193,13.036,32370,10964000.00
2006-03-09 00:00:00,12.931,12.091,12.931,12.143,23476,7796000.00
2006-03-10 00:00:00,12.143,10.725,12.353,11.408,25699,8082000.00
2006-03-13 00:00:00,11.408,11.251,11.881,11.723,11816,3724000.00
2006-03-14 00:00:00,11.776,11.356,11.776,11.618,6119,1934000.00
2006-03-15 00:00:00,11.513,11.408,11.828,11.671,8191,2602000.00
2006-03-16 00:00:00,11.671,11.566,12.091,11.933,11301,3644000.00
2006-03-17 00:00:00,11.986,11.566,12.143,11.566,8997,2888000.00
2006-03-20 00:00:00,11.461,11.408,12.038,11.986,9507,3020000.00
2006-03-21 00:00:00,11.986,11.671,12.616,12.196,14724,4823000.00
2006-03-22 00:00:00,12.406,11.881,12.563,12.511,13994,4624000.00
2006-03-23 00:00:00,12.616,12.248,12.668,12.668,17232,5760000.00
2006-03-24 00:00:00,12.721,12.143,12.721,12.353,14625,4871000.00
2006-03-27 00:00:00,12.511,12.248,12.773,12.773,12160,4062000.00
2006-03-28 00:00:00,12.826,12.406,12.826,12.721,19378,6501000.00
2006-03-29 00:00:00,12.878,12.511,12.983,12.668,26492,8949000.00
2006-03-30 00:00:00,12.668,12.091,12.668,12.248,10058,3337000.00
2006-03-31 00:00:00,12.091,11.881,12.353,12.353,6452,2105000.00
2006-04-03 00:00:00,12.143,11.986,12.458,12.353,9476,3116000.00
2006-04-04 00:00:00,12.301,11.933,13.141,12.878,19901,6651000.00
2006-04-05 00:00:00,12.826,12.511,12.878,12.721,11691,3945000.00
2006-04-06 00:00:00,12.616,12.353,12.826,12.563,10933,3662000.00
2006-04-07 00:00:00,12.406,12.248,14.139,13.246,25650,8879000.00
2006-04-10 00:00:00,13.088,12.773,13.824,13.824,25429,9003000.00
2006-04-11 00:00:00,13.771,13.246,13.771,13.456,16240,5710000.00
2006-04-12 00:00:00,13.456,13.193,14.349,13.981,27906,10073000.00
2006-04-13 00:00:00,13.981,13.403,14.191,13.403,23393,8347000.00
2006-04-14 00:00:00,13.351,13.088,14.716,14.664,34220,12495000.00
2006-04-27 00:00:00,16.659,15.451,16.659,16.659,59660,24349000.00
2006-04-28 00:00:00,16.659,15.451,17.342,16.607,38605,16012000.00
2006-05-08 00:00:00,16.239,14.716,16.292,15.872,39592,15564000.00
2006-05-09 00:00:00,15.714,15.346,16.974,16.554,39438,15918000.00
2006-05-10 00:00:00,16.607,15.872,17.814,17.552,50688,21304000.00
2006-05-11 00:00:00,17.604,17.552,19.127,18.024,60725,26832000.00
2006-06-27 00:00:00,29.577,26.588,30.957,30.382,190646,56056000.00
2006-06-28 00:00:00,30.382,29.003,30.612,29.692,121175,36586000.00
2006-06-30 00:00:00,30.382,29.922,31.072,30.727,88777,27399000.00
2006-07-03 00:00:00,30.497,30.267,30.957,30.727,53197,16474000.00
2006-07-04 00:00:00,30.727,30.727,32.337,31.647,76571,24394000.00
2006-07-05 00:00:00,31.762,30.152,31.992,31.302,42652,13336000.00
2006-07-06 00:00:00,31.302,30.842,33.141,32.682,70917,23015000.00
2006-07-07 00:00:00,32.567,32.567,33.831,33.716,88713,29531000.00
2006-07-10 00:00:00,33.946,32.222,33.946,32.682,90123,29696000.00
2006-07-11 00:00:00,32.567,31.877,32.682,32.452,41262,13373000.00
2006-07-12 00:00:00,32.337,31.532,32.337,32.107,44481,14270000.00
2006-07-13 00:00:00,31.762,28.428,31.762,28.428,52961,15982000.00
2006-07-14 00:00:00,27.393,27.163,28.543,27.738,36589,10475000.00
2006-07-17 00:00:00,27.738,27.508,28.543,28.313,16675,4830000.00
2006-07-18 00:00:00,28.313,28.313,28.888,28.888,16491,4818000.00
2006-07-19 00:00:00,28.658,28.198,30.382,29.348,35770,10738000.00
2006-07-20 00:00:00,29.118,29.118,29.922,29.233,15845,4750000.00
2006-07-21 00:00:00,29.233,28.428,29.577,28.543,13534,3973000.00
2006-07-24 00:00:00,28.658,27.738,29.118,28.428,10519,3051000.00
2006-07-25 00:00:00,28.198,28.083,28.888,28.888,10463,3071000.00
2006-07-26 00:00:00,28.888,28.543,29.233,29.003,12532,3702000.00
2006-07-27 00:00:00,29.003,28.083,29.118,28.198,11829,3454000.00
2006-07-28 00:00:00,27.968,27.508,28.658,28.313,11500,3316000.00
2006-07-31 00:00:00,28.313,26.013,28.543,26.128,16421,4559000.00
2006-08-01 00:00:00,26.013,25.669,26.933,25.784,12247,3301000.00
2006-08-02 00:00:00,25.784,24.289,26.243,25.209,12702,3336000.00
2006-08-03 00:00:00,24.864,24.404,25.324,24.979,8253,2141000.00
2006-08-04 00:00:00,24.979,24.059,25.324,24.174,10272,2666000.00
2006-08-07 00:00:00,23.714,21.300,23.714,22.105,15076,3590000.00
2006-08-08 00:00:00,22.105,22.105,23.024,23.024,10709,2566000.00
2006-08-09 00:00:00,22.909,22.335,23.944,23.599,11317,2790000.00
2006-08-10 00:00:00,23.599,23.254,23.944,23.714,9977,2486000.00
2006-08-11 00:00:00,23.714,23.714,24.289,23.944,9058,2287000.00
2006-08-14 00:00:00,23.714,22.335,24.059,22.794,7339,1791000.00
2006-08-15 00:00:00,22.909,22.105,23.254,23.254,5903,1436000.00
2006-08-16 00:00:00,23.369,23.369,24.174,23.944,8742,2193000.00
2006-08-17 00:00:00,24.059,22.564,24.404,24.289,9672,2393000.00
2006-08-18 00:00:00,23.829,22.679,24.174,23.599,7046,1758000.00
2006-08-21 00:00:00,22.335,21.990,23.369,23.369,7809,1893000.00
2006-08-22 00:00:00,22.794,22.794,23.714,23.369,6988,1724000.00
2006-08-23 00:00:00,23.139,22.909,23.484,23.254,6339,1559000.00
2006-08-24 00:00:00,23.254,22.564,23.254,23.254,6411,1563000.00
2006-08-25 00:00:00,23.484,23.254,24.289,24.174,15459,3887000.00
2006-08-28 00:00:00,24.634,23.829,24.634,24.404,14552,3710000.00
2006-08-29 00:00:00,24.519,24.174,25.094,24.289,16940,4367000.00
2006-08-30 00:00:00,24.404,23.829,24.979,24.979,16922,4347000.00
2006-08-31 00:00:00,24.979,24.634,25.554,25.324,18637,4902000.00
2006-09-01 00:00:00,25.324,25.094,26.243,25.209,28309,7524000.00
2006-09-04 00:00:00,25.439,24.749,25.899,25.554,17402,4598000.00
2006-09-05 00:00:00,26.013,25.439,26.818,26.818,24943,6789000.00
2006-09-06 00:00:00,27.048,27.048,30.037,29.463,142323,41854000.00
2006-09-07 00:00:00,28.888,27.508,28.888,27.738,46863,13513000.00
2006-09-08 00:00:00,27.738,26.818,27.738,27.278,20691,5797000.00
2006-09-11 00:00:00,27.163,26.013,27.163,26.933,17910,4931000.00
2006-09-12 00:00:00,26.703,26.588,27.623,27.163,14677,4114000.00
2006-09-13 00:00:00,27.163,26.013,27.163,26.013,12861,3530000.00
2006-09-14 00:00:00,26.013,25.439,26.358,26.013,13041,3490000.00
2006-09-15 00:00:00,26.013,26.013,27.623,26.933,15677,4364000.00
2006-09-18 00:00:00,27.163,26.473,27.393,27.278,13391,3728000.00
2006-09-19 00:00:00,27.163,26.933,28.428,27.393,22116,6319000.00
2006-09-20 00:00:00,27.278,27.278,28.198,27.968,25728,7360000.00
2006-09-21 00:00:00,27.968,27.278,28.198,27.738,15066,4287000.00
2006-09-22 00:00:00,27.508,26.703,27.853,26.818,12007,3356000.00
2006-09-25 00:00:00,26.818,26.818,27.968,27.623,22956,6521000.00
2006-09-26 00:00:00,27.738,26.933,27.738,27.393,9111,2554000.00
2006-09-27 00:00:00,27.393,26.818,27.853,27.163,9521,2665000.00
2006-09-28 00:00:00,27.048,26.588,27.163,26.818,15452,4283000.00
2006-09-29 00:00:00,26.933,26.933,27.508,27.278,12093,3392000.00
2006-10-09 00:00:00,27.393,27.278,27.853,27.738,11462,3250000.00
2006-10-10 00:00:00,27.853,27.393,28.658,28.313,28970,8350000.00
2006-10-11 00:00:00,28.543,27.508,28.543,28.313,13483,3880000.00
2006-10-12 00:00:00,28.198,27.623,30.037,29.118,53423,15806000.00
2006-10-13 00:00:00,28.773,28.543,30.612,30.267,69780,21189000.00
2006-10-16 00:00:00,30.382,29.233,30.842,29.463,63240,19176000.00
2006-10-17 00:00:00,29.577,28.313,29.577,28.658,26596,7818000.00
2006-10-18 00:00:00,30.037,30.037,31.992,31.992,95840,30776000.00
2006-10-19 00:00:00,31.992,31.417,33.027,32.797,173915,56462000.00
2006-10-20 00:00:00,32.337,30.612,32.567,30.612,75956,24158000.00
2006-10-23 00:00:00,30.382,30.152,32.567,31.877,89619,28514000.00
2006-10-24 00:00:00,31.877,31.417,33.371,32.682,85559,27856000.00
2006-10-25 00:00:00,32.912,31.187,33.141,31.762,50412,16218000.00
2006-10-26 00:00:00,31.762,30.382,31.762,30.497,34572,10801000.00
2006-10-27 00:00:00,30.497,28.658,30.727,29.003,43434,13042000.00
2006-10-30 00:00:00,28.888,28.773,29.807,29.577,21375,6351000.00
2006-10-31 00:00:00,29.577,29.003,29.692,29.463,19943,5964000.00
2006-11-01 00:00:00,29.577,29.577,30.612,30.152,20161,6169000.00
2006-11-02 00:00:00,30.152,29.003,30.152,29.348,19477,5823000.00
2006-11-03 00:00:00,29.463,29.003,29.807,29.348,21583,6445000.00
2006-11-06 00:00:00,29.118,28.083,29.233,28.313,31965,9342000.00
2006-11-07 00:00:00,28.083,26.933,28.198,27.623,27812,7838000.00
2006-11-08 00:00:00,27.623,27.623,28.428,27.738,17908,5146000.00
2006-11-09 00:00:00,28.083,27.393,28.198,27.853,13550,3867000.00
2006-11-10 00:00:00,27.738,27.393,28.428,27.853,17465,5014000.00
2006-11-13 00:00:00,27.738,25.554,27.853,26.013,19011,5210000.00
2006-11-14 00:00:00,26.013,24.864,26.588,26.358,17516,4693685.00
2006-11-15 00:00:00,26.013,25.554,26.818,26.358,13953,3800556.00
2006-11-16 00:00:00,26.473,25.784,26.818,26.128,15200,4150574.00
2006-11-17 00:00:00,25.784,25.784,26.588,26.128,10441,2839767.00
2006-11-20 00:00:00,26.013,24.979,26.473,25.784,12709,3415897.00
2006-11-21 00:00:00,25.784,24.979,26.013,25.439,15313,4047094.00
2006-11-22 00:00:00,25.439,25.094,27.853,26.703,26134,7215050.00
2006-11-23 00:00:00,26.703,26.243,27.163,27.048,16355,4532728.00
2006-11-24 00:00:00,27.163,26.703,27.738,27.508,17989,5058377.00
2006-11-27 00:00:00,27.508,27.393,28.313,28.198,18712,5387674.00
2006-11-28 00:00:00,28.543,27.623,28.543,27.853,14091,4037934.00
2006-11-29 00:00:00,27.738,26.703,27.853,27.508,12475,3529047.00
2006-11-30 00:00:00,27.393,27.278,28.083,27.968,20346,5822133.00
2006-12-01 00:00:00,27.738,27.738,28.888,28.083,30087,8754898.00
2006-12-04 00:00:00,28.083,28.083,28.773,28.658,27916,8114137.00
2006-12-05 00:00:00,28.658,28.198,29.807,29.348,45371,13456830.00
2006-12-06 00:00:00,29.463,26.703,29.463,27.853,35578,10222770.00
2006-12-07 00:00:00,27.853,27.393,28.543,27.853,27422,7875973.00
2006-12-08 00:00:00,27.623,26.588,27.853,26.588,21658,6052289.00
2006-12-11 00:00:00,26.588,26.588,27.623,27.508,13260,3723826.00
2006-12-12 00:00:00,27.508,26.703,27.623,27.048,11402,3184627.00
2006-12-13 00:00:00,27.048,26.818,27.623,27.623,15725,4420201.00
2006-12-14 00:00:00,27.853,27.508,28.428,27.968,23884,6848317.00
2006-12-15 00:00:00,28.083,27.508,28.313,28.313,23757,6794518.00
2006-12-18 00:00:00,28.313,28.198,29.003,28.658,30339,8848186.00
2006-12-19 00:00:00,28.658,27.278,28.658,28.083,20499,5863550.00
2006-12-20 00:00:00,27.508,27.508,28.888,28.543,27310,7921848.00
2006-12-21 00:00:00,28.543,28.428,30.382,29.233,83311,25018800.00
2006-12-22 00:00:00,29.003,29.003,30.727,30.267,78229,23924080.00
2006-12-25 00:00:00,30.382,29.692,30.957,30.267,46571,14321950.00
2006-12-26 00:00:00,30.612,28.773,30.727,29.463,31804,9600760.00
2006-12-27 00:00:00,29.348,28.543,29.348,29.003,17275,5090951.00
2006-12-28 00:00:00,29.003,27.508,29.233,27.738,24393,7020063.00
2006-12-29 00:00:00,27.853,27.508,28.313,27.853,20738,5937589.00
2007-01-04 00:00:00,27.853,27.278,28.313,27.508,26119,7417224.00
2007-01-05 00:00:00,27.508,27.163,28.313,28.198,27153,7753607.00
2007-01-08 00:00:00,28.198,28.083,29.922,29.922,41952,12505770.00
2007-01-09 00:00:00,29.922,29.463,32.452,32.452,89245,27708640.00
2007-01-10 00:00:00,31.992,30.727,33.371,33.371,99222,32012820.00
2007-01-11 00:00:00,33.716,33.716,37.165,34.981,213121,74695630.00
2007-01-12 00:00:00,34.866,31.532,35.441,31.647,81908,27470670.00
2007-01-15 00:00:00,31.532,31.302,33.946,33.831,52187,17127650.00
2007-01-16 00:00:00,33.831,32.682,34.751,33.946,50185,16914470.00
2007-01-17 00:00:00,33.946,32.567,35.211,33.256,71021,24108020.00
2007-01-18 00:00:00,33.027,32.682,34.636,34.061,45016,15104800.00
2007-01-19 00:00:00,34.176,34.176,36.591,36.016,91086,32174080.00
2007-01-22 00:00:00,36.476,36.016,38.085,37.970,95550,35132890.00
2007-01-23 00:00:00,38.085,36.246,38.545,37.625,82357,30161170.00
2007-01-24 00:00:00,37.740,37.395,40.269,39.580,98444,37846750.00
2007-01-25 00:00:00,39.465,36.705,39.465,36.705,68024,25399240.00
2007-01-26 00:00:00,36.131,33.486,37.510,36.246,53819,18992710.00
2007-01-29 00:00:00,36.131,36.131,40.384,40.384,134135,52074820.00
2007-01-30 00:00:00,41.534,39.580,41.879,40.269,115887,46039930.00
2007-01-31 00:00:00,39.810,37.050,40.040,37.395,63959,24348870.00
2007-02-01 00:00:00,36.361,35.211,38.085,37.510,51172,18659750.00
2007-02-02 00:00:00,37.510,37.050,40.729,37.625,60115,22833010.00
2007-02-05 00:00:00,37.970,37.970,39.465,38.545,41475,15791730.00
2007-02-06 00:00:00,39.350,38.430,40.384,40.155,45757,17716490.00
2007-02-07 00:00:00,40.844,39.350,40.959,40.269,53629,20991920.00
2007-02-08 00:00:00,40.269,38.775,40.384,40.040,52477,20442760.00
2007-02-09 00:00:00,39.810,39.350,43.029,42.109,93343,37674300.00
2007-02-12 00:00:00,42.109,41.304,42.569,42.339,56385,23084410.00
2007-02-13 00:00:00,42.339,41.189,42.684,42.109,55760,22774930.00
2007-02-14 00:00:00,42.339,41.649,46.823,46.823,113524,50243180.00
2007-02-15 00:00:00,48.432,47.857,51.996,51.996,196115,94959540.00
2007-02-16 00:00:00,52.686,52.686,57.630,54.296,143272,74381060.00
2007-02-26 00:00:00,54.525,54.525,60.274,60.274,87746,48756340.00
2007-02-27 00:00:00,64.988,60.504,66.827,60.734,244330,147703500.00
2007-02-28 00:00:00,61.079,61.079,67.287,67.287,150074,90856360.00
2007-03-01 00:00:00,69.126,61.654,69.356,63.033,124011,75256220.00
2007-03-02 00:00:00,63.378,58.894,64.873,61.654,76899,44552260.00
2007-03-05 00:00:00,61.654,57.285,62.228,59.929,62019,34912270.00
2007-03-06 00:00:00,60.504,60.504,66.482,66.482,148623,90834300.00
2007-03-07 00:00:00,67.172,63.953,67.172,66.827,96825,59574370.00
2007-03-08 00:00:00,66.712,66.022,74.070,74.070,132509,89774070.00
2007-03-09 00:00:00,74.415,73.725,81.198,77.174,143896,104423000.00
2007-03-12 00:00:00,75.910,75.910,83.727,82.118,76683,57695400.00
2007-03-13 00:00:00,81.888,78.324,83.497,81.773,98673,73355040.00
2007-03-14 00:00:00,80.968,77.749,80.968,79.244,61368,45118680.00
2007-03-15 00:00:00,79.244,77.289,83.727,80.393,64272,47670000.00
2007-03-16 00:00:00,80.508,76.139,82.693,77.059,68522,49930680.00
2007-03-19 00:00:00,75.105,72.001,80.048,77.289,60615,43245270.00
2007-03-20 00:00:00,77.634,77.404,79.933,79.589,42186,30730590.00
2007-03-21 00:00:00,80.393,79.589,88.096,85.682,112425,88205680.00
2007-03-22 00:00:00,85.797,83.727,88.096,84.417,87447,68983130.00
2007-03-23 00:00:00,84.417,80.048,84.992,82.923,88282,67002550.00
2007-03-27 00:00:00,84.072,81.773,86.257,84.532,89891,69659700.00
2007-03-28 00:00:00,86.142,78.324,86.257,81.198,73081,55602860.00
2007-03-29 00:00:00,81.083,75.450,81.773,75.565,93303,67032710.00
2007-03-30 00:00:00,75.450,70.851,79.589,79.244,72036,50992750.00
2007-04-02 00:00:00,78.784,75.680,79.818,79.818,64419,46489890.00
2007-04-03 00:00:00,79.818,79.474,86.027,81.083,70450,53676510.00
2007-04-04 00:00:00,80.853,78.899,82.348,80.278,47887,35563640.00
2007-04-05 00:00:00,80.048,79.129,81.198,81.198,47173,34945230.00
2007-04-06 00:00:00,81.083,80.048,86.602,84.647,127572,99943940.00
2007-04-09 00:00:00,84.877,83.497,86.372,85.337,97811,76697920.00
2007-04-10 00:00:00,85.337,85.337,92.925,91.315,136990,113295300.00
2007-04-11 00:00:00,92.120,89.476,94.074,92.120,91492,77299020.00
2007-04-12 00:00:00,92.120,89.706,92.695,92.005,65460,54673200.00
2007-04-13 00:00:00,91.890,86.946,91.890,87.061,98124,79980700.00
2007-04-16 00:00:00,86.946,85.797,89.821,88.786,67803,55015000.00
2007-04-17 00:00:00,87.981,86.257,94.074,93.845,151573,124652400.00
2007-04-18 00:00:00,93.845,92.465,101.317,99.478,138750,122945600.00
2007-04-19 00:00:00,97.409,89.016,97.868,89.016,189793,160378000.00
2007-04-20 00:00:00,89.016,89.016,94.649,92.120,118444,99606900.00
2007-04-24 00:00:00,95.569,92.695,100.168,94.879,153836,136028000.00
2007-04-25 00:00:00,92.695,86.831,93.270,89.936,100888,82929820.00
2007-04-26 00:00:00,89.821,89.821,94.419,93.385,127043,107380200.00
2007-04-27 00:00:00,96.259,95.569,100.168,100.168,255939,229786300.00
2007-04-30 00:00:00,98.443,96.029,105.456,102.352,187710,171689400.00
2007-05-08 00:00:00,109.710,105.341,113.044,113.044,194087,196176700.00
2007-05-09 00:00:00,114.654,109.250,123.736,116.263,223064,237038000.00
2007-05-11 00:00:00,116.263,109.940,120.862,112.009,119494,124132600.00
2007-05-14 00:00:00,109.940,103.962,113.619,108.331,101162,100474600.00
2007-05-15 00:00:00,108.331,99.018,110.860,100.168,120135,114216100.00
2007-05-16 00:00:00,100.168,97.983,104.537,104.537,91676,84972130.00
2007-05-17 00:00:00,104.767,103.617,107.641,106.491,122122,117226700.00
2007-05-18 00:00:00,106.491,102.582,106.491,103.617,90590,85876730.00
2007-05-21 00:00:00,98.443,96.374,106.491,104.881,122490,114879300.00
2007-05-22 00:00:00,105.226,105.226,114.884,109.940,166170,166996500.00
2007-05-23 00:00:00,110.170,110.170,115.114,113.964,156642,160252300.00
2007-05-24 00:00:00,114.539,107.756,115.459,110.860,142988,143487000.00
2007-05-25 00:00:00,110.515,107.756,110.860,109.825,111990,111667800.00
2007-05-28 00:00:00,111.090,109.940,114.539,112.814,182740,185677100.00
2007-05-29 00:00:00,113.389,109.940,116.838,116.838,244720,253214500.00
2007-05-30 00:00:00,108.216,104.652,116.148,104.652,185552,186915400.00
2007-05-31 00:00:00,102.467,93.730,106.721,94.304,136161,119806000.00
2007-06-01 00:00:00,94.189,84.417,96.604,84.417,94660,76227280.00
2007-06-04 00:00:00,76.139,75.450,81.773,75.450,33801,23923570.00
2007-06-05 00:00:00,67.402,67.402,72.001,71.886,159150,101170000.00
2007-06-06 00:00:00,71.771,65.103,74.760,71.541,135413,89328540.00
2007-06-07 00:00:00,71.426,68.092,79.244,79.244,213755,146438300.00
2007-06-08 00:00:00,79.359,76.024,84.302,80.623,171058,127120800.00
2007-06-11 00:00:00,80.623,79.589,84.532,79.818,106787,80451520.00
2007-06-12 00:00:00,79.818,71.426,80.623,77.864,117814,83501250.00
2007-06-13 00:00:00,78.554,78.094,84.877,84.762,141882,107516100.00
2007-06-14 00:00:00,84.302,78.899,91.545,88.096,215231,173756100.00
2007-06-15 00:00:00,88.901,85.797,91.775,89.476,139543,115174400.00
2007-06-18 00:00:00,90.510,89.936,98.903,98.903,198040,174097500.00
2007-06-19 00:00:00,101.777,98.443,109.250,109.250,243909,234587100.00
2007-06-20 00:00:00,108.560,104.881,120.632,114.424,341587,361772500.00
2007-06-22 00:00:00,121.437,102.467,122.012,102.467,188216,192145100.00
2007-06-25 00:00:00,102.812,91.775,107.066,91.775,142764,123526500.00
2007-06-26 00:00:00,86.946,83.038,96.604,96.029,96044,79825620.00
2007-06-27 00:00:00,95.914,92.120,100.513,94.994,89314,78844100.00
2007-06-28 00:00:00,94.994,89.246,99.593,89.591,65119,56900580.00
2007-06-29 00:00:00,85.682,82.348,89.131,82.348,68257,53652190.00
2007-07-02 00:00:00,79.474,78.094,88.671,88.671,50374,38649410.00
2007-07-03 00:00:00,88.671,86.257,89.821,88.556,46610,37834870.00
2007-07-04 00:00:00,88.786,82.348,89.246,83.497,31205,24541390.00
2007-07-05 00:00:00,83.382,74.645,83.382,74.645,45251,32636620.00
2007-07-06 00:00:00,74.070,69.816,82.348,81.888,48286,34333030.00
2007-07-09 00:00:00,81.083,80.623,86.372,84.187,42308,32578910.00
2007-07-10 00:00:00,84.072,77.749,84.532,78.784,34558,25627880.00
2007-07-11 00:00:00,79.474,79.474,86.372,83.382,47799,36797730.00
2007-07-12 00:00:00,83.038,80.968,85.912,84.877,27029,20690980.00
2007-07-13 00:00:00,85.452,81.428,85.452,82.233,19483,14929070.00
2007-07-16 00:00:00,82.118,78.324,84.532,79.703,17651,13274500.00
2007-07-17 00:00:00,79.933,79.818,83.382,81.428,21029,15889170.00
2007-07-18 00:00:00,81.543,81.428,84.072,81.543,23335,17825490.00
2007-07-19 00:00:00,80.278,80.278,86.831,85.567,47363,37082460.00
2007-07-20 00:00:00,84.762,84.762,93.730,92.695,64014,53636750.00
2007-07-23 00:00:00,92.695,92.695,98.213,95.224,67227,58508170.00
2007-07-24 00:00:00,95.569,94.994,101.892,96.374,72748,65415860.00
2007-07-25 00:00:00,95.914,94.074,99.708,98.443,156409,139386700.00
2007-07-26 00:00:00,98.213,96.144,107.641,102.122,81493,76528880.00
2007-07-27 00:00:00,100.743,96.144,100.973,99.823,83560,75562560.00
2007-07-30 00:00:00,97.523,97.294,101.547,99.018,85864,78110830.00
2007-07-31 00:00:00,98.558,93.959,100.398,97.064,77161,68497280.00
2007-08-01 00:00:00,97.868,86.946,99.363,87.291,88669,76075940.00
2007-08-02 00:00:00,87.406,84.647,90.510,89.246,78002,63405220.00
2007-08-03 00:00:00,90.166,86.946,92.005,87.866,56697,46203960.00
2007-08-06 00:00:00,88.671,88.671,94.879,94.534,87303,73407980.00
2007-08-07 00:00:00,95.569,90.970,96.029,92.695,84258,71810160.00
2007-08-08 00:00:00,92.120,88.441,92.695,90.510,44333,36739810.00
2007-08-09 00:00:00,90.510,89.936,93.270,90.166,38477,32277640.00
2007-08-10 00:00:00,89.821,82.003,90.281,86.946,83085,65401620.00
2007-08-13 00:00:00,86.372,82.923,86.372,83.957,54130,41886100.00
2007-08-14 00:00:00,83.957,83.842,88.096,86.717,43970,34900910.00
2007-08-15 00:00:00,87.866,82.693,87.866,85.337,48718,38032300.00
2007-08-16 00:00:00,85.337,83.038,87.866,87.406,51418,40337480.00
2007-08-17 00:00:00,86.372,85.567,93.730,90.855,117563,98103740.00
2007-08-20 00:00:00,93.270,91.775,94.764,93.500,88110,75487080.00
2007-08-21 00:00:00,93.730,90.625,95.684,93.845,93867,79975500.00
2007-08-22 00:00:00,93.845,92.465,100.743,97.294,127309,113615800.00
2007-08-23 00:00:00,98.443,95.914,101.432,97.294,91304,82430510.00
2007-08-24 00:00:00,96.489,93.845,98.673,96.144,79301,69688370.00
2007-08-27 00:00:00,97.638,92.465,98.443,92.695,75901,66038420.00
2007-08-28 00:00:00,91.775,91.200,102.467,102.467,128780,116025100.00
2007-08-29 00:00:00,103.502,101.662,111.205,108.101,251720,243753100.00
2007-08-30 00:00:00,108.216,105.111,117.988,117.988,252198,255391400.00
2007-08-31 00:00:00,125.691,117.988,128.220,120.632,263388,292057800.00
2007-09-03 00:00:00,122.127,116.953,128.565,124.541,211411,234822200.00
2007-09-04 00:00:00,123.046,116.838,124.886,117.873,129499,141570300.00
2007-09-05 00:00:00,117.988,112.239,120.287,119.712,129171,135688600.00
2007-09-06 00:00:00,117.988,117.988,131.784,130.174,193033,222792400.00
2007-09-07 00:00:00,127.185,126.610,143.281,135.693,202275,248265300.00
2007-09-10 00:00:00,132.359,131.784,140.981,136.038,127059,156447400.00
2007-09-11 00:00:00,136.958,121.897,136.958,121.897,131196,153027300.00
2007-09-12 00:00:00,116.838,110.055,121.437,115.688,120817,126072600.00
2007-09-13 00:00:00,117.413,115.688,122.357,119.138,88021,95401230.00
2007-09-14 00:00:00,119.712,113.044,121.092,117.068,65435,69064250.00
2007-09-17 00:00:00,117.758,115.573,129.255,129.255,132385,150595800.00
2007-09-18 00:00:00,129.140,127.185,142.131,132.589,117575,142858100.00
2007-09-19 00:00:00,132.589,125.921,136.268,126.151,72880,84696210.00
2007-09-20 00:00:00,127.415,125.576,132.819,126.266,63552,74163900.00
2007-09-21 00:00:00,127.300,115.803,129.370,121.322,67258,74360500.00
2007-09-24 00:00:00,122.587,118.563,124.886,121.207,40586,44829780.00
2007-09-25 00:00:00,121.437,116.378,122.587,119.252,42685,45716850.00
2007-09-26 00:00:00,119.712,115.918,122.702,116.493,37308,39891530.00
2007-09-27 00:00:00,117.988,115.688,121.437,119.138,46166,49507850.00
2007-09-28 00:00:00,121.437,119.712,125.576,122.702,66003,73797200.00
2007-10-08 00:00:00,125.116,118.908,126.725,120.862,51915,57050430.00
2007-10-09 00:00:00,121.437,116.608,125.576,117.873,59704,64422600.00
2007-10-10 00:00:00,117.988,111.320,119.597,112.469,76419,79631860.00
2007-10-11 00:00:00,112.469,106.836,112.814,108.216,75300,74522940.00
2007-10-12 00:00:00,108.331,96.949,109.710,101.317,101064,92891690.00
2007-10-15 00:00:00,102.467,98.558,108.560,105.226,77800,73984880.00
2007-10-16 00:00:00,105.456,99.938,106.721,106.491,49144,46258920.00
2007-10-17 00:00:00,106.146,100.743,106.146,101.777,42491,39953500.00
2007-10-19 00:00:00,98.558,95.914,101.317,96.949,45510,40777220.00
2007-10-22 00:00:00,97.064,94.994,103.617,100.858,53293,49030710.00
2007-10-23 00:00:00,100.513,100.168,106.261,104.881,52111,49264700.00
2007-10-24 00:00:00,105.341,97.179,105.916,97.179,33154,30761560.00
2007-10-25 00:00:00,96.144,86.946,99.938,86.946,54979,45569490.00
2007-10-26 00:00:00,86.372,78.439,86.372,83.727,47111,35659200.00
2007-10-29 00:00:00,84.072,81.888,87.866,86.257,23408,18352170.00
2007-10-30 00:00:00,87.061,82.923,87.866,86.946,23095,18279780.00
2007-11-01 00:00:00,92.695,88.671,95.569,89.016,66448,56078580.00
2007-11-02 00:00:00,85.567,83.382,87.521,85.222,40697,31965620.00
2007-11-05 00:00:00,85.452,83.612,89.016,87.866,27621,22242380.00
2007-11-06 00:00:00,87.866,86.946,89.361,87.751,16957,13741750.00
2007-11-07 00:00:00,87.751,83.497,88.671,86.602,20854,16368080.00
2007-11-08 00:00:00,86.602,81.198,86.602,81.313,23112,17793670.00
2007-11-09 00:00:00,81.083,76.599,83.267,81.428,21472,15855670.00
2007-11-12 00:00:00,81.083,77.864,83.842,83.497,27185,20186720.00
2007-11-13 00:00:00,84.647,83.382,86.831,85.452,33221,25914720.00
2007-11-14 00:00:00,85.567,85.222,88.326,87.406,26267,21019240.00
2007-11-15 00:00:00,88.096,83.612,88.211,84.187,22145,17575780.00
2007-11-16 00:00:00,82.578,81.428,85.567,85.567,16311,12455770.00
2007-11-19 00:00:00,85.452,84.417,89.936,89.476,32480,26443140.00
2007-11-20 00:00:00,89.246,87.866,92.120,90.281,34216,28522600.00
2007-11-21 00:00:00,91.545,87.636,91.545,87.866,24174,19786280.00
2007-11-22 00:00:00,86.257,82.348,86.257,83.038,17049,13296220.00
2007-11-23 00:00:00,81.198,81.198,85.452,85.452,9909,7659081.00
2007-11-26 00:00:00,85.912,83.038,87.866,83.267,11102,8746609.00
2007-11-27 00:00:00,85.797,83.267,85.797,84.647,8080,6296956.00
2007-11-28 00:00:00,84.647,83.497,86.027,84.647,8199,6410526.00
2007-11-29 00:00:00,84.877,84.417,87.521,86.946,15602,12397150.00
2007-11-30 00:00:00,87.061,84.187,87.751,84.647,15041,11874460.00
2007-12-03 00:00:00,84.532,84.532,91.545,90.510,34350,28036720.00
2007-12-04 00:00:00,90.510,88.096,91.315,88.441,21671,17797310.00
2007-12-05 00:00:00,88.096,87.521,92.580,91.315,33648,27988380.00
2007-12-06 00:00:00,92.695,90.395,96.719,96.029,64540,55360840.00
2007-12-07 00:00:00,96.259,94.419,99.478,96.374,65323,58105840.00
2007-12-10 00:00:00,94.994,94.764,103.617,102.467,72455,66423010.00
2007-12-11 00:00:00,102.237,99.363,103.272,102.467,48593,44929000.00
2007-12-12 00:00:00,102.237,100.743,112.239,106.031,88176,86290370.00
2007-12-13 00:00:00,106.031,103.847,111.665,108.331,100593,99244060.00
2007-12-14 00:00:00,107.296,105.916,113.389,111.435,115008,115812000.00
2007-12-17 00:00:00,111.550,106.836,114.424,111.435,89499,89663500.00
2007-12-18 00:00:00,109.940,108.331,114.079,112.009,61335,62186920.00
2007-12-19 00:00:00,112.239,109.825,113.964,112.124,108006,110192800.00
2007-12-20 00:00:00,112.239,110.055,113.274,110.630,92093,93627790.00
2007-12-21 00:00:00,109.940,106.491,111.090,109.020,108246,107382000.00
2007-12-24 00:00:00,110.055,109.020,117.643,116.838,137583,142210900.00
2007-12-26 00:00:00,115.229,114.539,119.597,116.953,101350,107126900.00
2007-12-27 00:00:00,116.953,113.964,120.862,114.424,84139,89472750.00
2007-12-28 00:00:00,113.274,110.170,116.378,110.170,81011,83121090.00
2008-01-02 00:00:00,110.975,108.790,115.573,113.389,82456,84686710.00
2008-01-03 00:00:00,112.814,112.009,119.138,119.023,96940,102315900.00
2008-01-04 00:00:00,119.023,115.918,124.196,121.552,99299,108730300.00
2008-01-07 00:00:00,121.782,121.437,125.576,122.127,79646,88998310.00
2008-01-08 00:00:00,124.311,120.517,125.576,122.012,68984,76648960.00
2008-01-09 00:00:00,123.851,120.287,130.059,129.255,88939,101059500.00
2008-01-10 00:00:00,129.025,128.680,138.222,131.899,123226,148107900.00
2008-01-11 00:00:00,133.049,127.645,133.049,131.899,63029,73916660.00
2008-01-14 00:00:00,131.209,129.370,134.313,131.439,45566,54104400.00
2008-01-15 00:00:00,131.554,126.036,132.359,126.266,70241,81123750.00
2008-01-16 00:00:00,126.610,125.691,130.289,126.380,52705,60761080.00
2008-01-17 00:00:00,126.725,114.539,130.059,122.587,75566,84191020.00
2008-01-18 00:00:00,121.322,118.563,127.415,125.691,55203,61950260.00
2008-01-21 00:00:00,125.691,121.437,130.634,124.196,76633,88085340.00
2008-01-22 00:00:00,119.482,111.320,123.506,111.320,79225,82494780.00
2008-01-23 00:00:00,109.710,108.790,116.608,115.688,47615,48970010.00
2008-01-24 00:00:00,115.688,112.814,118.908,116.838,46500,48979580.00
2008-01-25 00:00:00,116.838,114.079,120.287,115.688,30841,32932220.00
2008-01-28 00:00:00,115.114,103.617,115.114,105.111,51469,50578260.00
2008-01-29 00:00:00,107.641,105.341,110.860,109.250,28305,27914190.00
2008-01-30 00:00:00,109.480,108.331,113.389,111.550,26866,27156960.00
2008-01-31 00:00:00,112.699,107.641,113.964,108.445,22778,22948380.00
2008-02-01 00:00:00,108.216,97.294,110.860,100.743,27933,26013830.00
2008-02-04 00:00:00,104.652,104.077,111.320,110.860,27426,27068260.00
2008-02-05 00:00:00,109.365,108.790,114.079,111.665,25148,25641640.00
2008-02-13 00:00:00,111.665,108.216,115.459,114.424,26297,27093200.00
2008-02-14 00:00:00,114.424,113.504,116.723,116.493,26998,28344770.00
2008-02-15 00:00:00,115.688,111.895,115.688,113.964,15804,16312760.00
2008-02-18 00:00:00,114.539,109.940,121.322,121.207,43633,47040780.00
2008-02-19 00:00:00,121.322,119.482,122.587,121.667,33831,37139780.00
2008-02-20 00:00:00,122.587,119.712,124.886,120.402,39248,43446790.00
2008-02-21 00:00:00,119.252,118.333,126.725,124.541,57092,63865640.00
2008-02-25 00:00:00,121.322,115.229,124.196,117.988,34711,37662350.00
2008-02-26 00:00:00,119.252,114.539,121.437,117.988,24080,25665750.00
2008-02-27 00:00:00,117.988,117.988,122.357,122.012,28091,30636060.00
2008-02-28 00:00:00,121.782,120.287,127.645,125.921,51538,58231100.00
2008-02-29 00:00:00,125.461,123.966,127.415,127.070,31104,35412780.00
2008-03-03 00:00:00,126.955,126.036,132.129,129.255,58732,68927250.00
2008-03-04 00:00:00,129.140,129.140,132.819,129.140,48215,57004260.00
2008-03-05 00:00:00,129.370,124.311,129.715,128.220,38630,44380740.00
2008-03-06 00:00:00,128.910,128.910,133.508,129.715,46797,55540510.00
2008-03-07 00:00:00,127.875,127.530,134.658,131.094,111703,133646300.00
2008-03-10 00:00:00,132.474,127.185,135.578,129.025,69360,82462860.00
2008-03-11 00:00:00,128.335,122.931,129.025,127.070,39359,44849380.00
2008-03-12 00:00:00,130.059,126.036,130.289,126.380,33264,38613060.00
2008-03-13 00:00:00,128.105,118.563,128.105,122.587,44526,49260950.00
2008-03-14 00:00:00,123.621,118.563,123.621,122.012,25288,27735450.00
2008-03-17 00:00:00,123.506,109.365,123.506,110.515,39966,41694280.00
2008-03-18 00:00:00,109.020,99.018,110.975,99.018,30883,29058690.00
2008-03-19 00:00:00,99.938,98.558,104.881,102.467,36543,34087230.00
2008-03-20 00:00:00,102.007,97.294,109.940,108.445,38648,36684170.00
2008-03-21 00:00:00,108.101,106.491,113.389,111.435,33492,33848860.00
2008-03-24 00:00:00,113.389,107.641,115.344,109.940,22043,22383740.00
2008-03-25 00:00:00,107.641,106.491,112.814,112.009,22526,22575130.00
2008-03-26 00:00:00,114.079,108.790,115.459,111.090,28287,28806210.00
2008-03-27 00:00:00,109.710,102.122,110.515,103.617,25225,24166840.00
2008-03-28 00:00:00,103.502,99.593,106.836,105.456,18477,17554920.00
2008-03-31 00:00:00,103.962,97.868,104.307,98.443,20219,18570440.00
2008-04-01 00:00:00,99.133,88.096,101.662,88.096,35811,30856440.00
2008-04-02 00:00:00,88.786,78.899,90.395,84.072,44316,35077580.00
2008-04-03 00:00:00,82.348,80.623,88.096,88.096,32451,25119100.00
2008-04-07 00:00:00,87.636,84.762,93.385,92.350,25848,21491620.00
2008-04-08 00:00:00,92.580,90.395,93.845,92.695,22538,19032350.00
2008-04-09 00:00:00,92.235,84.762,92.235,84.762,35590,28930620.00
2008-04-10 00:00:00,82.923,81.198,90.970,88.901,28882,22999200.00
2008-04-11 00:00:00,88.901,88.901,92.810,90.166,18141,15154470.00
2008-04-14 00:00:00,89.706,84.647,89.706,86.372,20099,16063180.00
2008-04-15 00:00:00,86.946,84.302,90.051,90.051,9937,7970803.00
2008-04-16 00:00:00,88.326,87.521,91.890,90.166,10512,8672352.00
2008-04-17 00:00:00,89.706,86.946,92.580,88.786,18559,15277890.00
2008-04-18 00:00:00,87.521,86.027,94.764,89.246,27811,23141470.00
2008-04-21 00:00:00,96.029,88.786,96.144,89.821,24284,20532860.00
2008-04-22 00:00:00,89.246,84.072,90.281,88.671,34176,27295510.00
2008-04-23 00:00:00,88.786,86.027,92.695,91.430,21917,18002630.00
2008-04-24 00:00:00,98.558,94.879,100.973,100.743,58573,52619280.00
2008-04-25 00:00:00,98.558,96.719,102.812,98.788,48022,44073820.00
2008-04-28 00:00:00,98.213,96.144,100.053,99.133,16673,14957080.00
2008-04-29 00:00:00,99.363,96.259,102.697,97.409,31691,29070640.00
2008-04-30 00:00:00,96.144,94.419,100.858,99.823,86981,77125740.00
2008-05-05 00:00:00,101.317,98.673,108.790,107.641,97081,92283330.00
2008-05-06 00:00:00,106.491,105.111,109.825,105.456,45501,44363000.00
2008-05-07 00:00:00,105.916,104.537,107.871,104.881,44915,43348170.00
2008-05-08 00:00:00,104.192,103.042,107.526,105.801,39599,38013040.00
2008-05-09 00:00:00,105.916,105.916,109.710,108.790,48720,48003680.00
2008-05-12 00:00:00,108.216,106.491,116.608,112.239,73380,75325950.00
2008-05-13 00:00:00,109.480,107.871,113.274,109.940,51640,51856160.00
2008-05-14 00:00:00,109.710,108.905,114.539,113.274,53799,55018640.00
2008-05-15 00:00:00,112.814,109.135,116.378,109.365,74870,76866010.00
2008-05-16 00:00:00,109.020,103.617,110.860,106.606,39234,38116420.00
2008-05-19 00:00:00,106.261,102.467,106.491,105.686,19016,18078320.00
2008-05-20 00:00:00,104.422,100.283,108.560,100.743,34772,33136010.00
2008-05-21 00:00:00,101.317,92.695,102.007,99.133,46213,41037970.00
2008-05-23 00:00:00,98.328,93.270,102.812,99.708,43525,38960750.00
2008-05-26 00:00:00,100.168,94.879,100.283,96.719,18922,16898030.00
2008-05-27 00:00:00,98.788,96.144,102.237,97.868,21457,19433790.00
2008-05-28 00:00:00,99.938,97.294,99.938,98.788,17472,15751140.00
2008-05-29 00:00:00,99.593,92.695,99.593,93.270,32183,28069110.00
2008-05-30 00:00:00,94.764,88.671,94.879,90.970,28373,23487960.00
2008-06-02 00:00:00,91.085,89.016,92.465,91.775,20452,16964340.00
2008-06-03 00:00:00,92.580,89.706,93.040,89.936,18439,15361490.00
2008-06-04 00:00:00,90.051,89.706,91.545,90.855,18810,15613820.00
2008-06-05 00:00:00,90.855,90.395,93.385,90.970,16348,13800320.00
2008-06-06 00:00:00,90.970,90.166,92.925,92.695,14908,12575240.00
2008-06-10 00:00:00,90.166,82.923,90.970,84.302,68082,54089180.00
2008-06-11 00:00:00,82.808,78.439,84.647,79.014,19578,14588520.00
2008-06-12 00:00:00,81.198,75.450,81.198,76.484,27888,19907860.00
2008-06-13 00:00:00,78.899,73.150,79.474,75.220,13652,9623228.00
2008-06-16 00:00:00,76.944,69.701,76.944,75.220,36110,24770800.00
2008-06-17 00:00:00,74.300,71.771,75.795,73.150,16279,11147780.00
2008-06-18 00:00:00,71.541,71.541,78.899,77.059,18721,13162300.00
2008-06-19 00:00:00,77.289,69.356,78.554,70.621,18256,12591310.00
2008-06-20 00:00:00,72.231,68.552,75.910,72.001,18984,12849590.00
2008-06-23 00:00:00,71.771,64.528,71.771,66.252,19784,12653170.00
2008-06-24 00:00:00,67.977,59.124,67.977,61.079,51524,29769020.00
2008-06-25 00:00:00,61.194,60.159,65.447,65.447,55470,33035640.00
2008-06-26 00:00:00,65.332,62.803,67.402,66.942,45077,27694050.00
2008-06-27 00:00:00,63.953,59.699,64.873,60.504,40718,23634750.00
2008-06-30 00:00:00,61.079,55.905,61.194,60.504,29660,16244200.00
2008-07-01 00:00:00,58.779,57.400,59.584,57.630,13866,7651231.00
2008-07-02 00:00:00,57.515,57.055,59.929,58.779,15289,8477565.00
2008-07-03 00:00:00,54.755,52.686,60.619,58.090,62034,33513150.00
2008-07-04 00:00:00,56.480,55.675,64.413,64.298,107127,63197860.00
2008-07-07 00:00:00,63.378,62.573,68.896,67.402,86945,53892480.00
2008-07-08 00:00:00,67.632,67.632,74.645,74.070,118992,81058820.00
2008-11-24 00:00:00,66.137,66.137,66.137,66.137,2058,1273902.00
2008-11-25 00:00:00,59.009,59.009,59.009,59.009,1927,1073339.00
2008-11-26 00:00:00,52.571,52.571,52.571,52.571,5518,2764518.00
2008-11-27 00:00:00,46.823,46.823,58.090,52.456,548956,266512800.00
2008-11-28 00:00:00,47.512,46.708,48.892,46.708,228029,103602800.00
2008-12-01 00:00:00,43.489,41.534,45.213,44.178,238810,99331820.00
2008-12-02 00:00:00,41.994,41.534,47.627,46.708,211079,91654240.00
2008-12-03 00:00:00,46.248,45.788,48.432,48.202,197476,89919710.00
2008-12-04 00:00:00,48.777,47.972,51.306,48.202,238042,113653200.00
2008-12-05 00:00:00,48.317,48.317,53.491,53.491,289444,141916500.00
2008-12-08 00:00:00,55.905,55.905,59.354,59.354,329631,179578500.00
2008-12-09 00:00:00,61.424,55.330,61.424,55.905,317078,174163700.00
2008-12-10 00:00:00,54.296,53.606,61.998,60.849,313912,170186400.00
2008-12-11 00:00:00,59.929,58.549,63.608,60.044,292340,167992400.00
2008-12-12 00:00:00,59.354,54.181,60.389,56.365,176490,96242690.00
2008-12-15 00:00:00,57.170,52.571,58.204,54.640,137294,72134140.00
2008-12-16 00:00:00,54.411,49.352,54.411,53.606,151626,75509420.00
2008-12-17 00:00:00,54.181,52.571,55.560,53.836,136477,70534900.00
2008-12-18 00:00:00,53.606,53.491,56.365,55.790,141953,74621440.00
2008-12-19 00:00:00,55.330,54.525,57.285,55.560,170791,90394190.00
2008-12-22 00:00:00,55.445,54.985,58.204,56.825,153718,82963840.00
2008-12-23 00:00:00,57.860,50.617,57.860,50.617,189977,96283860.00
2008-12-24 00:00:00,48.662,45.098,50.042,46.363,125909,57476710.00
2008-12-25 00:00:00,47.053,44.408,47.742,47.512,84773,37938960.00
2008-12-26 00:00:00,47.512,45.213,47.512,45.673,63866,28501740.00
2008-12-29 00:00:00,45.213,42.454,45.673,44.063,68367,28964610.00
2008-12-30 00:00:00,43.604,43.374,45.558,43.948,64690,27789850.00
2008-12-31 00:00:00,44.063,43.259,44.868,43.489,52641,22505570.00
2009-01-05 00:00:00,44.408,43.719,45.443,45.443,86055,37162280.00
2009-01-06 00:00:00,45.328,44.293,49.582,48.547,201884,90891660.00
2009-01-07 00:00:00,47.283,46.708,50.042,49.352,211138,97584510.00
2009-01-08 00:00:00,49.467,48.432,51.766,49.927,284475,137202700.00
2009-01-09 00:00:00,49.007,48.317,50.617,49.927,160938,76142340.00
2009-01-12 00:00:00,49.352,48.432,50.617,49.007,124922,59066930.00
2009-01-13 00:00:00,47.512,45.098,48.087,45.443,147391,65877040.00
2009-01-14 00:00:00,45.213,44.868,50.502,50.502,198627,93131050.00
2009-01-15 00:00:00,51.306,50.617,54.411,51.421,327653,164079900.00
2009-01-16 00:00:00,51.306,51.076,54.411,52.341,210423,106244800.00
2009-01-19 00:00:00,53.376,50.272,54.411,51.766,125823,62651000.00
2009-01-20 00:00:00,50.732,48.777,51.881,51.881,155672,74759820.00
2009-01-21 00:00:00,50.387,49.812,51.766,50.157,108044,52456850.00
2009-01-22 00:00:00,50.272,48.892,50.732,50.272,120571,57305020.00
2009-01-23 00:00:00,50.042,49.122,53.951,52.226,184100,90333540.00
2009-02-02 00:00:00,53.606,52.456,56.825,56.135,287532,149818700.00
2009-02-03 00:00:00,55.675,54.525,59.354,58.090,313144,168639300.00
2009-02-04 00:00:00,58.779,57.515,60.159,58.204,263731,145530800.00
2009-02-05 00:00:00,58.549,58.434,62.803,60.734,365536,207342400.00
2009-02-06 00:00:00,62.688,62.228,67.287,67.057,383224,230964800.00
2009-02-09 00:00:00,68.207,63.953,68.782,66.712,488092,302263000.00
2009-02-10 00:00:00,65.218,64.183,66.367,66.022,291012,177834900.00
2009-02-11 00:00:00,65.103,62.573,68.092,64.528,336329,207289700.00
2009-02-12 00:00:00,64.758,60.849,65.447,64.183,234266,139369800.00
2009-02-13 00:00:00,64.183,63.723,67.402,67.402,309935,191105800.00
2009-02-16 00:00:00,68.782,68.667,72.001,71.426,360816,236172300.00
2009-02-17 00:00:00,71.541,65.677,71.771,65.792,259715,165620600.00
2009-02-18 00:00:00,64.068,60.274,65.447,60.849,217659,128461200.00
2009-02-19 00:00:00,61.539,60.504,65.103,64.758,207924,122259200.00
2009-02-20 00:00:00,63.838,63.378,67.632,67.172,197523,121020300.00
2009-02-23 00:00:00,66.252,65.677,70.046,68.437,228633,145639400.00
2009-02-24 00:00:00,67.862,65.792,70.046,69.356,313359,199732100.00
2009-02-25 00:00:00,70.046,67.977,76.369,74.530,490878,330760500.00
2009-02-26 00:00:00,73.035,66.597,74.300,66.597,264438,174384600.00
2009-02-27 00:00:00,63.953,59.469,64.298,59.469,184362,104873800.00
2009-03-02 00:00:00,59.699,56.595,60.734,60.274,126263,70184690.00
2009-03-03 00:00:00,57.630,57.055,60.159,58.204,114477,63376530.00
2009-03-04 00:00:00,58.319,58.319,63.608,62.228,174174,100297200.00
2009-03-05 00:00:00,62.688,60.619,64.413,63.148,188431,111011700.00
2009-03-06 00:00:00,61.768,60.274,66.022,65.218,210466,124699200.00
2009-03-09 00:00:00,65.218,62.803,69.126,62.803,285368,176321400.00
2009-03-10 00:00:00,60.619,59.584,64.873,64.068,113793,66116100.00
2009-03-11 00:00:00,65.562,62.228,66.252,62.803,128233,77450190.00
2009-03-12 00:00:00,62.228,58.204,62.688,61.424,124689,71112300.00
2009-03-13 00:00:00,61.883,59.584,62.688,59.814,89954,51723950.00
2009-03-16 00:00:00,59.009,58.090,60.849,60.389,98262,54898060.00
2009-03-17 00:00:00,59.814,59.124,62.803,62.343,119866,69250300.00
2009-03-18 00:00:00,61.998,61.883,64.183,62.573,149270,88229710.00
2009-03-19 00:00:00,62.573,61.998,65.677,65.332,169595,101481000.00
2009-03-20 00:00:00,65.447,62.918,65.447,63.953,155934,94032140.00
2009-03-23 00:00:00,63.608,63.608,66.942,65.562,166018,102090400.00
2009-03-24 00:00:00,66.827,65.218,67.402,67.057,178126,110762700.00
2009-03-25 00:00:00,67.057,65.447,69.471,65.447,229457,145660900.00
2009-03-26 00:00:00,64.873,63.723,67.287,67.057,154967,95306030.00
2009-03-27 00:00:00,67.632,67.057,72.001,69.931,322288,209693400.00
2009-03-30 00:00:00,70.161,70.161,74.070,70.736,224246,150497000.00
2009-03-31 00:00:00,68.437,66.827,72.001,71.886,160658,103301700.00
2009-04-01 00:00:00,72.805,70.621,73.955,71.426,202686,135524200.00
2009-04-02 00:00:00,71.081,69.816,75.335,72.346,256590,174606700.00
2009-04-03 00:00:00,72.346,67.977,74.875,69.011,205435,136164200.00
2009-04-07 00:00:00,68.092,67.402,70.736,69.356,124062,79941440.00
2009-04-08 00:00:00,68.896,64.873,70.046,64.873,132037,83411850.00
2009-04-09 00:00:00,64.413,63.493,66.022,65.677,98059,59688670.00
2009-04-10 00:00:00,66.022,65.447,69.471,68.552,160531,101915100.00
2009-04-17 00:00:00,71.426,64.298,71.426,65.103,298937,188663500.00
2009-04-20 00:00:00,64.183,64.183,72.116,72.116,226136,145246800.00
2009-04-21 00:00:00,74.070,74.070,79.818,75.910,557005,397583800.00
2009-04-22 00:00:00,75.565,68.667,76.599,70.276,269890,183681900.00
2009-04-24 00:00:00,71.886,70.851,75.450,71.081,185855,126274500.00
2009-04-27 00:00:00,70.046,65.218,71.886,65.907,103340,65099960.00
2009-04-28 00:00:00,66.137,65.332,68.322,68.207,86595,54141780.00
2009-04-29 00:00:00,68.322,66.597,70.046,69.586,111404,71353330.00
2009-04-30 00:00:00,69.241,67.977,70.736,70.391,100474,64995730.00
2009-05-04 00:00:00,70.851,70.276,73.495,72.575,141157,94925770.00
2009-05-05 00:00:00,72.690,72.460,74.990,73.380,159830,109544600.00
2009-05-06 00:00:00,73.380,72.575,78.209,76.944,212394,149592700.00
2009-05-07 00:00:00,77.059,72.346,77.634,75.450,197787,137304500.00
2009-05-08 00:00:00,75.105,73.840,80.048,80.048,317969,230555700.00
2009-05-11 00:00:00,81.198,74.300,82.118,74.415,239868,173801800.00
2009-05-12 00:00:00,73.265,72.805,75.795,75.220,108254,74691660.00
2009-05-13 00:00:00,75.680,73.495,76.369,75.450,117404,81678440.00
2009-05-14 00:00:00,74.415,72.805,75.220,74.415,98640,67560640.00
2009-05-15 00:00:00,73.955,73.840,77.289,75.105,102228,71852590.00
2009-05-18 00:00:00,74.300,73.150,78.899,77.979,135428,95533570.00
2009-05-19 00:00:00,77.749,76.714,78.669,77.979,120427,86701120.00
2009-05-20 00:00:00,78.094,76.254,79.818,78.094,163856,118683300.00
2009-05-21 00:00:00,78.324,74.300,79.014,75.680,137950,97597420.00
2009-05-22 00:00:00,75.910,74.415,77.059,76.024,100557,70817480.00
2009-05-25 00:00:00,73.150,71.656,76.714,75.565,105899,72617360.00
2009-05-26 00:00:00,75.680,75.220,79.244,77.404,162168,116567600.00
2009-05-27 00:00:00,77.864,76.829,80.623,78.784,199488,146199900.00
2009-06-01 00:00:00,79.589,78.669,80.853,79.359,140349,103302600.00
2009-06-02 00:00:00,79.474,79.129,83.612,83.612,242418,182239900.00
2009-06-03 00:00:00,84.762,83.267,86.602,85.797,257820,201729600.00
2009-06-04 00:00:00,85.222,81.313,85.797,82.693,165562,127237900.00
2009-06-05 00:00:00,83.153,83.038,87.866,83.612,180254,142366000.00
2009-06-08 00:00:00,84.072,80.048,84.877,82.118,107874,82260710.00
2009-06-09 00:00:00,81.313,81.313,86.372,85.452,109383,84318510.00
2009-06-10 00:00:00,86.372,83.612,86.487,85.682,97212,76329230.00
2009-06-11 00:00:00,85.222,81.888,85.797,82.808,96501,74544400.00
2009-06-12 00:00:00,82.578,79.474,83.842,80.048,94731,71425990.00
2009-06-15 00:00:00,80.738,80.278,83.382,82.923,77193,58477570.00
2009-06-16 00:00:00,82.693,80.048,82.923,81.198,88109,66330970.00
2009-06-17 00:00:00,81.198,80.163,82.578,81.543,64769,48609090.00
2009-06-18 00:00:00,82.233,81.313,85.107,84.647,124397,95693970.00
2009-06-19 00:00:00,84.647,82.463,85.107,83.267,83504,64118640.00
2009-06-22 00:00:00,83.497,80.738,84.072,80.968,86280,65111720.00
2009-06-23 00:00:00,80.623,78.324,80.623,78.784,83197,60978120.00
2009-06-24 00:00:00,78.899,77.979,80.163,79.818,84955,62015900.00
2009-06-25 00:00:00,79.703,78.209,79.703,78.324,61407,44677200.00
2009-06-26 00:00:00,78.324,75.795,78.784,77.059,96274,68652050.00
2009-06-29 00:00:00,76.944,76.714,79.244,77.864,76867,55697240.00
2009-06-30 00:00:00,78.324,76.714,79.014,77.404,55770,40280960.00
2009-07-01 00:00:00,76.714,74.300,77.404,75.910,142748,100362500.00
2009-07-02 00:00:00,76.139,74.760,77.174,76.944,99058,69587600.00
2009-07-03 00:00:00,76.254,75.565,78.324,76.944,88431,63319150.00
2009-07-06 00:00:00,77.979,75.680,78.094,76.139,82723,58555920.00
2009-07-07 00:00:00,76.369,74.875,77.059,76.369,98323,69255870.00
2009-07-08 00:00:00,81.428,81.428,84.532,84.532,352855,274263400.00
2009-07-09 00:00:00,89.131,87.521,92.695,89.246,573301,473049300.00
2009-07-10 00:00:00,88.326,86.027,91.775,89.591,288216,235920900.00
2009-07-13 00:00:00,88.901,88.326,97.983,94.649,309225,267643700.00
2009-07-14 00:00:00,94.994,93.040,97.064,95.569,177045,154428700.00
2009-07-15 00:00:00,95.569,93.845,104.192,102.122,247425,226147400.00
2009-07-17 00:00:00,94.074,91.430,98.443,91.545,515517,439913400.00
2009-07-20 00:00:00,89.706,88.441,92.580,90.970,252076,209182100.00
2009-07-21 00:00:00,90.166,86.946,90.740,87.176,225438,183796300.00
2009-07-22 00:00:00,87.521,87.176,89.821,88.901,161681,131519300.00
2009-07-23 00:00:00,88.901,87.751,90.970,90.281,175408,144240400.00
2009-07-24 00:00:00,90.625,86.717,91.545,88.326,196684,161020800.00
2009-07-27 00:00:00,87.981,87.866,90.281,89.246,127917,104596600.00
2009-07-28 00:00:00,89.476,87.751,91.430,91.315,187712,155226900.00
2009-07-29 00:00:00,91.430,82.118,91.545,85.452,163608,132490400.00
2009-07-30 00:00:00,84.187,82.578,86.946,86.027,100433,78474030.00
2009-07-31 00:00:00,85.797,85.222,88.556,88.441,105590,84607270.00
2009-08-03 00:00:00,88.326,86.487,88.671,88.096,97839,78844130.00
2009-08-04 00:00:00,88.326,85.797,88.326,87.061,92686,74007220.00
2009-08-05 00:00:00,87.406,86.946,89.821,89.476,138875,113256200.00
2009-08-06 00:00:00,88.901,86.027,89.016,87.291,109423,88091590.00
2009-08-07 00:00:00,87.061,83.382,87.751,83.612,100862,79463700.00
2009-08-10 00:00:00,84.302,82.923,85.222,84.877,75270,58407630.00
2009-08-11 00:00:00,84.647,83.612,85.452,84.992,43661,34131530.00
2009-08-12 00:00:00,84.992,77.749,85.222,78.899,71561,53980880.00
2009-08-13 00:00:00,79.014,77.634,82.003,80.853,69092,50728520.00
2009-08-14 00:00:00,80.163,76.024,80.623,76.024,61880,44433450.00
2009-08-17 00:00:00,74.415,67.977,75.220,67.977,77886,52071250.00
2009-08-18 00:00:00,67.057,66.252,69.126,68.667,46720,29635480.00
2009-08-19 00:00:00,68.552,63.838,69.126,64.068,54250,33793890.00
2009-08-20 00:00:00,64.068,63.953,67.287,66.712,51471,31660460.00
2009-08-21 00:00:00,66.712,65.677,67.977,67.862,54491,34252360.00
2009-08-24 00:00:00,68.092,67.977,71.426,69.816,77203,50247840.00
2009-08-25 00:00:00,69.126,65.677,69.126,67.862,66413,41732140.00
2009-08-26 00:00:00,67.747,66.827,74.530,72.346,93760,62304600.00
2009-08-27 00:00:00,72.231,70.621,73.610,72.346,72092,48404930.00
2009-08-28 00:00:00,72.920,71.656,75.220,74.875,94330,64498140.00
2009-08-31 00:00:00,74.990,66.942,74.990,67.517,93700,61915340.00
2009-09-01 00:00:00,67.057,65.562,69.356,66.022,67127,42268350.00
2009-09-02 00:00:00,64.068,63.953,67.172,65.218,100223,61118520.00
2009-09-03 00:00:00,64.988,64.988,69.586,69.586,66631,42010170.00
2009-09-04 00:00:00,68.552,68.092,71.311,69.586,76642,49611350.00
2009-09-08 00:00:00,70.276,70.276,74.990,72.460,124466,84398180.00
2009-09-09 00:00:00,71.081,70.046,72.805,71.886,80867,53820860.00
2009-09-10 00:00:00,71.886,71.081,73.955,73.150,84737,57434440.00
2009-09-11 00:00:00,72.690,72.116,75.220,73.725,93353,64213600.00
2009-09-14 00:00:00,73.150,73.035,76.024,75.450,86478,59904260.00
2009-09-15 00:00:00,75.105,73.265,80.968,78.324,160672,114439200.00
2009-09-16 00:00:00,77.174,76.599,79.933,79.014,120206,87209540.00
2009-09-17 00:00:00,79.014,78.324,80.968,79.474,110825,81492260.00
2009-09-18 00:00:00,79.244,77.174,83.497,77.864,128921,96067080.00
2009-09-21 00:00:00,77.174,72.805,78.324,76.139,94784,66014890.00
2009-09-22 00:00:00,75.795,74.070,77.404,74.070,106913,75020700.00
2009-09-23 00:00:00,73.725,70.851,75.335,71.426,81599,55373700.00
2009-09-24 00:00:00,71.771,69.816,73.035,71.771,53596,35737180.00
2009-09-25 00:00:00,72.575,71.771,77.289,73.955,101266,70349870.00
2009-09-28 00:00:00,73.265,70.621,75.335,72.001,58528,39937360.00
2009-09-29 00:00:00,72.001,69.356,72.920,71.081,46533,30562820.00
2009-09-30 00:00:00,70.966,68.552,72.460,69.816,52566,34749420.00
2009-10-09 00:00:00,70.736,69.816,73.150,72.805,51392,34440860.00
2009-10-12 00:00:00,72.231,72.001,74.300,73.035,53912,36711120.00
2009-10-13 00:00:00,72.805,72.460,74.185,73.955,48119,32776900.00
2009-10-14 00:00:00,73.610,73.610,75.335,74.875,64819,44891440.00
2009-10-15 00:00:00,77.174,77.174,82.118,79.474,223835,164377500.00
2009-10-16 00:00:00,78.554,75.450,79.014,77.519,112160,79960900.00
2009-10-19 00:00:00,76.599,75.795,78.439,77.864,110790,79040380.00
2009-10-20 00:00:00,77.979,76.829,79.933,78.899,114234,82885100.00
2009-10-21 00:00:00,78.784,75.565,79.703,76.139,117521,84828500.00
2009-10-22 00:00:00,75.565,75.450,77.749,76.139,76283,54113620.00
2009-10-23 00:00:00,76.599,76.024,78.784,77.289,92774,66567380.00
2009-10-26 00:00:00,77.749,77.289,81.083,80.393,178342,130975000.00
2009-10-27 00:00:00,79.818,76.484,80.393,76.714,111833,80827490.00
2009-10-28 00:00:00,76.599,75.565,77.634,77.174,68456,48629570.00
2009-10-29 00:00:00,76.254,72.805,76.254,73.495,64394,44528540.00
2009-10-30 00:00:00,74.645,73.610,75.220,74.300,52476,36255890.00
2009-11-02 00:00:00,73.265,71.426,76.139,76.024,63204,43499920.00
2009-11-03 00:00:00,75.565,75.565,78.899,78.324,107274,77220080.00
2009-11-04 00:00:00,78.324,77.864,83.038,82.003,186367,138000600.00
2009-11-05 00:00:00,82.808,80.393,83.038,80.738,197790,148957100.00
2009-11-06 00:00:00,81.773,80.048,85.567,83.382,236954,181407400.00
2009-11-09 00:00:00,83.267,82.118,84.417,83.612,110505,84955370.00
2009-11-10 00:00:00,83.957,81.658,84.072,82.348,107311,81934540.00
2009-11-12 00:00:00,83.497,81.198,86.946,81.773,149711,116116300.00
2009-11-13 00:00:00,80.968,80.393,85.682,84.992,126204,97050280.00
2009-11-16 00:00:00,85.222,84.302,87.521,85.797,141401,112022000.00
2009-11-17 00:00:00,86.027,85.337,89.706,88.556,171212,137833600.00
2009-11-18 00:00:00,87.636,86.602,88.441,87.751,105448,84859630.00
2009-11-19 00:00:00,87.636,85.452,88.786,88.326,136666,109849900.00
2009-11-20 00:00:00,87.636,86.372,91.430,90.625,190229,157266100.00
2009-11-23 00:00:00,91.315,89.476,94.419,93.040,190859,162177000.00
2009-11-24 00:00:00,93.040,84.417,94.074,84.762,227887,187042200.00
2009-11-25 00:00:00,84.647,83.497,87.981,87.636,131564,103974300.00
2009-11-26 00:00:00,87.751,82.348,88.556,83.497,176465,138215900.00
2009-11-27 00:00:00,82.118,80.968,85.797,82.003,91120,69820700.00
2009-11-30 00:00:00,82.348,82.348,85.222,84.877,69911,54191500.00
2009-12-01 00:00:00,84.877,83.612,86.257,86.257,107817,84542650.00
2009-12-02 00:00:00,86.027,86.027,92.580,89.936,225651,185715800.00
2009-12-03 00:00:00,89.246,88.211,92.465,91.315,182984,152187400.00
2009-12-04 00:00:00,91.315,90.395,98.788,92.695,359528,310797900.00
2009-12-07 00:00:00,93.730,91.545,95.454,93.270,154144,131733800.00
2009-12-08 00:00:00,93.155,89.016,94.419,90.970,108854,91099230.00
2009-12-09 00:00:00,89.936,88.671,93.040,91.315,98661,82274140.00
2009-12-10 00:00:00,91.315,89.246,92.120,90.510,62410,51778190.00
2009-12-11 00:00:00,91.545,89.476,91.545,90.395,48843,40513800.00
2009-12-14 00:00:00,90.166,86.372,90.855,89.246,71050,57659360.00
2009-12-15 00:00:00,88.786,88.441,90.395,89.246,41340,33892180.00
2009-12-16 00:00:00,89.246,88.096,91.545,89.476,63636,52464250.00
2009-12-17 00:00:00,90.051,84.762,90.166,85.452,59834,48065500.00
2009-12-18 00:00:00,84.072,84.072,89.246,85.107,116266,93516190.00
2009-12-21 00:00:00,85.337,84.647,86.372,85.567,42458,33386930.00
2009-12-22 00:00:00,85.682,81.198,86.142,81.198,48985,37644440.00
2009-12-23 00:00:00,80.623,80.623,83.842,82.463,43967,33457060.00
2009-12-24 00:00:00,82.923,82.233,86.487,86.257,60693,47317000.00
2009-12-25 00:00:00,86.257,85.682,88.671,86.946,74041,59562550.00
2009-12-28 00:00:00,87.636,87.636,91.200,90.395,139376,115120800.00
2009-12-29 00:00:00,90.166,89.591,96.949,94.994,306347,265415800.00
2009-12-30 00:00:00,94.994,94.419,103.617,97.523,418958,379018100.00
2010-01-04 00:00:00,97.868,92.810,97.868,94.879,250050,216850600.00
2010-01-05 00:00:00,94.994,94.074,101.203,99.938,215405,193564400.00
2010-01-06 00:00:00,99.938,97.638,102.007,98.328,140748,128446800.00
2010-01-07 00:00:00,97.983,94.764,99.708,95.339,124199,109506200.00
2010-01-08 00:00:00,94.074,94.074,103.732,103.617,255238,234994200.00
2010-01-11 00:00:00,102.467,100.858,104.767,102.237,207801,194022800.00
2010-01-12 00:00:00,101.662,99.593,103.272,101.662,154899,143034000.00
2010-01-13 00:00:00,98.443,98.213,101.432,99.363,142658,129749600.00
2010-01-14 00:00:00,99.363,99.363,101.432,99.823,82055,75136530.00
2010-01-15 00:00:00,100.628,99.593,106.146,102.812,155723,146825700.00
2010-01-18 00:00:00,102.007,102.007,107.181,105.341,129480,124342500.00
2010-01-19 00:00:00,105.916,102.467,107.066,103.962,103367,97752460.00
2010-01-20 00:00:00,104.192,100.858,107.066,101.547,173962,165638600.00
2010-01-21 00:00:00,100.628,97.409,102.352,99.593,115432,105265900.00
2010-05-31 00:00:00,104.881,104.881,104.881,104.881,69848,66774820.00
2010-06-01 00:00:00,110.400,110.400,110.400,110.400,38794,38949180.00
2010-06-02 00:00:00,116.148,116.148,116.148,116.148,13779,14523330.00
2010-06-03 00:00:00,122.242,110.055,122.242,110.055,413860,427373400.00
2010-06-04 00:00:00,104.307,104.307,106.376,104.307,95360,90791510.00
2010-06-07 00:00:00,98.788,98.788,104.307,99.018,241196,220409100.00
2010-06-08 00:00:00,99.133,98.788,103.617,99.248,185274,170927000.00
2010-06-09 00:00:00,99.708,94.074,100.628,96.719,161315,141870500.00
2010-06-10 00:00:00,94.419,94.189,97.868,96.489,83446,73803320.00
2010-06-11 00:00:00,97.868,94.534,98.443,97.638,93080,82253690.00
2010-06-17 00:00:00,97.983,94.764,98.443,95.224,58716,51649750.00
2010-06-18 00:00:00,95.799,90.166,95.799,90.166,54070,45799680.00
2010-06-21 00:00:00,85.567,85.452,90.166,89.246,150899,120865000.00
2010-06-22 00:00:00,88.096,87.521,91.315,89.821,65945,54541560.00
2010-06-23 00:00:00,89.821,89.016,92.465,91.315,64364,53756760.00
2010-06-24 00:00:00,92.005,91.775,96.144,96.144,124893,108365800.00
2010-06-25 00:00:00,96.144,95.109,100.743,97.294,112813,101441200.00
2010-06-28 00:00:00,98.098,94.994,98.903,95.109,66248,58841540.00
2010-06-29 00:00:00,95.569,90.051,96.719,90.051,46837,39368010.00
2010-06-30 00:00:00,87.291,85.337,87.291,85.337,57898,45579700.00
2010-07-01 00:00:00,84.417,84.417,87.636,84.647,45993,36425140.00
2010-07-02 00:00:00,85.797,80.163,86.142,81.773,57379,43195730.00
2010-07-05 00:00:00,80.738,79.014,84.647,82.463,33804,25636130.00
2010-07-06 00:00:00,81.543,81.428,85.107,84.072,27084,21033620.00
2010-07-07 00:00:00,82.693,82.693,87.866,86.142,32468,25790900.00
2010-07-08 00:00:00,87.866,85.912,87.866,86.372,35033,27970900.00
2010-07-09 00:00:00,85.912,85.912,90.970,90.970,46471,37976210.00
2010-07-12 00:00:00,90.970,88.671,94.074,92.350,58692,49212600.00
2010-07-13 00:00:00,90.395,89.936,96.604,94.074,76508,65605260.00
2010-07-14 00:00:00,93.385,91.775,96.144,92.810,48846,41925140.00
2010-07-15 00:00:00,92.810,90.166,94.189,91.430,67741,57273140.00
2010-07-16 00:00:00,90.970,87.291,92.120,89.476,46425,38334760.00
2010-07-19 00:00:00,89.246,87.176,91.085,90.740,37650,31085950.00
2010-07-20 00:00:00,91.430,91.085,93.500,93.155,52681,44707140.00
2010-07-21 00:00:00,92.695,91.545,94.189,92.465,48921,41572820.00
2010-07-22 00:00:00,96.144,95.224,97.294,97.294,44479,39362200.00
2010-07-23 00:00:00,101.892,94.764,101.892,95.569,108575,96820820.00
2010-07-26 00:00:00,94.879,94.879,98.098,96.259,44145,38996990.00
2010-07-27 00:00:00,97.064,94.189,97.294,94.189,47456,41270300.00
2010-07-28 00:00:00,93.730,93.500,96.604,95.799,56003,48915880.00
2010-07-29 00:00:00,95.914,95.109,99.593,99.133,95156,84489680.00
2010-07-30 00:00:00,99.363,98.443,104.307,102.352,127498,119055700.00
2010-08-02 00:00:00,102.812,102.812,107.066,105.341,122358,117329200.00
2010-08-03 00:00:00,105.571,103.272,107.986,104.652,122718,118233700.00
2010-08-04 00:00:00,104.077,101.317,106.261,105.801,96246,90797670.00
2010-08-05 00:00:00,106.031,106.031,111.090,109.595,135283,134361900.00
2010-08-09 00:00:00,113.159,109.710,114.079,112.124,164779,167585900.00
2010-08-10 00:00:00,112.929,112.929,117.988,117.873,336272,358772100.00
2010-08-11 00:00:00,120.172,116.493,120.977,119.597,202379,217605700.00
2010-08-12 00:00:00,117.988,115.918,121.092,116.953,134279,144027700.00
2010-08-13 00:00:00,116.148,113.734,118.218,117.988,94711,99823660.00
2010-08-16 00:00:00,116.608,115.459,119.827,119.367,109192,117052400.00
2010-08-17 00:00:00,119.252,116.033,119.252,116.608,107663,114236900.00
2010-08-18 00:00:00,116.608,112.584,116.608,114.884,95017,98749690.00
2010-08-19 00:00:00,114.884,113.734,117.413,114.654,51008,53460230.00
2010-08-20 00:00:00,114.309,113.504,118.218,114.309,72078,75867580.00
2010-08-23 00:00:00,115.573,115.459,119.712,118.563,73874,78978180.00
2010-08-24 00:00:00,119.023,116.953,121.322,118.563,58933,63547350.00
2010-08-25 00:00:00,117.528,117.183,122.012,119.482,109480,119269300.00
2010-08-26 00:00:00,120.172,118.218,124.196,123.621,99102,109436700.00
2010-08-27 00:00:00,123.391,121.437,125.461,123.506,102204,114054800.00
2010-08-30 00:00:00,124.426,121.782,125.461,123.966,67481,75443640.00
2010-08-31 00:00:00,123.736,119.712,123.736,120.517,92851,101845500.00
2010-09-01 00:00:00,120.517,116.953,122.127,118.218,66651,72007260.00
2010-09-02 00:00:00,118.563,118.218,120.862,118.448,62121,67238410.00
2010-09-03 00:00:00,118.678,116.148,121.207,120.287,81347,87320110.00
2010-09-06 00:00:00,120.172,116.263,120.747,118.103,74240,79452420.00
2010-09-07 00:00:00,117.528,113.964,118.448,116.263,105211,110211700.00
2010-09-08 00:00:00,116.723,116.723,122.357,121.552,116106,125831700.00
2010-09-09 00:00:00,120.977,117.873,122.012,119.138,78828,85645580.00
2010-09-10 00:00:00,119.138,118.218,120.287,118.908,63104,68159880.00
2010-09-13 00:00:00,119.367,117.758,123.046,122.357,111395,122128600.00
2010-09-14 00:00:00,122.012,120.862,124.656,121.437,55640,61717860.00
2010-09-15 00:00:00,121.782,117.068,122.357,118.218,51186,55316600.00
2010-09-16 00:00:00,116.838,112.009,118.218,112.239,103254,106012200.00
2010-09-17 00:00:00,112.239,106.491,113.044,109.940,117486,117207600.00
2010-09-20 00:00:00,109.710,108.445,115.114,112.469,95175,96709870.00
2010-09-21 00:00:00,112.239,112.239,115.114,113.159,29321,30205420.00
2010-09-27 00:00:00,113.044,111.895,114.884,113.389,40556,41672180.00
2010-09-28 00:00:00,112.814,112.814,116.723,113.734,40442,42058610.00
2010-09-29 00:00:00,113.849,110.515,115.229,110.630,46474,47425060.00
2010-09-30 00:00:00,109.710,109.480,112.699,112.239,30279,30621200.00
2010-10-08 00:00:00,112.354,111.665,114.769,114.424,39695,40970910.00
2010-10-11 00:00:00,114.194,113.389,120.402,119.138,85685,91257670.00
2010-10-12 00:00:00,117.988,117.068,121.207,118.333,87240,94038640.00
2010-10-13 00:00:00,117.988,115.229,120.057,118.563,61668,65815260.00
2010-10-14 00:00:00,115.803,113.389,120.057,114.194,86607,91848770.00
2010-10-15 00:00:00,113.504,111.205,118.448,117.413,88074,91118750.00
2010-10-18 00:00:00,117.528,113.389,120.287,115.688,71080,75812220.00
2010-10-19 00:00:00,116.263,113.619,121.782,121.782,107187,117067100.00
2010-10-20 00:00:00,121.437,119.482,128.105,128.105,144255,166003400.00
2010-10-21 00:00:00,129.255,127.300,134.658,133.049,124854,148650800.00
2010-10-22 00:00:00,133.164,128.105,133.394,131.784,53291,62888540.00
2010-10-25 00:00:00,132.359,130.059,132.934,131.669,58485,69342580.00
2010-10-26 00:00:00,135.808,132.014,138.452,138.337,112162,138104700.00
2010-10-27 00:00:00,137.532,134.198,139.832,135.693,59573,73203660.00
2010-10-28 00:00:00,134.198,129.715,136.268,133.164,36820,44252200.00
2010-10-29 00:00:00,132.704,132.704,139.832,136.958,55643,69257740.00
2010-11-01 00:00:00,136.958,136.383,140.407,138.337,61426,76540920.00
2010-11-02 00:00:00,136.498,131.209,139.372,131.209,112647,135547600.00
2010-11-03 00:00:00,130.979,124.426,130.979,124.426,110771,125535600.00
2010-11-04 00:00:00,125.231,124.886,127.760,126.151,48335,55135060.00
2010-11-05 00:00:00,127.300,127.300,132.704,132.704,104043,123780700.00
2010-11-08 00:00:00,135.233,133.164,138.452,136.728,71812,88735810.00
2010-11-09 00:00:00,138.107,133.508,138.452,135.463,57793,70560260.00
2010-11-10 00:00:00,135.463,131.554,136.728,133.049,73858,88651630.00
2010-11-11 00:00:00,133.508,131.784,135.463,132.129,48698,58746040.00
2010-11-12 00:00:00,131.784,125.231,135.118,125.231,69036,80392510.00
2010-11-15 00:00:00,125.461,119.367,126.955,124.771,56783,62888200.00
2010-11-16 00:00:00,125.461,118.448,127.645,120.977,54448,60858170.00
2010-11-17 00:00:00,122.357,119.023,125.806,120.977,36799,40657030.00
2010-11-18 00:00:00,124.541,121.437,125.691,124.081,21995,24554650.00
2010-11-19 00:00:00,124.196,122.012,125.461,124.656,32597,36511180.00
2010-11-22 00:00:00,124.656,123.046,129.025,127.530,46001,52623030.00
2010-11-23 00:00:00,127.645,121.437,127.645,122.357,35189,39515410.00
2010-11-24 00:00:00,122.587,118.908,124.311,122.816,47406,52128270.00
2010-11-25 00:00:00,123.506,120.747,123.506,120.862,46624,51496330.00
2010-11-26 00:00:00,120.862,120.862,123.276,121.897,28125,31058170.00
2010-11-29 00:00:00,121.897,121.207,123.851,121.552,37211,41115960.00
2010-11-30 00:00:00,122.587,115.229,122.816,115.688,50835,54176460.00
2010-12-01 00:00:00,115.803,113.619,121.782,121.782,43944,46375400.00
2010-12-02 00:00:00,126.036,122.587,128.105,124.426,80914,92088760.00
2010-12-03 00:00:00,124.886,121.897,125.921,124.886,28289,31651660.00
2010-12-06 00:00:00,123.736,123.621,126.151,124.196,26162,29504550.00
2010-12-07 00:00:00,124.541,122.357,125.001,124.196,24700,27690740.00
2010-12-08 00:00:00,123.736,120.172,124.311,120.862,40195,44479040.00
2010-12-09 00:00:00,119.138,117.528,120.402,117.758,24976,26934610.00
2010-12-10 00:00:00,117.758,116.148,121.322,120.862,15275,16456720.00
2010-12-13 00:00:00,121.207,120.862,124.656,122.587,34566,38540320.00
2010-12-14 00:00:00,122.816,121.552,123.621,122.816,24381,27063060.00
2010-12-15 00:00:00,122.816,122.816,128.105,126.725,63555,72683660.00
2010-12-16 00:00:00,126.380,125.806,130.864,129.715,51626,59927600.00
2010-12-20 00:00:00,130.059,122.931,130.059,123.046,90293,101384700.00
2010-12-21 00:00:00,123.506,120.862,124.771,122.127,49325,54671860.00
2010-12-22 00:00:00,121.437,120.287,123.506,122.012,39771,43994460.00
2010-12-23 00:00:00,122.702,120.517,123.161,121.322,24590,27066160.00
2010-12-24 00:00:00,121.437,118.563,122.587,120.402,19084,20826740.00
2010-12-27 00:00:00,120.402,117.988,123.506,120.632,38619,42600960.00
2010-12-28 00:00:00,120.172,117.988,121.897,120.517,23765,25881910.00
2010-12-29 00:00:00,120.172,116.838,121.207,118.563,20867,22390800.00
2010-12-30 00:00:00,117.988,116.838,119.712,119.367,13400,14394340.00
2010-12-31 00:00:00,119.367,117.988,121.207,120.057,24463,26504500.00
2011-01-04 00:00:00,121.322,120.977,126.266,126.266,87141,98913760.00
2011-01-05 00:00:00,126.610,125.001,132.819,132.819,140056,166041900.00
2011-01-06 00:00:00,132.589,129.830,134.198,132.934,88513,105711400.00
2011-01-07 00:00:00,131.784,130.634,136.958,131.784,97216,117391500.00
2011-01-10 00:00:00,131.669,131.669,135.233,132.359,68702,82911780.00
2011-01-11 00:00:00,131.784,130.289,134.658,133.853,53608,64616350.00
2011-01-12 00:00:00,133.853,131.094,140.407,135.463,53319,65465100.00
2011-01-13 00:00:00,136.038,132.589,138.912,138.222,65377,80027980.00
2011-01-14 00:00:00,138.222,138.107,144.430,142.706,99678,127077600.00
2011-01-17 00:00:00,142.131,138.107,145.005,139.142,84933,107354700.00
2011-01-24 00:00:00,146.385,132.704,146.385,136.383,126613,158521100.00
2011-01-25 00:00:00,132.934,129.370,136.153,129.370,64774,76913260.00
2011-01-26 00:00:00,127.185,125.231,131.554,130.404,31219,36416220.00
2011-01-27 00:00:00,127.185,127.185,134.083,133.049,39897,47355420.00
2011-01-28 00:00:00,132.014,131.784,133.738,132.244,26765,32042530.00
2011-01-31 00:00:00,132.819,132.819,139.142,137.302,40145,49479260.00
2011-02-01 00:00:00,139.717,136.613,141.096,138.452,25972,32468330.00
2011-02-09 00:00:00,138.452,136.383,141.556,139.372,30488,38348070.00
2011-02-10 00:00:00,139.487,137.762,145.235,143.741,47655,61303660.00
2011-02-11 00:00:00,143.741,142.706,147.305,142.936,37229,48424120.00
2011-02-14 00:00:00,143.281,139.372,144.430,143.856,63282,81167350.00
2011-02-15 00:00:00,143.856,142.131,146.730,144.890,41694,54621130.00
2011-02-16 00:00:00,145.350,142.476,146.385,143.396,40233,51968780.00
2011-02-17 00:00:00,143.396,140.981,150.179,149.604,68431,89594900.00
2011-02-18 00:00:00,149.604,147.879,154.203,151.558,60302,82373410.00
2011-02-21 00:00:00,151.673,149.374,154.088,151.558,44487,60591420.00
2011-02-22 00:00:00,151.329,146.845,155.122,147.879,55729,75790200.00
2011-02-23 00:00:00,147.535,144.200,150.064,149.489,36064,47870170.00
2011-02-24 00:00:00,149.604,146.615,150.639,147.075,26466,35148440.00
2011-02-25 00:00:00,146.730,141.211,146.730,144.086,40880,52914710.00
2011-02-28 00:00:00,144.545,144.545,149.374,148.914,31051,41279320.00
2011-03-01 00:00:00,149.029,147.764,150.524,149.834,30135,40399730.00
2011-03-02 00:00:00,149.489,145.120,149.489,146.500,25878,34189450.00
2011-03-03 00:00:00,146.155,146.155,154.088,153.628,69958,96227860.00
2011-03-04 00:00:00,154.778,151.788,155.352,154.088,35159,48593580.00
2011-03-07 00:00:00,154.203,153.628,158.342,158.112,52338,73410190.00
2011-03-08 00:00:00,157.192,155.352,159.376,155.927,25784,36336120.00
2011-03-09 00:00:00,156.962,153.973,161.676,161.561,45944,65156420.00
2011-03-10 00:00:00,160.526,158.916,163.400,160.181,36083,52257590.00
2011-03-11 00:00:00,159.721,159.721,168.459,163.400,77368,114744400.00
2011-03-15 00:00:00,162.480,155.007,167.079,160.526,60777,88192280.00
2011-03-16 00:00:00,157.997,157.422,161.561,160.066,28619,40922540.00
2011-03-17 00:00:00,159.376,157.537,161.906,160.871,32311,46382440.00
2011-03-18 00:00:00,160.986,158.227,163.400,160.526,26107,37468540.00
2011-03-21 00:00:00,160.641,159.146,164.895,162.250,28617,41708740.00
2011-03-22 00:00:00,162.365,158.342,164.780,160.411,38872,56602470.00
2011-03-23 00:00:00,158.571,157.652,161.101,158.571,28301,40375040.00
2011-03-24 00:00:00,158.571,156.617,159.606,159.031,27359,38883870.00
2011-03-25 00:00:00,158.916,157.997,163.975,161.791,32830,47698890.00
2011-03-28 00:00:00,161.791,160.296,164.550,160.641,22956,33223220.00
2011-03-29 00:00:00,161.101,158.227,162.710,158.342,25265,36335860.00
2011-03-30 00:00:00,158.342,150.179,158.342,150.179,72091,98837920.00
2011-03-31 00:00:00,150.179,147.075,154.548,149.834,28560,38532360.00
2011-04-01 00:00:00,149.834,149.144,153.398,153.053,18129,24654680.00
2011-04-06 00:00:00,152.593,152.593,160.986,160.986,46389,65302640.00
2011-04-08 00:00:00,162.825,159.376,162.940,160.986,38713,55972140.00
2011-04-11 00:00:00,161.906,159.376,164.550,161.331,32821,47662990.00
2011-04-12 00:00:00,160.871,159.721,162.825,160.526,27883,40418870.00
2011-04-13 00:00:00,159.951,153.283,159.951,155.237,56558,78865500.00
2011-04-14 00:00:00,154.778,153.973,157.077,154.433,20197,28095760.00
2011-04-15 00:00:00,152.823,151.214,155.697,154.548,23431,32176420.00
2011-04-18 00:00:00,154.778,146.615,155.697,151.558,51106,68917040.00
2011-04-19 00:00:00,149.949,145.810,151.214,149.374,51725,68662300.00
2011-04-20 00:00:00,149.374,148.799,157.077,154.778,39288,54427450.00
2011-04-21 00:00:00,154.778,151.673,157.077,155.007,22146,30736950.00
2011-04-22 00:00:00,152.478,152.478,155.927,153.628,18270,25307500.00
2011-04-25 00:00:00,155.927,151.329,156.502,151.329,30604,42369160.00
2011-04-26 00:00:00,151.099,145.580,153.283,147.190,36891,49199710.00
2011-04-27 00:00:00,149.949,146.270,150.179,147.305,24885,33250610.00
2011-04-28 00:00:00,149.029,141.556,149.029,141.786,25431,33065000.00
2011-04-29 00:00:00,141.671,140.407,149.144,147.764,25351,33127200.00
2011-05-03 00:00:00,148.224,146.730,149.949,148.224,17777,23773300.00
2011-05-04 00:00:00,148.914,147.305,150.869,148.454,19221,25761380.00
2011-05-05 00:00:00,147.535,146.960,150.639,149.949,14148,19046020.00
2011-05-06 00:00:00,149.029,147.420,155.122,154.203,34841,47956980.00
2011-05-09 00:00:00,155.237,152.478,157.652,156.272,47643,66583740.00
2011-05-10 00:00:00,156.272,154.318,157.307,155.927,21652,30299170.00
2011-05-11 00:00:00,156.847,155.122,158.571,156.042,31987,44954740.00
2011-05-12 00:00:00,155.697,153.628,157.422,156.617,29707,41504510.00
2011-05-13 00:00:00,156.617,153.743,158.112,158.112,25615,35771090.00
2011-05-16 00:00:00,158.457,158.457,166.274,164.665,75263,110717700.00
2011-05-17 00:00:00,165.240,162.480,168.229,166.044,54316,80524090.00
2011-05-18 00:00:00,165.699,158.227,166.044,161.791,41642,60389480.00
2011-05-19 00:00:00,161.676,159.951,165.125,160.411,23210,33876300.00
2011-05-20 00:00:00,162.595,160.526,164.780,163.515,23102,33655510.00
2011-05-23 00:00:00,164.665,155.122,164.665,155.122,38131,53866700.00
2011-05-24 00:00:00,154.663,147.650,155.007,154.548,21762,29614520.00
2011-05-25 00:00:00,154.318,151.673,155.812,153.628,15577,21544880.00
2011-05-26 00:00:00,153.628,152.248,159.031,158.227,34060,48018520.00
2011-05-27 00:00:00,158.457,150.064,160.066,151.443,31076,42578920.00
2011-05-30 00:00:00,148.684,143.626,150.754,143.626,28866,37881730.00
2011-05-31 00:00:00,144.200,138.337,144.315,142.706,45371,57681560.00
2011-06-01 00:00:00,142.706,139.372,146.500,145.465,25783,33133200.00
2011-06-02 00:00:00,143.741,137.992,144.775,139.832,30805,38886340.00
2011-06-03 00:00:00,140.062,137.647,145.005,143.971,17223,22176790.00
2011-06-07 00:00:00,146.615,142.936,147.535,145.005,13414,17587660.00
2011-06-08 00:00:00,143.971,140.522,147.420,146.845,19974,25917730.00
2011-06-09 00:00:00,146.615,141.671,146.615,143.051,18569,24029550.00
2011-06-10 00:00:00,143.051,142.131,146.615,145.235,10489,13577490.00
2011-06-13 00:00:00,145.005,142.476,145.005,144.200,8040,10386980.00
2011-06-14 00:00:00,144.200,144.200,146.385,145.810,11202,14702170.00
2011-06-15 00:00:00,144.430,143.856,146.615,143.971,9150,11940950.00
2011-06-16 00:00:00,142.016,141.096,143.971,142.131,13162,16903040.00
2011-06-17 00:00:00,142.706,141.556,146.730,145.465,21571,28001380.00
2011-06-20 00:00:00,144.545,142.821,147.764,143.281,12716,16661360.00
2011-06-21 00:00:00,143.166,142.246,145.005,144.200,13240,17045210.00
2011-06-22 00:00:00,143.281,142.591,145.235,143.856,6765,8762964.00
2011-06-23 00:00:00,142.706,142.476,147.305,146.155,14626,19117430.00
2011-06-24 00:00:00,145.580,144.775,148.799,147.764,22370,29625220.00
2011-06-27 00:00:00,147.764,146.845,151.099,149.604,19225,25691760.00
2011-06-28 00:00:00,149.604,147.420,152.133,151.558,20557,27713440.00
2011-06-29 00:00:00,151.558,149.949,152.823,149.949,15973,21731000.00
2011-06-30 00:00:00,149.029,148.224,152.478,149.259,12133,16413050.00
2011-07-01 00:00:00,151.788,150.064,156.962,156.847,42162,58846630.00
2011-07-04 00:00:00,156.962,154.778,157.997,156.962,28158,39491600.00
2011-07-05 00:00:00,156.962,154.548,158.916,155.927,22447,31529300.00
2011-07-06 00:00:00,154.778,152.708,156.387,154.548,18866,26094040.00
2011-07-07 00:00:00,153.053,152.363,155.927,152.478,20507,28349330.00
2011-07-08 00:00:00,152.478,152.363,155.352,154.318,15718,21744840.00
2011-07-11 00:00:00,155.122,153.628,158.227,157.997,36178,50957950.00
2011-07-12 00:00:00,157.077,155.927,161.101,159.146,38254,54301240.00
2011-07-13 00:00:00,159.606,156.157,164.895,159.376,54984,78607470.00
2011-07-14 00:00:00,160.526,154.893,162.595,155.237,52152,73442220.00
2011-07-15 00:00:00,156.042,153.053,161.676,159.951,52351,73549410.00
2011-07-18 00:00:00,158.801,158.342,162.020,160.411,31343,45146020.00
2011-07-19 00:00:00,159.376,158.686,164.780,162.365,48067,69972890.00
2011-07-20 00:00:00,162.365,162.365,167.194,164.435,59853,88719970.00
2011-07-21 00:00:00,165.699,159.491,165.814,163.860,43296,63225720.00
2011-07-22 00:00:00,162.710,160.526,164.895,161.561,34285,49760110.00
2011-07-25 00:00:00,161.561,153.283,161.561,153.628,54116,76275740.00
2011-07-26 00:00:00,151.329,151.329,157.537,156.962,58542,81631300.00
2011-07-27 00:00:00,156.157,149.949,156.157,153.053,46944,64683670.00
2011-07-28 00:00:00,152.133,150.064,155.122,152.823,26160,35936580.00
2011-07-29 00:00:00,153.628,149.949,154.893,150.639,30820,41999670.00
2011-08-01 00:00:00,150.869,150.064,153.973,150.984,26654,36454520.00
2011-08-02 00:00:00,150.294,143.166,152.018,143.281,77648,101014800.00
2011-08-03 00:00:00,143.281,142.706,145.465,143.741,35440,45963680.00
2011-08-04 00:00:00,143.281,143.281,145.695,145.350,20102,26249120.00
2011-08-05 00:00:00,141.786,139.027,145.235,143.626,39071,50295620.00
2011-08-08 00:00:00,142.131,136.498,147.650,138.912,44159,56658610.00
2011-08-09 00:00:00,134.658,131.669,140.981,140.981,47905,58258140.00
2011-08-10 00:00:00,144.430,142.361,148.339,148.339,80183,105650100.00
2011-08-11 00:00:00,146.270,144.430,152.478,152.478,70422,95330300.00
2011-08-12 00:00:00,154.663,150.409,159.031,153.628,87887,122092200.00
2011-08-15 00:00:00,153.628,151.788,156.502,154.778,44367,61671770.00
2011-08-16 00:00:00,155.697,153.628,161.561,155.927,95803,136163100.00
2011-08-17 00:00:00,155.697,154.778,160.066,156.272,58427,81945890.00
2011-08-18 00:00:00,156.042,150.754,156.272,152.938,41463,57018440.00
2011-08-19 00:00:00,149.029,148.454,154.433,151.443,31127,42513660.00
2011-08-22 00:00:00,152.363,145.580,154.203,147.305,63637,85785820.00
2011-08-23 00:00:00,146.615,146.615,151.214,149.029,30392,40725480.00
2011-08-24 00:00:00,150.179,149.029,154.203,152.938,51718,70860080.00
2011-08-25 00:00:00,153.973,151.903,156.387,155.467,38470,53398910.00
2011-08-26 00:00:00,154.778,153.973,160.526,159.951,54582,77302060.00
2011-08-30 00:00:00,161.676,154.778,161.676,154.778,72306,102525000.00
2011-08-31 00:00:00,154.778,153.168,157.422,154.203,37498,52370000.00
2011-09-01 00:00:00,153.283,153.283,156.962,156.617,31025,43394240.00
2011-09-02 00:00:00,157.077,153.168,159.606,159.376,40673,56813260.00
2011-09-05 00:00:00,156.502,155.352,160.756,155.812,68036,96441120.00
2011-09-06 00:00:00,153.398,148.339,154.203,151.788,49658,67592940.00
2011-09-07 00:00:00,153.168,151.558,154.203,153.973,28226,38748470.00
2011-09-08 00:00:00,153.973,153.628,161.906,161.906,111758,160174200.00
2011-09-09 00:00:00,162.250,156.387,163.400,157.307,84408,120833000.00
2011-09-13 00:00:00,153.628,150.869,156.042,152.478,51822,71413660.00
2011-09-14 00:00:00,153.398,151.903,156.847,156.617,35112,48655820.00
2011-09-15 00:00:00,156.847,155.927,162.250,159.951,93292,134235000.00
2011-09-19 00:00:00,158.112,155.927,162.020,159.606,51950,74094570.00
2011-09-20 00:00:00,158.227,157.537,163.860,161.331,59819,86749250.00
2011-09-21 00:00:00,161.561,160.066,166.504,165.010,99963,147062300.00
2011-09-22 00:00:00,163.630,159.491,167.309,159.491,80963,118895800.00
2011-09-23 00:00:00,155.812,154.893,159.721,157.652,49481,69826030.00
2011-09-26 00:00:00,157.882,152.938,158.457,153.053,45903,63922980.00
2011-09-27 00:00:00,154.548,145.120,154.663,146.730,86961,115590300.00
2011-09-28 00:00:00,147.075,146.270,149.834,148.109,39136,52134880.00
2011-09-29 00:00:00,146.615,140.522,146.615,140.522,44246,56776460.00
2011-09-30 00:00:00,140.407,133.623,142.706,136.613,53987,66459520.00
2011-10-10 00:00:00,138.682,137.072,139.602,137.877,21196,26389530.00
2011-10-11 00:00:00,142.131,134.083,142.706,137.877,32959,41473930.00
2011-10-12 00:00:00,137.877,135.923,145.005,144.430,34017,43455730.00
2011-10-13 00:00:00,144.200,142.821,147.305,145.810,32388,42392500.00
2011-10-14 00:00:00,144.775,142.131,146.270,145.695,23978,31082840.00
2011-10-17 00:00:00,146.155,145.005,147.650,145.580,21405,28134990.00
2011-10-18 00:00:00,145.580,138.107,145.580,138.107,38610,48767730.00
2011-10-19 00:00:00,133.049,133.049,142.361,140.407,41985,52184760.00
2011-10-20 00:00:00,139.487,133.164,140.981,133.853,37178,45449380.00
2011-10-21 00:00:00,134.888,128.680,135.348,129.600,24554,29087870.00
2011-10-24 00:00:00,129.600,125.116,131.439,130.174,36105,41968200.00
2011-10-26 00:00:00,143.626,140.522,143.741,143.741,34032,43962070.00
2011-10-27 00:00:00,150.179,139.832,153.628,139.832,171525,225529500.00
2011-10-28 00:00:00,139.832,138.682,154.318,154.318,194312,258783000.00
2011-10-31 00:00:00,153.053,151.673,158.227,156.157,174965,244586500.00
2011-12-01 00:00:00,154.778,144.545,167.309,149.029,179543,250425400.00
2011-12-02 00:00:00,148.454,145.350,156.962,150.294,97784,132755400.00
2011-12-05 00:00:00,146.845,138.107,148.799,139.257,64593,83152840.00
2011-12-06 00:00:00,136.498,131.899,138.337,133.968,59618,72001660.00
2011-12-07 00:00:00,134.313,132.819,136.728,135.348,38163,46573000.00
2011-12-08 00:00:00,135.578,132.014,138.682,136.038,31322,38250820.00
2011-12-09 00:00:00,134.428,132.934,136.383,134.313,19242,23372980.00
2011-12-12 00:00:00,135.003,132.819,138.682,134.888,25068,30500090.00
2011-12-13 00:00:00,137.302,128.105,137.302,129.025,40425,48119800.00
2011-12-14 00:00:00,126.151,123.966,130.519,125.461,25028,28747920.00
2011-12-15 00:00:00,124.886,117.068,125.806,117.068,35023,38569760.00
2011-12-19 00:00:00,122.357,115.459,122.357,121.437,45819,49463530.00
2011-12-20 00:00:00,120.057,119.367,126.610,123.736,42777,48004780.00
2011-12-21 00:00:00,125.231,111.780,126.725,112.239,35273,38218410.00
2011-12-22 00:00:00,111.205,106.146,119.023,107.871,46664,46162390.00
2011-12-23 00:00:00,108.675,106.491,117.643,115.573,47571,47959230.00
2011-12-26 00:00:00,112.124,103.502,113.964,103.502,169856,166562800.00
2011-12-27 00:00:00,100.168,92.695,100.513,92.695,184253,157917800.00
2011-12-28 00:00:00,89.246,87.061,92.350,90.740,60434,49777380.00
2011-12-29 00:00:00,89.706,89.246,95.684,92.925,59644,51212620.00
2011-12-30 00:00:00,93.500,93.155,95.109,94.189,27014,23328990.00
2012-01-04 00:00:00,94.994,92.695,96.029,92.695,30835,26592820.00
2012-01-05 00:00:00,91.545,86.142,93.155,89.476,29066,24136710.00
2012-01-06 00:00:00,90.051,86.831,91.315,89.131,35374,28784310.00
2012-01-09 00:00:00,89.246,88.211,98.558,98.558,125122,111100900.00
2012-01-10 00:00:00,98.558,97.983,101.662,100.858,93678,85362110.00
2012-01-11 00:00:00,101.203,99.248,107.296,103.847,95985,90734850.00
2012-01-12 00:00:00,102.927,99.938,104.652,103.157,46958,43931560.00
2012-01-13 00:00:00,103.042,98.443,103.502,98.788,40596,37156610.00
2012-01-16 00:00:00,98.443,92.120,98.903,92.350,56786,50084330.00
2012-01-17 00:00:00,96.144,90.395,99.823,98.443,61319,53683090.00
2012-01-18 00:00:00,97.179,94.304,98.788,94.879,73401,64905600.00
2012-01-19 00:00:00,94.879,94.074,100.398,99.363,46116,41239330.00
2012-01-20 00:00:00,98.903,98.673,102.007,101.088,41908,38604580.00
2012-01-30 00:00:00,100.973,97.638,101.662,97.868,49119,44625340.00
2012-01-31 00:00:00,98.443,94.994,98.443,97.409,30860,27247490.00
2012-02-01 00:00:00,97.523,96.144,100.743,98.443,40611,36439300.00
2012-02-02 00:00:00,98.443,97.983,100.858,100.398,33610,30646560.00
2012-02-03 00:00:00,100.283,99.708,102.927,101.317,40498,37518760.00
2012-02-06 00:00:00,101.317,99.248,104.767,104.652,78319,72628760.00
2012-02-07 00:00:00,102.237,100.398,104.192,102.582,77999,72471460.00
2012-02-08 00:00:00,101.432,100.743,104.537,104.077,53803,50695670.00
2012-02-09 00:00:00,103.847,102.237,106.261,103.157,81427,77465020.00
2012-02-10 00:00:00,103.042,101.432,103.732,102.237,53399,49948300.00
2012-02-13 00:00:00,101.662,100.398,105.456,104.767,62277,58892300.00
2012-02-14 00:00:00,103.732,102.352,104.881,103.962,49524,46683210.00
2012-02-15 00:00:00,103.962,102.352,109.020,108.101,95491,92216820.00
2012-02-16 00:00:00,107.066,106.606,112.009,110.170,88770,87843670.00
2012-02-17 00:00:00,110.170,109.365,114.424,111.205,93368,94714750.00
2012-02-20 00:00:00,112.584,110.285,114.079,111.320,87668,89639100.00
2012-02-21 00:00:00,111.090,107.641,111.320,110.860,73322,73097100.00
2012-02-22 00:00:00,110.745,108.790,113.044,112.584,79231,80206170.00
2012-02-23 00:00:00,112.699,111.780,122.012,116.148,99444,105395200.00
2012-02-24 00:00:00,115.688,115.114,121.322,119.597,94245,101025700.00
2012-02-27 00:00:00,119.597,118.448,123.276,120.057,69814,76182550.00
2012-02-28 00:00:00,118.218,116.148,120.747,117.643,67063,71856900.00
2012-02-29 00:00:00,116.838,116.148,120.057,116.723,56165,60244350.00
2012-03-01 00:00:00,116.723,115.114,118.908,116.838,53797,57061120.00
2012-03-02 00:00:00,116.723,116.263,118.563,117.068,68357,72645780.00
2012-03-05 00:00:00,117.643,117.298,123.621,121.897,115037,126427500.00
2012-03-06 00:00:00,121.437,117.988,123.161,121.552,79955,87348600.00
2012-03-07 00:00:00,119.712,118.793,128.335,126.266,126415,143113000.00
2012-03-08 00:00:00,126.266,125.231,129.485,129.025,78421,90717590.00
2012-03-09 00:00:00,129.025,126.610,130.174,128.910,69901,80933540.00
2012-03-12 00:00:00,128.335,128.335,134.658,131.324,115136,137004300.00
2012-03-13 00:00:00,131.209,130.059,136.958,132.704,123184,148146900.00
2012-03-14 00:00:00,133.279,118.908,134.083,120.172,384317,434583700.00
2012-03-15 00:00:00,118.908,110.975,118.908,113.504,232824,240937400.00
2012-03-16 00:00:00,114.999,113.504,118.908,116.263,162327,171891900.00
2012-03-19 00:00:00,116.148,116.148,122.012,119.942,108367,117502600.00
2012-03-20 00:00:00,119.827,116.493,120.402,117.528,74889,80304620.00
2012-03-21 00:00:00,117.758,113.389,119.712,115.344,65011,68593770.00
2012-03-22 00:00:00,115.344,113.964,116.378,115.688,32022,33562490.00
2012-03-23 00:00:00,115.688,110.860,115.688,111.665,55865,57072540.00
2012-03-26 00:00:00,111.895,109.940,112.354,110.975,28265,28516870.00
2012-03-27 00:00:00,112.124,111.435,113.274,112.354,26340,26899530.00
2012-03-28 00:00:00,111.665,104.192,111.895,105.111,59262,58131720.00
2012-03-29 00:00:00,104.767,102.122,105.571,103.847,43306,41049440.00
2012-03-30 00:00:00,104.881,100.053,106.261,101.317,39502,36916580.00
2012-04-05 00:00:00,103.387,101.432,112.009,112.009,78850,77734410.00
2012-04-06 00:00:00,112.469,111.665,116.838,113.274,100644,104353000.00
2012-04-10 00:00:00,114.424,108.331,114.424,113.619,80625,81586730.00
2012-04-11 00:00:00,111.090,110.515,121.207,119.023,153759,164313600.00
2012-04-12 00:00:00,117.988,117.988,122.931,120.632,173582,189501400.00
2012-04-13 00:00:00,122.012,118.448,125.461,119.023,192851,213703500.00
2012-04-16 00:00:00,117.988,116.263,131.439,129.025,339255,391613000.00
2012-04-17 00:00:00,127.760,119.712,130.059,120.287,218926,245953700.00
2012-04-18 00:00:00,120.402,117.988,125.346,122.587,137372,151799600.00
2012-04-19 00:00:00,121.667,118.678,125.691,124.311,123626,137076600.00
2012-04-20 00:00:00,123.161,122.702,130.174,126.266,174754,200195300.00
2012-04-23 00:00:00,125.921,124.886,133.623,130.404,224931,264845500.00
2012-04-24 00:00:00,127.645,123.276,134.658,133.049,224987,263998300.00
2012-04-25 00:00:00,132.014,129.485,138.682,133.049,273251,331505300.00
2012-04-26 00:00:00,134.083,127.300,135.808,130.749,188173,223367800.00
2012-04-27 00:00:00,129.600,125.116,130.749,125.691,112201,129293000.00
2012-05-02 00:00:00,127.645,123.046,128.220,124.656,111456,126250400.00
2012-05-03 00:00:00,125.231,123.966,127.875,126.036,74964,85333780.00
2012-05-04 00:00:00,125.461,123.621,127.070,124.771,97266,110156900.00
2012-05-07 00:00:00,122.931,121.782,125.461,123.736,59229,66296110.00
2012-05-08 00:00:00,123.736,122.931,127.990,127.300,117282,133800800.00
2012-05-09 00:00:00,126.036,125.231,127.530,126.955,87955,100669000.00
2012-05-10 00:00:00,126.725,123.736,127.530,124.081,61569,69915240.00
2012-05-11 00:00:00,125.346,123.851,129.025,127.300,105460,121662600.00
2012-05-14 00:00:00,127.990,125.231,129.025,125.461,70871,81224300.00
2012-05-15 00:00:00,123.736,119.138,125.231,121.322,80032,88109980.00
2012-05-16 00:00:00,120.517,116.838,122.931,117.758,58058,63315470.00
2012-05-17 00:00:00,118.563,117.068,121.552,120.057,68707,74482290.00
2012-05-18 00:00:00,118.333,113.619,119.023,113.964,78735,82513190.00
2012-05-21 00:00:00,114.539,110.952,115.286,112.596,51836,40945940.00
2012-05-22 00:00:00,113.194,113.044,114.987,114.240,42582,33968230.00
2012-05-23 00:00:00,113.642,113.493,117.528,115.884,59503,48232220.00
2012-05-24 00:00:00,116.033,113.343,116.631,113.791,40954,32827380.00
2012-05-25 00:00:00,113.194,110.802,114.688,112.596,38717,30558230.00
2012-05-28 00:00:00,111.101,109.457,116.183,115.286,72377,56868700.00
2012-05-29 00:00:00,114.539,114.539,118.425,116.930,63104,51512480.00
2012-05-30 00:00:00,116.631,112.895,119.023,114.838,91223,73114190.00
2012-05-31 00:00:00,114.240,111.550,114.688,113.791,67143,52964960.00
2012-06-01 00:00:00,116.332,115.137,120.069,116.930,177514,146261400.00
2012-06-04 00:00:00,114.090,110.055,114.838,112.596,91073,71794100.00
2012-06-05 00:00:00,111.849,108.859,113.941,111.998,67646,52756180.00
2012-06-06 00:00:00,112.745,110.354,113.044,111.251,33941,26491420.00
2012-06-07 00:00:00,112.745,108.560,113.791,110.055,42058,32664270.00
2012-06-08 00:00:00,112.745,109.009,112.895,110.055,43113,33282250.00
2012-06-11 00:00:00,110.204,110.204,112.895,112.446,28423,22203020.00
2012-06-12 00:00:00,113.493,112.745,116.332,113.941,72914,58347590.00
2012-06-13 00:00:00,113.941,112.596,118.126,117.378,104168,84547220.00
2012-06-14 00:00:00,116.631,114.539,117.229,114.539,58705,47521030.00
2012-06-15 00:00:00,117.528,114.838,120.069,117.229,84396,69264400.00
2012-06-18 00:00:00,118.425,116.033,119.172,117.080,52435,42944180.00
2012-06-19 00:00:00,116.631,114.389,117.378,114.688,48725,39271960.00
2012-06-20 00:00:00,114.987,111.849,115.585,112.297,41269,32626650.00
2012-06-21 00:00:00,112.446,108.859,113.044,110.055,50318,38821370.00
2012-06-25 00:00:00,109.457,106.319,110.653,107.963,38885,29543890.00
2012-06-26 00:00:00,107.066,106.020,110.802,108.560,58834,44792180.00
2012-06-27 00:00:00,108.859,108.560,110.653,109.607,42064,32241940.00
2012-06-28 00:00:00,109.457,106.916,110.802,107.215,42363,32391280.00
2012-06-29 00:00:00,106.617,106.319,110.503,109.158,37295,28478790.00
2012-07-02 00:00:00,109.756,108.859,111.251,109.756,31548,24273590.00
2012-07-03 00:00:00,109.906,109.009,111.550,110.503,29867,23077740.00
2012-07-04 00:00:00,110.204,107.066,111.251,107.365,52160,39548880.00
2012-07-05 00:00:00,107.365,96.155,107.365,98.098,155971,107992100.00
2012-07-06 00:00:00,97.351,93.615,98.995,98.248,65506,44480090.00
2012-07-09 00:00:00,96.604,87.935,96.604,88.085,118558,76423000.00
2012-07-10 00:00:00,86.590,86.142,90.177,88.384,56774,35485100.00
2012-07-11 00:00:00,88.384,81.658,88.533,87.038,109662,65865820.00
2012-07-12 00:00:00,85.992,85.245,90.177,89.878,74649,46515360.00
2012-07-13 00:00:00,89.878,88.533,90.476,89.131,40039,25294840.00
2012-07-16 00:00:00,90.177,90.177,97.949,95.408,168550,111922600.00
2012-07-17 00:00:00,96.006,94.362,98.995,98.397,106696,72890290.00
2012-07-18 00:00:00,98.098,93.914,98.098,96.903,61363,41391580.00
2012-07-19 00:00:00,96.006,94.810,100.340,98.547,84685,58223920.00
2012-07-20 00:00:00,97.052,97.052,99.892,97.501,53477,37063450.00
2012-07-23 00:00:00,96.604,91.821,96.604,93.017,58667,38807580.00
2012-07-24 00:00:00,92.120,90.775,95.558,93.764,35636,23508720.00
2012-07-25 00:00:00,93.017,91.373,93.615,91.522,31455,20478700.00
2012-07-26 00:00:00,92.718,90.028,94.362,90.625,30663,19913060.00
2012-07-27 00:00:00,91.373,89.729,92.419,90.476,25098,16108830.00
2012-07-30 00:00:00,90.476,87.636,91.672,88.384,27282,17307470.00
2012-07-31 00:00:00,88.384,87.487,89.579,87.636,16022,10017880.00
2012-08-01 00:00:00,88.682,87.337,89.579,88.981,38920,24324510.00
2012-08-02 00:00:00,88.533,87.337,89.280,88.234,23142,14470040.00
2012-08-03 00:00:00,88.384,88.234,92.568,91.522,50497,32316320.00
2012-08-06 00:00:00,90.775,90.177,96.006,95.109,63815,42034290.00
2012-08-07 00:00:00,94.661,93.914,98.547,98.397,81771,55767920.00
2012-08-08 00:00:00,97.650,95.259,98.397,96.454,45896,31289620.00
2012-08-09 00:00:00,96.305,95.109,98.846,97.949,65840,45095690.00
2012-08-10 00:00:00,97.949,95.408,98.547,96.006,38144,25940800.00
2012-08-13 00:00:00,96.454,93.017,96.753,93.166,27277,18204400.00
2012-08-14 00:00:00,93.316,89.131,94.063,93.465,42827,27601370.00
2012-08-15 00:00:00,93.465,90.177,93.465,90.177,28531,18427270.00
2012-08-16 00:00:00,89.579,89.579,91.373,89.878,16528,10536960.00
2012-08-17 00:00:00,89.729,89.430,91.971,90.924,17914,11473440.00
2012-08-20 00:00:00,90.625,89.131,92.120,92.120,42848,27531370.00
2012-08-21 00:00:00,92.867,91.821,95.707,94.362,66448,43919640.00
2012-08-22 00:00:00,94.511,93.017,94.960,94.212,35086,23198920.00
2012-08-23 00:00:00,94.063,93.615,95.707,94.960,55337,36790300.00
2012-08-24 00:00:00,94.661,93.764,96.155,94.063,34627,22982860.00
2012-08-27 00:00:00,94.063,91.971,94.063,92.419,33206,21686760.00
2012-08-28 00:00:00,92.419,90.924,94.063,93.764,25828,16879490.00
2012-08-29 00:00:00,93.615,92.269,94.212,93.316,15196,9990016.00
2012-08-30 00:00:00,92.419,86.441,93.166,87.487,58420,36614540.00
2012-08-31 00:00:00,87.188,84.797,87.636,86.441,59731,36417400.00
2012-09-03 00:00:00,86.291,85.544,87.337,86.441,38282,23439220.00
2012-09-04 00:00:00,86.441,85.544,87.935,85.544,30960,19009990.00
2012-09-05 00:00:00,85.245,84.797,86.590,85.095,28117,17045020.00
2012-09-06 00:00:00,85.544,85.544,87.038,86.590,40537,24741970.00
2012-09-07 00:00:00,87.636,87.038,94.810,91.672,84579,54341670.00
2012-09-10 00:00:00,91.971,91.373,92.867,92.867,53954,35077210.00
2012-09-11 00:00:00,92.120,90.775,92.419,91.373,32340,20836580.00
2012-09-12 00:00:00,91.672,91.522,93.764,93.465,67443,44105970.00
2012-09-13 00:00:00,93.316,91.373,94.063,91.373,41096,26852490.00
2012-09-14 00:00:00,92.419,88.832,92.867,90.476,55660,35493040.00
2012-09-17 00:00:00,90.625,86.590,91.223,87.038,34908,21904330.00
2012-09-18 00:00:00,86.889,84.946,87.038,86.291,29756,18143190.00
2012-09-19 00:00:00,85.992,85.843,88.085,86.889,23860,14655420.00
2012-09-20 00:00:00,86.441,82.555,86.441,83.302,45963,27578220.00
2012-09-21 00:00:00,83.302,81.807,84.498,82.854,27398,16228810.00
2012-09-24 00:00:00,82.405,81.658,83.900,83.451,32329,19001720.00
2012-09-25 00:00:00,83.003,81.957,83.750,82.405,17523,10291660.00
2012-09-26 00:00:00,82.106,79.864,82.555,80.462,22795,13192150.00
2012-09-27 00:00:00,80.462,77.921,83.003,82.106,61113,35038360.00
2012-09-28 00:00:00,80.761,80.163,82.405,82.256,42142,24446730.00
2012-10-08 00:00:00,82.256,82.106,83.750,82.555,37059,21807040.00
2012-10-09 00:00:00,82.405,82.405,86.142,85.843,55563,33393300.00
2012-10-10 00:00:00,85.245,85.095,86.441,86.142,36127,21979680.00
2012-10-11 00:00:00,85.992,84.647,86.590,84.797,35671,21625150.00
2012-10-12 00:00:00,85.394,83.003,85.992,83.601,24711,14739600.00
2012-10-15 00:00:00,84.946,84.049,85.693,85.394,40392,24268320.00
2012-10-16 00:00:00,85.843,84.348,85.843,84.797,33295,20089680.00
2012-10-17 00:00:00,84.946,82.405,85.245,83.900,35324,20987560.00
2012-10-18 00:00:00,84.348,83.900,92.867,92.867,188335,120158400.00
2012-10-19 00:00:00,92.120,90.327,93.316,92.120,140585,90976300.00
2012-10-22 00:00:00,90.924,90.028,95.856,92.120,206523,135273000.00
2012-10-23 00:00:00,91.373,89.878,92.568,90.924,93401,59993790.00
2012-10-24 00:00:00,89.729,89.729,91.373,91.074,48633,31086310.00
2012-10-25 00:00:00,90.625,88.384,92.419,88.533,73780,47244030.00
2012-10-26 00:00:00,87.786,86.142,89.878,87.935,74079,46174340.00
2012-10-29 00:00:00,88.533,86.740,88.832,87.188,46195,28637800.00
2012-10-30 00:00:00,87.188,86.889,88.533,87.487,53240,32959640.00
2012-10-31 00:00:00,88.085,86.441,90.327,89.878,73956,46355320.00
2012-11-01 00:00:00,89.131,88.384,92.718,91.373,120057,76914620.00
2012-11-02 00:00:00,90.775,90.028,91.821,90.625,70162,45083440.00
2012-11-05 00:00:00,90.625,89.729,91.223,90.476,42427,27080330.00
2012-11-06 00:00:00,90.924,87.786,91.223,89.878,74450,46917710.00
2012-11-07 00:00:00,89.729,89.729,97.949,93.764,236220,156347200.00
2012-11-08 00:00:00,91.373,90.327,96.305,93.166,146389,96890630.00
2012-11-09 00:00:00,92.419,90.476,93.316,91.074,72202,46711190.00
2012-11-12 00:00:00,91.971,90.924,95.259,95.259,102043,67391300.00
2012-11-13 00:00:00,94.960,91.373,96.155,92.269,151661,100785500.00
2012-11-14 00:00:00,92.120,85.394,92.718,88.384,113925,71477020.00
2012-11-15 00:00:00,87.188,83.601,87.636,84.348,73175,44390960.00
2012-11-16 00:00:00,84.348,81.957,85.245,82.854,50530,29800150.00
2012-11-19 00:00:00,82.854,82.405,84.797,84.348,38092,22612550.00
2012-11-20 00:00:00,84.498,84.199,86.590,85.394,45115,27310110.00
2012-11-21 00:00:00,85.394,83.601,86.590,86.590,42281,25567560.00
2012-11-22 00:00:00,86.441,84.647,86.441,84.946,32758,19780930.00
2012-11-23 00:00:00,85.394,84.348,86.291,84.797,35323,21321650.00
2012-11-26 00:00:00,84.797,83.003,85.245,83.003,20316,12074180.00
2012-11-27 00:00:00,83.003,79.117,83.153,79.416,38550,22078870.00
2012-11-28 00:00:00,79.416,76.427,79.715,77.324,35313,19482680.00
2012-11-29 00:00:00,77.324,76.427,79.117,76.726,35517,19691080.00
2012-11-30 00:00:00,76.576,75.381,78.669,77.623,41807,23025940.00
2012-12-03 00:00:00,77.174,75.381,78.818,75.680,30257,16660030.00
2012-12-04 00:00:00,75.680,74.185,77.623,77.025,33017,17892450.00
2012-12-05 00:00:00,76.427,76.427,82.106,80.313,61897,35225620.00
2012-12-06 00:00:00,80.462,79.566,81.658,80.911,52661,30288680.00
2012-12-07 00:00:00,80.462,80.014,84.348,83.302,70120,41238340.00
2012-12-10 00:00:00,83.302,82.854,84.797,84.348,55814,33290610.00
2012-12-11 00:00:00,84.199,82.405,84.199,82.555,48250,28499540.00
2012-12-12 00:00:00,83.302,81.957,83.900,83.003,33861,19937160.00
2012-12-13 00:00:00,82.555,81.359,82.854,81.658,32568,18940040.00
2012-12-14 00:00:00,81.658,81.508,89.131,87.487,144259,88301770.00
2012-12-17 00:00:00,87.636,86.291,88.234,87.636,92953,57448770.00
2012-12-18 00:00:00,87.188,85.843,91.373,90.625,155978,98646020.00
2012-12-19 00:00:00,89.729,88.384,90.775,89.430,92767,58669680.00
2012-12-20 00:00:00,88.832,87.038,89.878,88.832,77662,48627800.00
2012-12-21 00:00:00,88.533,87.487,90.476,89.280,95291,59947990.00
2012-12-24 00:00:00,89.131,88.085,90.476,88.832,67181,42307360.00
2012-12-25 00:00:00,88.981,88.234,91.672,90.924,122522,78391880.00
2012-12-26 00:00:00,90.924,89.878,92.718,92.269,120506,77736730.00
2012-12-27 00:00:00,92.269,90.177,93.615,90.327,90128,58012690.00
2012-12-28 00:00:00,90.476,89.131,92.419,91.971,104761,67205810.00
2012-12-31 00:00:00,92.419,91.074,94.212,93.166,103226,67738640.00
2013-01-04 00:00:00,94.511,91.672,94.661,92.120,102592,67152730.00
2013-01-07 00:00:00,91.373,88.533,91.373,89.579,140665,89270950.00
2013-01-08 00:00:00,89.579,89.280,94.511,93.764,176889,114285300.00
2013-01-09 00:00:00,93.465,92.718,97.351,95.259,202840,135557100.00
2013-01-10 00:00:00,94.960,93.017,96.753,94.063,94495,62994720.00
2013-01-11 00:00:00,94.661,90.327,94.661,90.476,87563,56753330.00
2013-01-14 00:00:00,90.476,89.729,96.454,95.109,115139,75998900.00
2013-01-15 00:00:00,95.259,94.661,97.351,96.305,126030,85340420.00
2013-01-16 00:00:00,95.856,93.465,96.604,95.109,113314,75829780.00
2013-01-17 00:00:00,95.109,92.718,95.109,93.764,82126,54274880.00
2013-01-18 00:00:00,94.063,93.764,99.443,99.145,213444,145478000.00
2013-01-21 00:00:00,99.145,98.547,105.422,102.134,271665,195573300.00
2013-01-22 00:00:00,102.283,99.593,104.973,102.732,167151,119744100.00
2013-01-23 00:00:00,101.984,100.789,111.550,109.457,247131,183345200.00
2013-01-24 00:00:00,109.308,104.525,111.101,106.617,196162,147993400.00
2013-01-25 00:00:00,105.721,104.077,109.158,107.215,116919,87971100.00
2013-01-28 00:00:00,106.468,105.571,111.998,110.204,118790,91187500.00
2013-01-29 00:00:00,109.308,109.308,114.838,113.791,137580,109021800.00
2013-01-30 00:00:00,113.791,110.802,113.941,112.596,67888,53353720.00
2013-01-31 00:00:00,111.550,106.617,111.550,106.916,162590,123150200.00
2013-02-01 00:00:00,106.916,105.571,118.126,115.884,182675,143806400.00
2013-02-04 00:00:00,116.631,116.631,126.346,119.471,265704,222576100.00
2013-02-05 00:00:00,117.229,115.884,123.955,121.264,164196,138288600.00
2013-02-06 00:00:00,121.115,120.368,125.449,121.115,91389,77702070.00
2013-02-07 00:00:00,120.667,117.677,123.058,120.816,98442,82310660.00
2013-02-08 00:00:00,120.965,119.172,121.563,120.368,64713,54253150.00
2013-02-18 00:00:00,120.368,118.275,121.563,119.471,54857,45658740.00
2013-02-19 00:00:00,119.471,115.734,120.816,116.482,71471,58666740.00
2013-02-20 00:00:00,115.436,114.240,117.229,116.631,71037,57283400.00
2013-02-21 00:00:00,115.585,107.365,115.585,108.411,143588,110976000.00
2013-02-22 00:00:00,108.411,107.066,109.308,107.813,54309,41162810.00
2013-02-25 00:00:00,107.664,107.664,110.503,109.457,48058,36735310.00
2013-02-26 00:00:00,108.560,106.767,111.400,107.664,65732,50200650.00
2013-02-27 00:00:00,108.262,108.112,111.400,110.952,67283,51676750.00
2013-02-28 00:00:00,110.653,109.607,114.240,113.791,105145,82715740.00
2013-03-01 00:00:00,113.642,111.998,115.436,114.688,78616,62477130.00
2013-03-04 00:00:00,113.194,102.732,113.194,107.813,166040,124458100.00
2013-03-05 00:00:00,106.617,105.870,110.503,109.906,62832,47722120.00
2013-03-06 00:00:00,110.055,109.308,112.446,109.607,84930,65790390.00
2013-03-07 00:00:00,109.756,106.319,109.756,107.813,66812,50557030.00
2013-03-08 00:00:00,107.066,101.685,108.262,104.973,123511,90340820.00
2013-03-11 00:00:00,104.376,102.881,104.973,104.077,32673,23852590.00
2013-03-12 00:00:00,104.376,103.778,107.813,105.422,82577,60923010.00
2013-03-13 00:00:00,105.422,101.386,105.422,103.628,40704,29426430.00
2013-03-14 00:00:00,103.778,102.582,104.824,103.180,25442,18540930.00
2013-03-15 00:00:00,103.479,102.433,107.066,104.077,57130,42056020.00
2013-03-18 00:00:00,103.479,101.685,104.376,102.283,35603,25670270.00
2013-03-19 00:00:00,102.283,99.145,102.582,101.536,69296,48929430.00
2013-03-20 00:00:00,100.041,100.041,106.020,105.123,83824,61028440.00
2013-03-21 00:00:00,104.973,103.778,106.767,104.226,75575,55752410.00
2013-03-22 00:00:00,104.077,103.479,108.112,107.514,81507,60557640.00
2013-03-25 00:00:00,107.664,105.571,108.411,106.468,46009,34350530.00
2013-03-26 00:00:00,106.319,102.732,106.319,103.479,53260,38860970.00
2013-03-27 00:00:00,103.628,102.582,105.422,103.479,39645,28889440.00
2013-03-28 00:00:00,102.881,98.397,103.329,101.536,79274,55668880.00
2013-03-29 00:00:00,101.237,99.294,101.536,101.237,34566,24356220.00
2013-04-01 00:00:00,101.088,99.593,101.835,100.191,33680,23798880.00
2013-04-02 00:00:00,99.742,98.397,101.237,98.547,35904,25115430.00
2013-04-03 00:00:00,98.547,94.960,99.443,95.856,59246,40285620.00
2013-04-08 00:00:00,94.810,92.718,95.707,95.707,37483,24869830.00
2013-04-09 00:00:00,95.707,95.408,97.351,96.753,44140,29990540.00
2013-04-10 00:00:00,96.753,94.511,96.753,95.259,24384,16377270.00
2013-04-11 00:00:00,95.856,95.109,96.454,95.259,25982,17533500.00
2013-04-12 00:00:00,95.856,93.914,95.856,95.109,18975,12697290.00
2013-04-15 00:00:00,96.454,96.454,99.443,97.202,64844,44644500.00
2013-04-16 00:00:00,96.753,95.259,100.490,99.892,54462,37762930.00
2013-04-17 00:00:00,99.742,98.248,100.490,99.593,45934,32052140.00
2013-04-18 00:00:00,98.846,97.650,99.892,98.547,39304,27242580.00
2013-04-19 00:00:00,98.696,98.248,103.778,103.329,96756,69535580.00
2013-04-22 00:00:00,102.732,101.835,105.272,103.628,52011,37672710.00
2013-04-23 00:00:00,103.778,99.593,104.675,99.892,61840,44104720.00
2013-04-24 00:00:00,100.041,99.294,104.226,103.031,42622,30614860.00
2013-04-25 00:00:00,102.582,99.593,102.732,99.742,39912,28342150.00
2013-04-26 00:00:00,100.191,97.501,101.984,97.799,46834,32940750.00
2013-05-02 00:00:00,96.006,95.856,98.846,97.351,30445,20786750.00
2013-05-03 00:00:00,97.501,97.501,101.088,99.593,35997,25293590.00
2013-05-06 00:00:00,99.892,99.742,102.732,101.835,45600,32608010.00
2013-05-07 00:00:00,101.835,100.490,102.433,101.984,28052,20052940.00
2013-05-08 00:00:00,102.283,100.938,103.778,101.835,37452,26835790.00
2013-05-09 00:00:00,101.536,100.191,101.835,100.490,41216,29201650.00
2013-05-10 00:00:00,100.340,100.191,103.778,103.329,58653,42102430.00
2013-05-13 00:00:00,103.031,101.685,104.376,101.835,33616,24237230.00
2013-05-14 00:00:00,101.984,99.145,102.283,100.340,41370,29144080.00
2013-05-15 00:00:00,100.789,99.593,100.938,100.191,31800,22370670.00
2013-05-16 00:00:00,99.892,99.892,103.778,103.031,65826,47284130.00
2013-05-17 00:00:00,102.732,102.433,104.226,103.778,85300,62020400.00
2013-05-20 00:00:00,104.376,104.226,107.963,106.916,129546,96973070.00
2013-05-21 00:00:00,107.514,107.365,110.055,109.906,125469,95589370.00
2013-05-22 00:00:00,109.158,107.066,109.308,107.664,117735,89215380.00
2013-05-23 00:00:00,108.560,107.963,113.343,109.457,139432,107630100.00
2013-05-24 00:00:00,109.158,108.710,112.147,111.251,88162,67965230.00
2013-05-27 00:00:00,111.550,110.055,113.493,111.251,83659,65138540.00
2013-05-28 00:00:00,111.550,107.813,111.550,110.802,88323,67572830.00
2013-05-29 00:00:00,111.400,109.607,112.297,110.204,70550,54745930.00
2013-05-30 00:00:00,110.055,107.813,110.055,108.262,69119,52613000.00
2013-05-31 00:00:00,108.560,106.916,109.607,107.066,57229,43409140.00
2013-06-03 00:00:00,107.215,106.020,109.158,107.215,65382,49245650.00
2013-06-04 00:00:00,107.215,103.031,107.215,103.778,77569,56966900.00
2013-06-05 00:00:00,103.628,102.283,104.675,104.226,32146,23343350.00
2013-06-06 00:00:00,103.479,102.134,103.927,102.283,34986,25253340.00
2013-06-07 00:00:00,101.984,99.593,102.881,100.041,61961,44088910.00
2013-06-13 00:00:00,99.593,93.017,99.593,95.109,43949,29551140.00
2013-06-14 00:00:00,95.408,94.960,96.903,95.558,35808,24179090.00
2013-06-17 00:00:00,96.305,93.615,96.753,95.558,33610,22598570.00
2013-06-18 00:00:00,96.006,94.960,97.202,96.006,24382,16495340.00
2013-06-19 00:00:00,96.006,90.924,96.006,93.316,37474,24555110.00
2013-06-20 00:00:00,92.718,88.384,92.718,88.384,44154,28180810.00
2013-06-21 00:00:00,86.740,85.693,87.786,86.889,60820,37286170.00
2013-06-24 00:00:00,86.889,77.772,87.337,79.416,67583,39357900.00
2013-06-25 00:00:00,76.726,75.829,87.935,87.935,116284,67590950.00
2013-06-26 00:00:00,90.625,89.131,96.305,91.821,223008,144131700.00
2013-06-27 00:00:00,89.131,87.935,94.362,90.625,152872,98213930.00
2013-06-28 00:00:00,88.832,86.291,91.074,87.487,75435,47196550.00
2013-07-01 00:00:00,88.832,87.935,91.373,89.729,67052,42488340.00
2013-07-02 00:00:00,89.878,87.636,91.522,90.177,73661,46647440.00
2013-07-03 00:00:00,88.832,84.049,89.131,86.441,81810,50092260.00
2013-07-04 00:00:00,85.544,84.199,87.636,85.693,65839,40134280.00
2013-07-05 00:00:00,85.992,85.992,92.120,90.177,129187,81589620.00
2013-07-08 00:00:00,92.120,90.327,99.742,99.742,422099,292694000.00
2013-07-09 00:00:00,99.294,96.155,102.433,98.696,375730,261806800.00
2013-07-10 00:00:00,96.903,96.604,108.710,103.329,452084,329052800.00
2013-07-11 00:00:00,100.340,100.340,108.411,105.571,325862,238279300.00
2013-07-12 00:00:00,104.525,102.582,107.813,104.376,257199,189763700.00
2013-07-15 00:00:00,104.077,101.088,106.468,106.169,262582,191608000.00
2013-07-16 00:00:00,105.422,103.329,109.457,105.272,281687,210424000.00
2013-07-17 00:00:00,103.479,100.938,107.514,102.134,224228,162936300.00
2013-07-18 00:00:00,100.340,99.593,101.984,100.191,152554,107768400.00
2013-07-19 00:00:00,100.490,93.764,101.386,93.764,197429,135097900.00
2013-07-22 00:00:00,92.867,89.430,93.316,92.568,125820,81399380.00
2013-07-23 00:00:00,92.568,92.269,95.856,95.259,140061,93316660.00
2013-07-24 00:00:00,95.109,90.775,95.109,93.166,111672,73153460.00
2013-07-25 00:00:00,92.867,92.867,96.604,93.316,96658,64483750.00
2013-07-26 00:00:00,92.568,91.074,94.511,91.373,83309,54202790.00
2013-07-29 00:00:00,90.476,87.188,90.924,87.935,68446,42928240.00
2013-07-30 00:00:00,87.636,86.889,95.259,92.568,113071,73589140.00
2013-07-31 00:00:00,92.120,90.625,94.212,91.223,71304,46358260.00
2013-08-01 00:00:00,90.625,90.625,94.212,93.914,93075,61096590.00
2013-08-02 00:00:00,93.615,92.568,95.707,92.718,94196,62561590.00
2013-08-05 00:00:00,92.718,92.718,96.454,95.856,89247,59665020.00
2013-08-06 00:00:00,96.006,94.362,96.305,95.558,78886,52961100.00
2013-08-07 00:00:00,96.305,94.960,100.490,97.351,137369,94869900.00
2013-08-08 00:00:00,95.856,95.856,100.191,99.593,121797,84590670.00
2013-08-09 00:00:00,99.892,97.501,100.639,99.294,79482,55261390.00
2013-08-12 00:00:00,99.294,98.547,102.582,101.685,139724,99069550.00
2013-08-13 00:00:00,101.685,100.789,104.675,103.628,183553,132156600.00
2013-08-14 00:00:00,102.732,102.582,105.870,103.628,163151,119010700.00
2013-08-15 00:00:00,103.628,103.329,110.503,107.066,246529,185965100.00
2013-08-16 00:00:00,105.870,103.778,111.550,104.077,221109,166144300.00
2013-09-30 00:00:00,114.987,114.987,114.987,114.987,5896,4734471.00
2013-10-08 00:00:00,126.495,120.517,126.944,126.944,577052,502517500.00
2013-10-09 00:00:00,126.495,124.104,136.659,132.324,582175,529016200.00
2013-10-10 00:00:00,129.634,125.001,131.129,126.794,337764,300958700.00
2013-10-11 00:00:00,128.289,126.197,131.577,129.186,224916,201088700.00
2013-10-14 00:00:00,128.588,126.495,134.267,126.944,262369,237235200.00
2013-10-15 00:00:00,125.599,120.816,128.139,125.599,303994,260267900.00
2013-10-16 00:00:00,123.506,115.734,124.254,117.827,206404,171883600.00
2013-10-17 00:00:00,117.827,112.745,120.069,113.941,169255,137293200.00
2013-10-18 00:00:00,114.090,112.596,116.631,115.585,114467,91917170.00
2013-10-21 00:00:00,115.884,114.240,119.919,119.172,156503,128342800.00
2013-10-22 00:00:00,120.368,117.528,123.805,119.172,194783,163909400.00
2013-10-23 00:00:00,118.425,111.251,120.368,113.343,145136,116521500.00
2013-10-24 00:00:00,113.044,110.802,114.090,112.446,74888,58951160.00
2013-10-25 00:00:00,113.791,111.998,115.137,112.745,91821,72704300.00
2013-10-28 00:00:00,113.791,109.158,113.941,111.400,78947,61941580.00
2013-10-29 00:00:00,110.802,102.881,112.446,103.479,154275,114863600.00
2013-10-30 00:00:00,103.479,102.881,110.952,109.158,125145,93666470.00
2013-10-31 00:00:00,108.859,106.468,110.204,106.916,80969,61469240.00
2013-11-01 00:00:00,106.319,102.881,108.411,107.813,58410,43376060.00
2013-11-04 00:00:00,107.664,105.123,108.112,105.721,72655,54015260.00
2013-11-05 00:00:00,105.422,103.031,109.009,108.710,108471,80682640.00
2013-11-06 00:00:00,106.767,106.319,114.240,109.756,131200,101467600.00
2013-11-07 00:00:00,110.055,106.169,110.952,107.365,82913,62824660.00
2013-11-08 00:00:00,105.571,104.824,107.664,104.973,59167,43958970.00
2013-11-11 00:00:00,105.123,102.881,105.870,103.628,61479,44779160.00
2013-11-12 00:00:00,104.376,103.329,105.870,105.721,84717,62138430.00
2013-11-13 00:00:00,104.675,98.696,104.824,98.995,129525,92129180.00
2013-11-14 00:00:00,99.145,97.949,100.639,100.041,70141,49094890.00
2013-11-15 00:00:00,100.490,99.294,104.226,101.984,164140,118151600.00
2013-11-18 00:00:00,102.732,101.835,108.262,107.365,231599,170846200.00
2013-11-19 00:00:00,107.813,106.020,110.055,108.262,184207,139563700.00
2013-11-20 00:00:00,109.158,106.916,115.286,112.895,260856,203982000.00
2013-11-21 00:00:00,111.699,110.653,119.770,115.585,356480,287296200.00
2013-11-22 00:00:00,117.827,112.147,119.023,112.745,189819,151740500.00
2013-11-25 00:00:00,111.849,109.158,114.240,109.308,141821,110576500.00
2013-11-26 00:00:00,109.308,108.411,111.400,109.906,103671,79629580.00
2013-11-27 00:00:00,109.308,109.308,116.482,114.539,170160,134966500.00
2013-11-28 00:00:00,116.482,113.941,116.930,114.240,192177,154579000.00
2013-11-29 00:00:00,114.240,114.090,121.264,119.321,267921,219963900.00
2013-12-02 00:00:00,116.033,112.596,120.517,114.090,242286,196186700.00
2013-12-03 00:00:00,114.090,110.503,117.080,115.436,146106,116567600.00
2013-12-04 00:00:00,114.389,113.941,120.218,117.976,223619,184045500.00
2013-12-05 00:00:00,117.677,117.378,120.368,117.976,145686,120575000.00
2013-12-06 00:00:00,117.677,114.539,119.172,115.734,140696,114245300.00
2013-12-09 00:00:00,116.482,113.044,116.631,113.941,114703,91454270.00
2013-12-10 00:00:00,114.838,113.791,117.827,116.332,131018,105908200.00
2013-12-11 00:00:00,114.987,114.539,121.115,119.023,297807,246925400.00
2013-12-19 00:00:00,117.528,109.457,117.528,109.906,216834,170053500.00
2013-12-20 00:00:00,110.055,105.870,111.998,107.514,118079,89567720.00
2013-12-23 00:00:00,107.066,100.938,107.215,103.628,88113,64485490.00
2013-12-24 00:00:00,103.927,102.433,105.721,103.927,62330,45585810.00
2013-12-25 00:00:00,103.180,103.031,105.272,104.376,76639,55924930.00
2013-12-26 00:00:00,104.525,101.685,104.675,101.835,82677,59624550.00
2013-12-27 00:00:00,101.835,101.386,112.596,112.446,209232,157958700.00
2013-12-30 00:00:00,111.550,110.055,116.482,110.653,212926,168172300.00
2013-12-31 00:00:00,110.055,109.607,114.389,113.194,142074,111928100.00
2014-01-02 00:00:00,113.194,112.745,115.884,113.791,103314,82320810.00
2014-01-03 00:00:00,114.090,110.204,114.539,111.849,117229,91827020.00
2014-01-06 00:00:00,111.998,106.617,112.895,107.066,92842,71300180.00
2014-01-07 00:00:00,106.468,105.123,111.998,110.503,101198,77510960.00
2014-01-08 00:00:00,110.354,107.664,111.101,108.112,74463,56863000.00
2014-01-09 00:00:00,108.560,105.272,110.354,105.721,68373,51815860.00
2014-01-10 00:00:00,105.422,102.582,106.020,102.732,73390,53433680.00
2014-01-13 00:00:00,103.778,102.582,105.123,104.077,47366,34429650.00
2014-01-14 00:00:00,104.077,101.685,106.617,106.617,66038,48186130.00
2014-01-15 00:00:00,106.319,104.675,107.066,107.066,55643,41165200.00
2014-01-16 00:00:00,106.617,105.870,110.503,108.411,81942,62195080.00
2014-01-17 00:00:00,115.436,111.699,119.770,119.770,282240,229715100.00
2014-01-20 00:00:00,122.012,117.976,123.506,120.965,345875,291128100.00
2014-01-21 00:00:00,120.965,117.976,122.161,121.115,234915,196618400.00
2014-01-22 00:00:00,121.264,119.023,122.908,122.012,241046,203720800.00
2014-01-23 00:00:00,121.713,120.667,127.542,123.207,274673,238870800.00
2014-01-24 00:00:00,122.460,120.816,123.805,121.713,194816,165616700.00
2014-01-27 00:00:00,119.919,119.172,124.702,122.610,140254,119513600.00
2014-01-28 00:00:00,122.610,121.713,127.542,126.346,195289,170168200.00
2014-01-29 00:00:00,125.898,124.104,127.691,125.898,119112,104562400.00
2014-01-30 00:00:00,123.207,118.425,125.300,119.471,161231,136519300.00
2014-02-07 00:00:00,119.471,116.781,122.610,122.460,105901,88757860.00
2014-02-10 00:00:00,122.759,122.161,127.542,126.197,170430,149129800.00
2014-02-11 00:00:00,125.748,125.449,132.474,131.278,234464,212012300.00
2014-02-12 00:00:00,131.278,128.737,134.716,130.531,205319,187096800.00
2014-02-13 00:00:00,131.428,130.232,136.958,132.773,265625,247887300.00
2014-02-14 00:00:00,131.726,130.979,135.015,133.669,162568,150071500.00
2014-02-17 00:00:00,133.968,132.025,138.900,133.520,216608,202165700.00
2014-02-18 00:00:00,133.669,130.232,134.566,133.968,196187,180178600.00
2014-02-19 00:00:00,133.221,131.278,136.061,133.221,176812,164250100.00
2014-02-20 00:00:00,133.371,126.495,134.417,126.794,206502,185987500.00
2014-02-21 00:00:00,126.495,121.713,129.186,123.207,171686,149297200.00
2014-02-24 00:00:00,123.058,120.517,126.197,124.702,118642,102178300.00
2014-02-25 00:00:00,124.702,118.873,125.449,119.321,142997,121814600.00
2014-02-26 00:00:00,119.172,117.528,120.667,120.218,93300,77369900.00
2014-02-27 00:00:00,120.368,117.528,121.414,117.677,109813,91500220.00
2014-02-28 00:00:00,117.528,114.838,119.321,118.724,92918,76309890.00
2014-03-03 00:00:00,118.724,117.827,121.862,121.862,99857,83679930.00
2014-03-04 00:00:00,120.965,118.873,122.759,121.563,98127,82681400.00
2014-03-05 00:00:00,121.862,121.115,123.207,121.414,93651,79614170.00
2014-03-06 00:00:00,122.908,122.460,125.449,123.955,124690,107474200.00
2014-03-07 00:00:00,123.955,120.218,124.851,120.517,83334,70823060.00
2014-03-10 00:00:00,119.172,113.194,119.321,113.642,110191,89312500.00
2014-03-11 00:00:00,112.745,112.297,114.838,112.895,56955,45038880.00
2014-03-12 00:00:00,113.044,111.849,115.137,114.240,52679,41820550.00
2014-03-13 00:00:00,114.688,113.791,117.229,116.631,63787,51604440.00
2014-03-14 00:00:00,116.033,115.436,116.781,116.482,50078,40597080.00
2014-03-17 00:00:00,116.482,115.436,117.378,117.378,43262,35175400.00
2014-03-18 00:00:00,120.517,120.517,124.552,122.012,177440,151332600.00
2014-03-19 00:00:00,119.770,118.873,121.713,120.965,74098,61889220.00
2014-03-20 00:00:00,120.667,116.033,122.460,116.183,69192,57641970.00
2014-03-21 00:00:00,114.539,114.240,120.368,119.770,75535,61962140.00
2014-03-24 00:00:00,120.368,119.620,125.001,124.104,166103,142621200.00
2014-03-25 00:00:00,124.403,121.414,125.449,122.759,102257,87762550.00
2014-03-26 00:00:00,123.207,120.965,123.506,121.563,69136,58653900.00
2014-03-27 00:00:00,122.012,121.264,126.346,123.805,181344,156774900.00
2014-03-28 00:00:00,122.161,119.620,125.001,119.620,106982,90962300.00
2014-03-31 00:00:00,120.218,116.631,121.264,117.528,68155,56137100.00
2014-04-01 00:00:00,116.482,116.482,119.919,119.321,48305,40016650.00
2014-04-02 00:00:00,121.264,121.264,124.403,121.862,98251,84027700.00
2014-04-03 00:00:00,121.862,119.919,123.058,120.218,61317,51685290.00
2014-04-04 00:00:00,120.667,119.321,121.115,120.667,57006,47784840.00
2014-04-08 00:00:00,119.770,119.770,124.254,124.254,107795,92081960.00
2014-04-09 00:00:00,124.104,121.862,124.254,123.506,91989,78778600.00
2014-04-10 00:00:00,123.506,122.311,124.552,123.656,88961,76490550.00
2014-04-11 00:00:00,123.506,119.919,123.506,120.965,89751,75673300.00
2014-04-14 00:00:00,120.517,119.770,122.460,122.311,62026,52319120.00
2014-04-15 00:00:00,122.908,120.517,125.599,120.965,117920,101328000.00
2014-04-16 00:00:00,121.115,119.321,121.862,121.264,58906,49629400.00
2014-04-17 00:00:00,121.264,120.368,123.955,123.207,67071,57066340.00
2014-04-18 00:00:00,122.012,121.264,124.702,124.552,100805,86778960.00
2014-04-21 00:00:00,122.908,120.965,124.403,121.414,79892,68423330.00
2014-04-22 00:00:00,120.517,117.080,121.713,119.919,86124,71760310.00
2014-04-23 00:00:00,119.172,118.574,120.667,118.724,33971,28271880.00
2014-04-24 00:00:00,118.275,117.677,119.471,118.574,27681,22899260.00
2014-04-25 00:00:00,118.574,113.343,119.172,113.941,46757,38226070.00
2014-04-28 00:00:00,113.941,110.204,114.240,111.998,58405,45565300.00
2014-04-29 00:00:00,110.055,104.077,114.987,114.240,76892,59791210.00
2014-04-30 00:00:00,113.642,112.745,114.240,113.642,31851,25227480.00
2014-05-05 00:00:00,115.734,114.688,117.229,115.734,56698,45908320.00
2014-05-06 00:00:00,115.137,114.389,115.884,115.137,43656,35099700.00
2014-05-07 00:00:00,114.090,110.503,114.090,110.802,73807,57822660.00
2014-05-08 00:00:00,110.802,110.204,112.895,110.952,41585,32391980.00
2014-05-09 00:00:00,110.055,109.009,112.147,110.354,47157,36450970.00
2014-05-12 00:00:00,111.699,110.055,113.194,112.745,43347,33977540.00
2014-05-13 00:00:00,112.596,112.147,113.343,113.044,32172,25377360.00
2014-05-14 00:00:00,112.895,112.147,114.090,113.194,29850,23549950.00
2014-05-15 00:00:00,113.343,109.308,113.343,109.457,44957,34928680.00
2014-05-16 00:00:00,109.158,106.617,110.055,107.963,39688,30084740.00
2014-05-19 00:00:00,107.813,104.824,107.963,105.571,40096,29673530.00
2014-05-20 00:00:00,106.319,105.422,109.308,108.560,57452,43333570.00
2014-05-21 00:00:00,107.365,106.468,112.297,110.952,61988,47416990.00
2014-05-22 00:00:00,109.607,109.009,111.251,109.009,57582,44310240.00
2014-05-23 00:00:00,108.710,107.963,110.055,109.457,33307,25440520.00
2014-05-26 00:00:00,110.055,109.158,110.354,109.906,34541,26514820.00
2014-05-27 00:00:00,110.354,109.607,112.147,111.400,58036,45096940.00
2014-05-28 00:00:00,110.802,109.457,112.297,112.297,61812,48011920.00
2014-05-30 00:00:00,116.033,112.147,116.631,113.791,124654,100006200.00
2014-06-03 00:00:00,114.090,111.849,114.389,111.849,64583,50853020.00
2014-06-04 00:00:00,111.849,109.308,112.297,110.653,48394,37449490.00
2014-06-05 00:00:00,111.550,109.607,111.699,111.550,26860,20822280.00
2014-06-06 00:00:00,111.849,110.354,111.849,110.653,34034,26374710.00
2014-06-09 00:00:00,109.906,108.560,111.101,108.560,36890,28369100.00
2014-06-10 00:00:00,111.849,111.251,114.240,112.147,82339,64740130.00
2014-06-11 00:00:00,111.251,110.204,111.998,110.653,55104,42736450.00
2014-06-12 00:00:00,110.653,110.354,111.699,110.952,39116,30398900.00
2014-06-13 00:00:00,110.952,110.354,112.446,112.297,44224,34580980.00
2014-06-16 00:00:00,111.998,111.550,113.044,113.044,46707,36745930.00
2014-06-17 00:00:00,112.895,110.653,112.895,111.101,45210,35277080.00
2014-06-18 00:00:00,111.101,110.354,112.297,110.653,37479,29173660.00
2014-06-19 00:00:00,111.849,106.617,111.998,108.262,40771,31104780.00
2014-06-20 00:00:00,107.963,107.813,110.653,108.859,35756,26746990.00
2014-06-23 00:00:00,109.009,108.710,110.354,109.009,27036,20276660.00
2014-06-24 00:00:00,108.859,108.710,109.906,109.457,28355,21253250.00
2014-06-25 00:00:00,109.308,107.813,109.308,108.112,34045,25284560.00
2014-06-26 00:00:00,107.963,107.813,109.308,108.859,46876,34984870.00
2014-06-27 00:00:00,109.308,108.859,112.745,111.849,80080,60932220.00
2014-06-30 00:00:00,111.849,110.952,112.297,111.998,47713,36500930.00
2014-07-01 00:00:00,111.849,111.550,112.596,112.446,39071,30064240.00
2014-07-02 00:00:00,112.297,111.699,113.194,112.596,48375,37304340.00
2014-07-03 00:00:00,112.446,112.297,114.838,114.240,76696,59995230.00
2014-07-04 00:00:00,113.791,112.596,114.539,112.895,51264,39815130.00
2014-07-07 00:00:00,113.194,112.446,115.137,114.539,71028,55516360.00
2014-07-08 00:00:00,114.389,113.642,115.734,115.286,53674,42177610.00
2014-07-09 00:00:00,114.987,112.895,115.286,113.044,51733,40315170.00
2014-07-10 00:00:00,112.596,111.550,114.090,112.895,37694,29177750.00
2014-07-11 00:00:00,112.895,112.446,113.791,113.493,38047,29568060.00
2014-07-14 00:00:00,114.539,114.090,117.528,117.080,88524,70133840.00
2014-07-15 00:00:00,117.827,116.183,119.023,117.528,72738,58623680.00
2014-07-16 00:00:00,117.677,116.631,119.023,116.781,64433,51945320.00
2014-07-22 00:00:00,119.620,117.229,123.955,118.873,209117,173133500.00
2014-07-23 00:00:00,118.425,113.941,119.023,114.987,106737,84720670.00
2014-07-24 00:00:00,114.389,114.090,116.781,115.884,73795,58471390.00
2014-07-25 00:00:00,115.585,113.791,116.482,116.332,52862,41869220.00
2014-07-28 00:00:00,115.884,115.734,120.517,118.275,154614,125642700.00
2014-07-29 00:00:00,119.770,118.275,120.816,119.023,123182,100348500.00
2014-07-30 00:00:00,118.574,117.080,118.724,118.126,101031,81578690.00
2014-07-31 00:00:00,117.528,117.528,118.873,118.724,82081,66463210.00
2014-08-01 00:00:00,118.275,116.183,119.172,116.332,105248,84867500.00
2014-08-04 00:00:00,116.332,116.183,118.275,118.275,109698,88355370.00
2014-08-05 00:00:00,118.724,117.528,120.517,119.620,139020,113366400.00
2014-08-06 00:00:00,119.620,117.976,119.919,119.321,94788,77188340.00
2014-08-07 00:00:00,119.172,117.677,120.517,117.976,91264,74414620.00
2014-08-08 00:00:00,117.677,117.378,120.368,118.425,93543,76389280.00
2014-08-11 00:00:00,117.827,117.677,119.471,119.172,98940,80412700.00
2014-08-12 00:00:00,118.724,117.976,120.218,119.919,122356,99610200.00
2014-08-13 00:00:00,119.770,118.873,122.610,121.862,198494,164639400.00
2014-08-14 00:00:00,121.563,120.368,123.058,120.667,146824,122505100.00
2014-08-15 00:00:00,120.816,120.517,125.449,123.058,159957,134645100.00
2014-08-18 00:00:00,123.207,122.759,125.001,123.656,127988,108171200.00
2014-08-19 00:00:00,123.656,123.058,128.139,127.392,210424,181577200.00
2014-08-20 00:00:00,126.495,125.449,127.542,125.898,144216,124706300.00
2014-08-21 00:00:00,126.047,124.104,127.841,126.794,114676,98860500.00
2014-08-22 00:00:00,126.645,126.197,132.623,129.933,233206,207410700.00
2014-08-25 00:00:00,129.335,128.438,132.025,128.438,125869,111651000.00
2014-08-26 00:00:00,128.438,122.311,130.680,124.552,196812,169673800.00
2014-08-27 00:00:00,124.851,123.207,129.036,128.588,121309,105097600.00
2014-08-28 00:00:00,127.243,123.656,128.588,124.104,125587,107782200.00
2014-08-29 00:00:00,124.254,123.955,126.794,125.898,69289,59441640.00
2014-09-01 00:00:00,125.748,125.001,127.093,126.346,69257,59742340.00
2014-09-02 00:00:00,126.346,125.449,127.691,127.542,133904,115810900.00
2014-09-03 00:00:00,127.542,126.645,129.784,127.093,145685,127543000.00
2014-09-04 00:00:00,127.392,125.898,133.371,130.531,226957,202901900.00
2014-09-05 00:00:00,130.232,128.737,132.324,131.129,177648,158439300.00
2014-09-09 00:00:00,131.278,129.186,131.428,130.531,106581,94664420.00
2014-09-10 00:00:00,129.933,129.036,131.428,130.082,95716,85026930.00
2014-09-11 00:00:00,130.680,129.634,133.072,131.129,189800,170145400.00
2014-09-12 00:00:00,130.531,128.737,130.531,130.232,120260,106424000.00
2014-09-15 00:00:00,130.232,128.289,131.577,129.784,174611,154844300.00
2014-09-16 00:00:00,129.784,128.438,133.072,128.588,239145,213441400.00
2014-09-17 00:00:00,128.139,125.748,131.428,131.428,181406,160110900.00
2014-09-18 00:00:00,130.531,129.186,132.773,132.324,150885,135118900.00
2014-09-19 00:00:00,131.876,130.531,132.474,132.324,96160,86612370.00
2014-09-22 00:00:00,132.175,131.278,136.210,132.922,245044,224424700.00
2014-09-23 00:00:00,132.922,132.025,136.958,136.659,174606,160388400.00
2014-09-24 00:00:00,134.865,134.566,140.096,139.199,206398,194542700.00
2014-09-25 00:00:00,139.050,136.360,139.797,136.659,155168,145973300.00
2014-09-26 00:00:00,136.509,135.463,139.050,136.808,105954,99258950.00
2014-09-29 00:00:00,137.555,137.555,144.580,143.384,238124,229817900.00
2014-09-30 00:00:00,145.626,144.879,154.145,150.857,327268,332971600.00
2014-11-20 00:00:00,166.251,162.066,166.251,166.251,90783,102622000.00
2014-11-21 00:00:00,176.414,159.825,176.414,164.458,782717,892298800.00
2014-11-24 00:00:00,165.355,164.607,175.966,167.746,560755,649043600.00
2014-11-25 00:00:00,168.493,165.056,184.336,182.692,544508,645386000.00
2014-11-26 00:00:00,180.300,177.311,194.349,185.681,628076,793055200.00
2014-11-27 00:00:00,186.279,181.795,195.844,190.165,494057,629797100.00
2014-11-28 00:00:00,188.820,184.635,192.406,186.129,354515,451545100.00
2014-12-01 00:00:00,184.336,179.254,190.464,181.646,329979,413476700.00
2014-12-02 00:00:00,179.254,178.357,190.165,189.716,406672,511502200.00
2014-12-03 00:00:00,188.072,181.944,190.762,184.186,436788,550583700.00
2014-12-04 00:00:00,184.336,183.140,198.684,195.695,589304,761500800.00
2014-12-05 00:00:00,194.499,184.186,206.007,206.007,803261,1069709000.00
2014-12-08 00:00:00,206.605,202.719,226.334,215.573,740960,1093653000.00
2014-12-09 00:00:00,216.469,196.442,224.391,200.627,710761,1037109000.00
2014-12-10 00:00:00,201.075,195.994,209.445,208.100,358915,494421600.00
2014-12-11 00:00:00,207.950,205.110,221.102,219.160,418560,611628400.00
2014-12-12 00:00:00,218.412,214.377,228.127,216.619,342116,510055700.00
2014-12-15 00:00:00,224.988,212.882,230.070,217.665,421076,627894900.00
2014-12-16 00:00:00,215.423,210.939,225.885,224.988,498129,739093100.00
2014-12-17 00:00:00,223.942,213.032,223.942,216.619,397610,588944600.00
2014-12-18 00:00:00,216.768,212.135,220.804,213.331,259824,379414500.00
2014-12-19 00:00:00,213.181,203.466,215.124,204.961,342407,481111100.00
2014-12-22 00:00:00,207.053,191.211,208.996,193.602,320055,428711100.00
2014-12-23 00:00:00,192.705,188.521,201.374,193.752,245865,326789400.00
2014-12-24 00:00:00,195.246,193.901,198.534,197.189,178825,237737400.00
2014-12-25 00:00:00,200.926,200.926,209.146,205.858,238967,334045700.00
2014-12-26 00:00:00,205.708,201.972,212.882,211.388,275629,389942000.00
2014-12-29 00:00:00,214.078,203.616,216.170,204.064,245342,346537200.00
2014-12-30 00:00:00,204.214,203.168,210.790,204.363,206961,289748900.00
2014-12-31 00:00:00,205.260,198.983,206.007,201.523,225790,308044400.00
2015-01-05 00:00:00,201.523,191.659,203.018,195.246,264667,352222900.00
2015-01-06 00:00:00,194.051,191.659,200.477,195.994,204401,271005000.00
2015-01-07 00:00:00,194.200,192.705,198.684,196.741,146136,194831000.00
2015-01-08 00:00:00,196.890,190.762,197.488,191.659,189558,247987800.00
2015-01-09 00:00:00,191.510,190.015,195.246,191.659,149557,195128300.00
2015-01-12 00:00:00,189.716,184.037,190.762,185.980,138063,175882900.00
2015-01-13 00:00:00,186.129,185.531,190.912,190.165,125499,160942900.00
2015-01-14 00:00:00,190.015,188.371,192.705,189.268,75709,97778610.00
2015-01-15 00:00:00,189.118,188.670,192.556,192.556,92280,119557400.00
2015-01-16 00:00:00,193.453,193.004,198.385,194.200,156575,207502800.00
2015-04-20 00:00:00,213.928,213.928,213.928,213.928,6924,10040260.00
2015-04-21 00:00:00,235.600,235.600,235.600,235.600,1850,2950367.00
2015-04-22 00:00:00,259.513,259.513,259.513,259.513,5104,8956695.00
2015-04-23 00:00:00,285.818,285.818,285.818,285.818,9542,18426470.00
2015-04-24 00:00:00,314.663,294.636,314.663,304.500,1340451,2760011000.00
2015-04-27 00:00:00,297.625,296.280,322.585,303.902,629416,1308310000.00
2015-04-28 00:00:00,311.375,311.375,330.805,325.424,645728,1397029000.00
2015-04-29 00:00:00,327.218,310.180,327.367,314.066,417202,889926800.00
2015-04-30 00:00:00,306.443,301.959,312.571,302.109,291308,601060000.00
2015-05-04 00:00:00,302.856,300.315,318.250,315.859,309880,645559100.00
2015-05-05 00:00:00,314.813,295.981,314.813,296.429,251147,515514100.00
2015-05-06 00:00:00,296.131,282.829,305.098,285.668,228242,456875000.00
2015-05-07 00:00:00,282.978,271.171,293.141,271.918,206204,387713100.00
2015-05-08 00:00:00,278.195,273.712,284.174,283.128,187552,353611000.00
2015-05-11 00:00:00,284.174,284.174,295.682,294.636,223752,440021400.00
2015-05-12 00:00:00,297.924,291.049,299.120,296.429,221372,441205400.00
2015-05-13 00:00:00,296.878,292.394,311.076,303.454,287226,591580000.00
2015-05-14 00:00:00,305.098,305.098,318.400,308.237,269771,568217900.00
2015-05-15 00:00:00,318.998,308.087,322.435,308.087,281428,594685200.00
2015-05-18 00:00:00,314.066,300.614,314.066,300.913,232085,477376400.00
2015-05-19 00:00:00,301.063,300.315,318.250,312.571,288915,604666800.00
2015-05-21 00:00:00,323.780,315.560,338.726,327.816,447159,986278800.00
2015-05-22 00:00:00,333.495,323.930,350.533,347.694,608460,1379100000.00
2015-05-25 00:00:00,349.338,341.566,359.501,353.672,476883,1137964000.00
2015-05-26 00:00:00,354.120,344.555,367.870,365.180,541005,1296718000.00
2015-05-27 00:00:00,366.077,354.120,375.045,367.870,452509,1111574000.00
2015-05-28 00:00:00,378.482,370.860,400.751,375.045,702458,1840536000.00
2015-05-29 00:00:00,375.045,356.063,389.841,385.805,511103,1305222000.00
2015-06-01 00:00:00,394.474,383.414,406.431,404.787,688168,1818329000.00
2015-06-02 00:00:00,404.787,397.762,423.021,419.882,567075,1562742000.00
2015-06-03 00:00:00,424.067,397.164,430.643,405.833,1110961,1537256000.00
2015-06-04 00:00:00,402.545,372.952,403.740,395.670,904575,1180340000.00
2015-06-05 00:00:00,402.844,387.599,409.121,398.958,1018264,1367353000.00
2015-06-08 00:00:00,398.958,391.186,414.800,412.409,1168990,1598783000.00
2015-06-09 00:00:00,412.708,396.268,414.501,400.452,801380,1086001000.00
2015-06-10 00:00:00,394.773,386.702,407.028,404.936,691931,926131500.00
2015-06-11 00:00:00,404.936,396.268,406.730,402.545,874987,1174632000.00
2015-06-12 00:00:00,401.947,397.762,407.327,402.844,1096020,1478191000.00
2015-06-15 00:00:00,405.235,399.257,409.719,399.257,1262976,1715151000.00
2015-06-16 00:00:00,391.186,387.599,410.616,410.616,1647948,2238878000.00
2015-06-17 00:00:00,412.409,392.979,415.398,407.626,1126903,1523288000.00
2015-06-18 00:00:00,404.637,374.746,404.637,375.343,990355,1304074000.00
2015-06-19 00:00:00,362.191,337.680,363.088,337.680,848171,983914400.00
2015-06-23 00:00:00,336.484,303.902,341.566,325.424,711168,761774000.00
2015-06-24 00:00:00,332.000,317.951,335.886,331.104,681614,754860700.00
2015-06-25 00:00:00,333.495,320.941,341.865,327.517,778361,868596500.00
2015-06-26 00:00:00,309.582,294.636,320.343,294.636,684814,694639700.00
2015-06-29 00:00:00,303.304,265.043,308.087,265.043,819562,758849900.00
2015-06-30 00:00:00,258.766,238.440,282.978,281.484,978006,851191200.00
2015-07-01 00:00:00,281.484,255.478,290.152,264.744,731405,687200800.00
2015-07-02 00:00:00,265.043,238.141,272.516,238.141,664509,558887700.00
2015-07-03 00:00:00,233.358,214.227,242.326,214.227,895588,663393400.00
2015-07-06 00:00:00,235.450,193.004,235.749,219.309,973216,703644900.00
2015-07-14 00:00:00,241.429,241.429,241.429,241.429,37274,30266630.00
2015-07-15 00:00:00,265.641,243.521,265.641,247.706,1481494,1277074000.00
2015-07-16 00:00:00,234.554,228.874,257.869,250.097,768605,639714200.00
2015-07-17 00:00:00,254.282,246.809,271.619,268.032,867060,765417200.00
2015-07-20 00:00:00,269.228,264.744,282.380,274.907,880789,812938100.00
2015-07-21 00:00:00,268.032,265.043,278.793,272.516,668540,616195200.00
2015-07-22 00:00:00,272.815,263.250,277.000,270.125,636695,577699700.00
2015-07-23 00:00:00,270.723,267.733,278.494,276.402,786970,723463700.00
2015-07-24 00:00:00,275.804,266.239,282.081,268.331,854383,791750200.00
2015-07-27 00:00:00,259.962,241.429,267.435,241.429,615018,528592000.00
2015-07-28 00:00:00,236.347,218.711,246.211,242.326,813396,637904400.00
2015-07-29 00:00:00,246.809,229.771,252.788,252.788,495961,404886900.00
2015-07-30 00:00:00,252.489,241.429,257.869,243.820,489531,415239600.00
2015-07-31 00:00:00,239.336,238.739,258.766,254.581,572953,479384800.00
2015-08-03 00:00:00,258.168,246.211,258.766,256.076,585953,494536300.00
2015-08-04 00:00:00,258.467,256.076,270.424,269.527,586384,518719500.00
2015-08-05 00:00:00,266.239,259.065,271.918,260.261,511830,457471600.00
2015-08-06 00:00:00,253.385,249.798,259.962,251.592,314914,269471800.00
2015-08-07 00:00:00,254.282,251.592,262.652,260.858,428227,370566800.00
2015-08-10 00:00:00,259.065,259.065,275.505,273.114,760339,690764500.00
2015-08-11 00:00:00,282.978,279.092,294.935,287.462,1029510,999789100.00
2015-08-12 00:00:00,282.380,272.815,285.071,273.413,665729,624227300.00
2015-08-13 00:00:00,270.723,268.630,282.679,282.679,565723,530763800.00
2015-08-14 00:00:00,286.864,280.886,289.255,281.484,640799,612156000.00
2015-08-17 00:00:00,282.380,273.712,295.533,293.141,823018,789657100.00
2015-08-18 00:00:00,293.440,263.848,294.337,263.848,704751,659125400.00
2015-08-19 00:00:00,252.788,240.233,269.826,265.043,579281,498990600.00
2015-08-20 00:00:00,262.652,258.766,275.804,265.043,487591,438156600.00
2015-08-21 00:00:00,261.157,245.315,268.630,256.076,440885,383448200.00
2015-08-24 00:00:00,243.521,230.369,254.282,230.369,611185,480685200.00
2015-08-25 00:00:00,207.950,207.352,219.907,207.352,1184836,836943700.00
2015-08-26 00:00:00,207.950,203.765,225.885,216.619,1193080,866975700.00
2015-08-27 00:00:00,233.358,225.586,238.440,238.141,2336827,1853616000.00
2015-08-28 00:00:00,228.276,223.195,252.489,246.510,2169625,1714608000.00
2015-08-31 00:00:00,238.440,227.081,242.923,228.575,946687,749258000.00
2015-09-01 00:00:00,223.195,205.559,224.988,205.559,901104,636929300.00
2015-09-02 00:00:00,190.314,190.015,210.939,202.570,687715,462245100.00
2015-09-07 00:00:00,213.331,204.363,217.516,210.939,743497,530106000.00
2015-09-08 00:00:00,211.836,209.445,225.885,223.195,719193,523746800.00
2015-09-09 00:00:00,227.380,223.195,233.358,230.369,842452,649185000.00
2015-09-10 00:00:00,230.967,225.586,240.831,231.864,916816,726862500.00
2015-09-11 00:00:00,230.369,226.184,234.255,229.472,505294,390726500.00
2015-09-14 00:00:00,229.472,206.456,231.864,206.456,581665,424293700.00
2015-09-15 00:00:00,201.075,186.727,206.754,189.716,495198,326695600.00
2015-09-16 00:00:00,190.613,190.015,208.847,207.950,506961,339914600.00
2015-09-17 00:00:00,207.352,201.972,216.320,204.662,694322,485697600.00
2015-09-18 00:00:00,206.754,202.271,209.744,204.961,319697,221490900.00
2015-09-21 00:00:00,203.466,199.282,210.640,210.640,363322,254949400.00
2015-09-22 00:00:00,210.939,208.847,221.999,217.217,615712,449047600.00
2015-09-23 00:00:00,212.733,206.456,215.722,207.950,452221,320602800.00
2015-09-24 00:00:00,208.249,207.053,210.341,209.445,328815,231162300.00
2015-09-25 00:00:00,207.950,194.499,210.043,198.983,324023,221164400.00
2015-09-28 00:00:00,201.374,196.292,205.260,205.260,203257,137967500.00
2015-09-29 00:00:00,198.684,197.488,206.157,205.260,244717,165829000.00
2015-09-30 00:00:00,205.260,200.477,206.754,202.869,235799,161955600.00
2015-10-08 00:00:00,210.341,207.352,216.918,213.630,500574,357221800.00
2015-10-09 00:00:00,211.836,210.939,222.896,219.010,496090,359992900.00
2015-10-12 00:00:00,217.516,217.516,232.461,226.184,805949,612611100.00
2015-10-13 00:00:00,224.391,222.896,231.864,226.184,514392,394772900.00
2015-10-14 00:00:00,229.472,221.401,231.864,221.700,470567,358906800.00
2015-10-15 00:00:00,220.505,220.505,230.369,227.978,467640,356913700.00
2015-10-16 00:00:00,227.978,227.081,242.923,240.831,874792,690748200.00
2015-10-19 00:00:00,243.521,230.967,243.820,235.450,798641,638517600.00
2015-10-20 00:00:00,237.244,233.956,239.934,239.037,493665,394287200.00
2015-10-21 00:00:00,239.635,216.320,239.635,217.217,744737,574416000.00
2015-10-22 00:00:00,219.010,215.124,225.885,224.391,399566,297631600.00
2015-10-23 00:00:00,227.081,224.690,233.657,230.668,491703,380927400.00
2015-10-26 00:00:00,234.554,234.554,241.728,237.842,725384,579544800.00
2015-10-27 00:00:00,235.152,226.782,237.244,236.646,452494,354519100.00
2015-10-28 00:00:00,236.646,229.173,238.739,230.070,389541,306779300.00
2015-10-29 00:00:00,232.760,232.162,238.440,234.255,473737,375116800.00
2015-10-30 00:00:00,234.554,232.461,240.233,234.853,496300,395354000.00
