Date,Open,Low,High,Close,Volume,Amount
2001-06-20 00:00:00,1.310,1.310,1.310,1.310,8390,1099000.00
2001-06-21 00:00:00,1.440,1.440,1.440,1.440,3541,509000.00
2001-06-22 00:00:00,1.580,1.580,1.580,1.580,44939,7100000.00
2001-06-25 00:00:00,1.720,1.660,1.740,1.740,530533,90598000.00
2001-06-26 00:00:00,1.690,1.670,1.750,1.670,170676,28824000.00
2001-06-27 00:00:00,1.670,1.590,1.670,1.610,244548,39663000.00
2001-06-28 00:00:00,1.600,1.590,1.640,1.640,185690,30231000.00
2001-06-29 00:00:00,1.650,1.620,1.700,1.680,332209,55450000.00
2001-07-02 00:00:00,-27876710.000,-27876710.000,-27876160.000,-27876160.000,66783,8706000.00
2001-07-03 00:00:00,-27872560.000,-27874220.000,-27872560.000,-27872560.000,465297,66517000.00
2001-07-04 00:00:00,-27872290.000,-27872560.000,-27869250.000,-27870350.000,539321,80933000.00
2001-07-05 00:00:00,-27871180.000,-27872290.000,-27870350.000,-27871730.000,278133,41107000.00
2001-07-06 00:00:00,-27872010.000,-27873670.000,-27871730.000,-27873120.000,205301,29389000.00
2001-07-09 00:00:00,-27873390.000,-27874220.000,-27870350.000,-27871180.000,335113,48575000.00
2001-07-10 00:00:00,-27871460.000,-27872290.000,-27870630.000,-27871180.000,265181,39290000.00
2001-07-11 00:00:00,-27870900.000,-27872010.000,-27870630.000,-27871460.000,173356,25572000.00
2001-07-12 00:00:00,-27871730.000,-27872290.000,-27871730.000,-27872010.000,85556,12490000.00
2001-07-13 00:00:00,-27872010.000,-27872840.000,-27872010.000,-27872560.000,121667,17500000.00
2001-07-16 00:00:00,-27872840.000,-27873670.000,-27872290.000,-27872290.000,143406,20393000.00
2001-07-17 00:00:00,-27872560.000,-27873120.000,-27872290.000,-27872560.000,79870,11494000.00
2001-07-18 00:00:00,-27872560.000,-27873390.000,-27872290.000,-27872840.000,103418,14693000.00
2001-07-19 00:00:00,-27873120.000,-27873390.000,-27872290.000,-27872840.000,94237,13510000.00
2001-07-20 00:00:00,-27873120.000,-27873390.000,-27872840.000,-27872840.000,96383,13673000.00
2001-07-23 00:00:00,-27872840.000,-27873390.000,-27872840.000,-27873120.000,51362,7278000.00
2001-07-24 00:00:00,-27873390.000,-27873670.000,-27873120.000,-27873390.000,46826,6604000.00
2001-07-25 00:00:00,-27873390.000,-27873940.000,-27873390.000,-27873940.000,44670,6247000.00
2001-07-26 00:00:00,-27873940.000,-27874500.000,-27873670.000,-27874220.000,54544,7530000.00
2001-07-27 00:00:00,-27874220.000,-27875880.000,-27874220.000,-27875880.000,62008,8331000.00
2001-07-30 00:00:00,-27876160.000,-27878370.000,-27876160.000,-27878370.000,74776,9534000.00
2001-07-31 00:00:00,-27878370.000,-27879200.000,-27875050.000,-27875050.000,231035,30454000.00
2001-08-01 00:00:00,-27875050.000,-27876160.000,-27873940.000,-27875050.000,202405,27333000.00
2001-08-02 00:00:00,-27878640.000,-27878640.000,-27876710.000,-27877810.000,1146683,142694000.00
2001-08-03 00:00:00,-27878090.000,-27879470.000,-27878090.000,-27879200.000,540639,65460000.00
2001-08-06 00:00:00,-27879470.000,-27881680.000,-27879200.000,-27881130.000,418016,47718000.00
2001-08-07 00:00:00,-27881410.000,-27881680.000,-27879750.000,-27880300.000,476974,55169000.00
2001-08-08 00:00:00,-27880580.000,-27881130.000,-27880300.000,-27881130.000,155584,17731000.00
2001-08-09 00:00:00,-27880850.000,-27881130.000,-27880580.000,-27880580.000,113867,13018000.00
2001-08-10 00:00:00,-27880580.000,-27880580.000,-27879750.000,-27880020.000,185624,21596000.00
2001-08-13 00:00:00,-27880020.000,-27880580.000,-27879200.000,-27879750.000,390704,45932000.00
2001-08-14 00:00:00,-27879750.000,-27880300.000,-27879750.000,-27880020.000,185370,21672000.00
2001-08-15 00:00:00,-27880300.000,-27880580.000,-27880020.000,-27880300.000,122437,14192000.00
2001-08-16 00:00:00,-27880300.000,-27880580.000,-27880020.000,-27880580.000,108629,12578000.00
2001-08-17 00:00:00,-27880580.000,-27880580.000,-27879750.000,-27879750.000,289822,33870000.00
2001-08-20 00:00:00,-27880020.000,-27880580.000,-27879750.000,-27880020.000,159752,18547000.00
2001-08-21 00:00:00,-27880300.000,-27880580.000,-27880020.000,-27880300.000,130011,15028000.00
2001-08-22 00:00:00,-27880300.000,-27880850.000,-27880300.000,-27880300.000,157240,18083000.00
2001-08-23 00:00:00,-27880580.000,-27880850.000,-27880300.000,-27880580.000,92103,10554000.00
2001-08-24 00:00:00,-27880850.000,-27881130.000,-27880580.000,-27880850.000,121866,13895000.00
2001-08-27 00:00:00,-27881130.000,-27881680.000,-27880850.000,-27881410.000,135499,15172000.00
2001-08-28 00:00:00,-27881680.000,-27882240.000,-27881410.000,-27881680.000,128478,14199000.00
2001-08-29 00:00:00,-27881680.000,-27881960.000,-27881410.000,-27881680.000,47725,5305000.00
2001-08-30 00:00:00,-27881680.000,-27881960.000,-27881410.000,-27881410.000,82358,9168000.00
2001-08-31 00:00:00,-27881680.000,-27881680.000,-27879750.000,-27880020.000,832057,96358000.00
2001-09-03 00:00:00,-27880300.000,-27880850.000,-27880300.000,-27880580.000,264987,30449000.00
2001-09-04 00:00:00,-27880580.000,-27881130.000,-27880300.000,-27880300.000,158382,18126000.00
2001-09-05 00:00:00,-27880300.000,-27880850.000,-27880300.000,-27880300.000,182057,20934000.00
2001-09-06 00:00:00,-27880580.000,-27880580.000,-27878370.000,-27878370.000,1371453,163837000.00
2001-09-07 00:00:00,-27878640.000,-27879200.000,-27876980.000,-27878370.000,1519069,188810000.00
2001-09-10 00:00:00,-27878640.000,-27879470.000,-27877810.000,-27878370.000,750990,91411000.00
2001-09-11 00:00:00,-27878640.000,-27878640.000,-27875880.000,-27876430.000,1467543,187294000.00
2001-09-12 00:00:00,-27877260.000,-27877810.000,-27876430.000,-27876980.000,941213,120160000.00
2001-09-13 00:00:00,-27876980.000,-27878370.000,-27876430.000,-27877810.000,740707,93477000.00
2001-09-14 00:00:00,-27878090.000,-27879750.000,-27877810.000,-27879470.000,751497,90461000.00
2001-09-17 00:00:00,-27879750.000,-27880580.000,-27879470.000,-27880580.000,429895,50050000.00
2001-09-18 00:00:00,-27880580.000,-27880580.000,-27879470.000,-27879750.000,239390,28090000.00
2001-09-19 00:00:00,-27879750.000,-27880300.000,-27879470.000,-27880020.000,168624,19765000.00
2001-09-20 00:00:00,-27879750.000,-27880300.000,-27879750.000,-27879750.000,205816,24072000.00
2001-09-21 00:00:00,-27879750.000,-27880300.000,-27879750.000,-27880020.000,168484,19669000.00
2001-09-24 00:00:00,-27880020.000,-27880580.000,-27880020.000,-27880580.000,134011,15534000.00
2001-09-25 00:00:00,-27880580.000,-27881130.000,-27880300.000,-27880850.000,242546,27723000.00
2001-09-26 00:00:00,-27880850.000,-27881410.000,-27880580.000,-27881130.000,258474,29230000.00
2001-09-27 00:00:00,-27881130.000,-27881410.000,-27880850.000,-27881130.000,93394,10560000.00
2001-09-28 00:00:00,-27881130.000,-27881130.000,-27880300.000,-27880580.000,143346,16423000.00
2001-10-08 00:00:00,-27880580.000,-27880850.000,-27880300.000,-27880850.000,75031,8619000.00
2001-10-09 00:00:00,-27880850.000,-27880850.000,-27880020.000,-27880020.000,143262,16620000.00
2001-10-10 00:00:00,-27880020.000,-27881130.000,-27880020.000,-27880580.000,135994,15590000.00
2001-10-11 00:00:00,-27880850.000,-27881410.000,-27880580.000,-27881130.000,164977,18693000.00
2001-10-12 00:00:00,-27881130.000,-27881960.000,-27880850.000,-27880850.000,208275,23305000.00
2001-10-15 00:00:00,-27881130.000,-27881410.000,-27880850.000,-27881410.000,76733,8623000.00
2001-10-16 00:00:00,-27881410.000,-27881960.000,-27881410.000,-27881960.000,99454,11046000.00
2001-10-17 00:00:00,-27881960.000,-27882790.000,-27881680.000,-27882240.000,160542,17457000.00
2001-10-18 00:00:00,-27882510.000,-27882790.000,-27881960.000,-27882510.000,81282,8809000.00
2001-10-19 00:00:00,-27882510.000,-27884170.000,-27882510.000,-27883890.000,233333,24231000.00
2001-10-22 00:00:00,-27884170.000,-27885000.000,-27884170.000,-27885000.000,100658,10152000.00
2001-10-23 00:00:00,-27883340.000,-27883340.000,-27882240.000,-27882240.000,377055,40706000.00
2001-10-24 00:00:00,-27881680.000,-27883340.000,-27881680.000,-27882510.000,342465,37046000.00
2001-10-25 00:00:00,-27882790.000,-27883340.000,-27882790.000,-27883340.000,125129,13251000.00
2001-10-26 00:00:00,-27883340.000,-27883890.000,-27883340.000,-27883340.000,126179,13106000.00
2001-10-29 00:00:00,-27883340.000,-27883620.000,-27882240.000,-27882510.000,250362,26667000.00
2001-10-30 00:00:00,-27882790.000,-27883060.000,-27881960.000,-27882240.000,283605,30818000.00
2001-10-31 00:00:00,-27882510.000,-27883060.000,-27882240.000,-27882790.000,131568,14103000.00
2001-11-01 00:00:00,-27882790.000,-27882790.000,-27882240.000,-27882510.000,114927,12395000.00
2001-11-02 00:00:00,-27882510.000,-27882790.000,-27881960.000,-27881960.000,232079,25261000.00
2001-11-05 00:00:00,-27881960.000,-27882510.000,-27880850.000,-27881130.000,511717,56859000.00
2001-11-06 00:00:00,-27881410.000,-27881960.000,-27881130.000,-27881680.000,222924,24665000.00
2001-11-07 00:00:00,-27881960.000,-27883620.000,-27881960.000,-27883340.000,232350,24748000.00
2001-11-08 00:00:00,-27883620.000,-27883890.000,-27882790.000,-27883060.000,106928,11260000.00
2001-11-09 00:00:00,-27883060.000,-27883620.000,-27881680.000,-27882240.000,355575,38515000.00
2001-11-12 00:00:00,-27882510.000,-27882790.000,-27881960.000,-27882790.000,79464,8595000.00
2001-11-13 00:00:00,-27883060.000,-27883060.000,-27882510.000,-27882510.000,73743,7884000.00
2001-11-14 00:00:00,-27882790.000,-27882790.000,-27881960.000,-27882240.000,78463,8489000.00
2001-11-15 00:00:00,-27882240.000,-27882790.000,-27882240.000,-27882510.000,48102,5203000.00
2001-11-16 00:00:00,-27881960.000,-27882510.000,-27881130.000,-27882240.000,343980,38006000.00
2001-11-19 00:00:00,-27882240.000,-27882510.000,-27881960.000,-27882240.000,53908,5880000.00
2001-11-20 00:00:00,-27881960.000,-27882240.000,-27881680.000,-27881960.000,175349,19322000.00
2001-11-21 00:00:00,-27881680.000,-27882240.000,-27881680.000,-27881960.000,120061,13198000.00
2001-11-22 00:00:00,-27881960.000,-27882510.000,-27881680.000,-27881960.000,151437,16516000.00
2001-11-23 00:00:00,-27882240.000,-27882240.000,-27881680.000,-27881960.000,123807,13610000.00
2001-11-26 00:00:00,-27882240.000,-27882510.000,-27881960.000,-27881960.000,79075,8619000.00
2001-11-27 00:00:00,-27882240.000,-27882240.000,-27881960.000,-27881960.000,45245,4937000.00
2001-11-28 00:00:00,-27882240.000,-27882240.000,-27881960.000,-27881960.000,56897,6206000.00
2001-11-29 00:00:00,-27881960.000,-27882510.000,-27881960.000,-27882240.000,47536,5173000.00
2001-11-30 00:00:00,-27882240.000,-27882510.000,-27881960.000,-27882240.000,68156,7402000.00
2001-12-03 00:00:00,-27882240.000,-27882510.000,-27881960.000,-27882240.000,96334,10479000.00
2001-12-04 00:00:00,-27882240.000,-27882510.000,-27882240.000,-27882240.000,35917,3891000.00
2001-12-05 00:00:00,-27882240.000,-27882790.000,-27882240.000,-27882510.000,91878,9925000.00
2001-12-06 00:00:00,-27882510.000,-27883060.000,-27882510.000,-27882790.000,71197,7623000.00
2001-12-07 00:00:00,-27882790.000,-27882790.000,-27882510.000,-27882790.000,37064,3967000.00
2001-12-10 00:00:00,-27882790.000,-27883060.000,-27882790.000,-27883060.000,37311,3959000.00
2001-12-11 00:00:00,-27883060.000,-27883060.000,-27882510.000,-27882790.000,49304,5286000.00
2001-12-12 00:00:00,-27882790.000,-27883060.000,-27882510.000,-27882790.000,35053,3746000.00
2001-12-13 00:00:00,-27882790.000,-27883340.000,-27882790.000,-27883340.000,82078,8712000.00
2001-12-14 00:00:00,-27883340.000,-27883620.000,-27883060.000,-27883340.000,35845,3755000.00
2001-12-17 00:00:00,-27883620.000,-27883890.000,-27883340.000,-27883340.000,93554,9748000.00
2001-12-18 00:00:00,-27883620.000,-27883620.000,-27883060.000,-27883340.000,33033,3466000.00
2001-12-19 00:00:00,-27883340.000,-27883620.000,-27883060.000,-27883620.000,19329,2017000.00
2001-12-20 00:00:00,-27883620.000,-27884170.000,-27883620.000,-27883890.000,51615,5321000.00
2001-12-21 00:00:00,-27883890.000,-27884170.000,-27883890.000,-27883890.000,21737,2229000.00
2001-12-24 00:00:00,-27883890.000,-27884720.000,-27883890.000,-27884450.000,48201,4885000.00
2001-12-25 00:00:00,-27884720.000,-27884720.000,-27884170.000,-27884450.000,39999,4030000.00
2001-12-26 00:00:00,-27884450.000,-27884450.000,-27884170.000,-27884170.000,26490,2681000.00
2001-12-27 00:00:00,-27883890.000,-27884450.000,-27883890.000,-27884450.000,17262,1756000.00
2001-12-28 00:00:00,-27884450.000,-27884720.000,-27883890.000,-27883890.000,55759,5663000.00
2001-12-31 00:00:00,-27884720.000,-27884720.000,-27883340.000,-27883620.000,117391,11997000.00
2002-01-04 00:00:00,-27883890.000,-27884450.000,-27883890.000,-27884170.000,31294,3194000.00
2002-01-07 00:00:00,-27884450.000,-27884450.000,-27884170.000,-27884450.000,13866,1401000.00
2002-01-08 00:00:00,-27884450.000,-27884720.000,-27884170.000,-27884720.000,21200,2141000.00
2002-01-09 00:00:00,-27884720.000,-27885000.000,-27884720.000,-27884720.000,33681,3362000.00
2002-01-10 00:00:00,-27885280.000,-27885830.000,-27885280.000,-27885280.000,102318,9966000.00
2002-01-11 00:00:00,-27885280.000,-27885830.000,-27885280.000,-27885830.000,29489,2863000.00
2002-01-14 00:00:00,-27886100.000,-27886380.000,-27885550.000,-27886380.000,83766,7957000.00
2002-01-15 00:00:00,-27886380.000,-27887210.000,-27886380.000,-27886930.000,34289,3176000.00
2002-01-16 00:00:00,-27887210.000,-27887210.000,-27886660.000,-27886930.000,43508,4005000.00
2002-01-17 00:00:00,-27886930.000,-27887760.000,-27886660.000,-27887490.000,49705,4513000.00
2002-01-18 00:00:00,-27887760.000,-27888870.000,-27887210.000,-27887760.000,67502,5968000.00
2002-01-21 00:00:00,-27887760.000,-27888320.000,-27887490.000,-27888320.000,55188,4870000.00
2002-01-22 00:00:00,-27888320.000,-27888590.000,-27887760.000,-27888320.000,34289,3000000.00
2002-01-23 00:00:00,-27888040.000,-27888590.000,-27887210.000,-27887210.000,66095,5845000.00
2002-01-24 00:00:00,-27887490.000,-27887760.000,-27886930.000,-27887210.000,98359,8907000.00
2002-01-25 00:00:00,-27887210.000,-27887490.000,-27886930.000,-27887210.000,38716,3505000.00
2002-01-28 00:00:00,-27887210.000,-27888320.000,-27887210.000,-27888320.000,109583,9752000.00
2002-01-29 00:00:00,-27888590.000,-27888870.000,-27887760.000,-27887760.000,31931,2796000.00
2002-01-30 00:00:00,-27888040.000,-27888320.000,-27887760.000,-27887760.000,16118,1419000.00
2002-01-31 00:00:00,-27887760.000,-27888040.000,-27886100.000,-27886930.000,200057,18461000.00
2002-02-01 00:00:00,-27886660.000,-27887210.000,-27886660.000,-27886930.000,92728,8535000.00
2002-02-04 00:00:00,-27886930.000,-27887210.000,-27886380.000,-27886380.000,111819,10337000.00
2002-02-05 00:00:00,-27886380.000,-27886660.000,-27885830.000,-27886100.000,110687,10450000.00
2002-02-06 00:00:00,-27886100.000,-27886930.000,-27886100.000,-27886930.000,101292,9446000.00
2002-02-07 00:00:00,-27886930.000,-27886930.000,-27886100.000,-27886660.000,61385,5738000.00
2002-02-08 00:00:00,-27886380.000,-27886660.000,-27886380.000,-27886660.000,33366,3130000.00
2002-02-25 00:00:00,-27886100.000,-27886380.000,-27885830.000,-27886100.000,119642,11324000.00
2002-02-26 00:00:00,-27886100.000,-27886380.000,-27886100.000,-27886380.000,46978,4420000.00
2002-02-27 00:00:00,-27886100.000,-27886380.000,-27886100.000,-27886100.000,47179,4470000.00
2002-02-28 00:00:00,-27886380.000,-27886380.000,-27886100.000,-27886100.000,34911,3286000.00
2002-03-01 00:00:00,-27886100.000,-27886660.000,-27886100.000,-27886660.000,39579,3717000.00
2002-03-04 00:00:00,-27886660.000,-27886660.000,-27886380.000,-27886380.000,17715,1654000.00
2002-03-05 00:00:00,-27886380.000,-27886660.000,-27885830.000,-27886100.000,132218,12538000.00
2002-03-06 00:00:00,-27886100.000,-27886100.000,-27885550.000,-27885830.000,126328,12116000.00
2002-03-07 00:00:00,-27885830.000,-27886100.000,-27885280.000,-27885280.000,119150,11503000.00
2002-03-08 00:00:00,-27885280.000,-27885550.000,-27884720.000,-27884720.000,243788,24075000.00
2002-03-11 00:00:00,-27884720.000,-27885000.000,-27883340.000,-27883620.000,644737,66171000.00
2002-03-12 00:00:00,-27883620.000,-27884720.000,-27883620.000,-27884450.000,303122,30906000.00
2002-03-13 00:00:00,-27884720.000,-27885280.000,-27884450.000,-27885000.000,182015,18157000.00
2002-03-14 00:00:00,-27885000.000,-27885280.000,-27884450.000,-27884450.000,206081,20628000.00
2002-03-15 00:00:00,-27884450.000,-27885000.000,-27884450.000,-27885000.000,101724,10147000.00
2002-03-18 00:00:00,-27884720.000,-27885000.000,-27884450.000,-27884720.000,135845,13584000.00
2002-03-19 00:00:00,-27884720.000,-27884720.000,-27883890.000,-27884170.000,141468,14324000.00
2002-03-20 00:00:00,-27884170.000,-27884450.000,-27883890.000,-27884170.000,78583,8025000.00
2002-03-21 00:00:00,-27884170.000,-27884450.000,-27883890.000,-27883890.000,93464,9538000.00
2002-03-22 00:00:00,-27884170.000,-27884450.000,-27883890.000,-27884170.000,58269,5897000.00
2002-03-25 00:00:00,-27884450.000,-27884720.000,-27884170.000,-27884170.000,46955,4727000.00
2002-03-26 00:00:00,-27884450.000,-27884720.000,-27884170.000,-27884720.000,68739,6890000.00
2002-03-27 00:00:00,-27884720.000,-27885000.000,-27884450.000,-27884450.000,38026,3795000.00
2002-03-28 00:00:00,-27884720.000,-27885000.000,-27884450.000,-27884720.000,23854,2385000.00
2002-03-29 00:00:00,-27885280.000,-27885550.000,-27885000.000,-27885280.000,55889,5456000.00
2002-04-01 00:00:00,-27885550.000,-27885550.000,-27885000.000,-27885000.000,32063,3131000.00
2002-04-02 00:00:00,-27885280.000,-27885550.000,-27885000.000,-27885550.000,88602,8629000.00
2002-04-03 00:00:00,-27885550.000,-27885550.000,-27885280.000,-27885550.000,47903,4657000.00
2002-04-04 00:00:00,-27885550.000,-27885550.000,-27885000.000,-27885000.000,61954,6070000.00
2002-04-05 00:00:00,-27885000.000,-27885280.000,-27885000.000,-27885000.000,37298,3657000.00
2002-04-08 00:00:00,-27885000.000,-27885550.000,-27885000.000,-27885280.000,19736,1932000.00
2002-04-09 00:00:00,-27885280.000,-27885550.000,-27884720.000,-27885000.000,61673,6072000.00
2002-04-10 00:00:00,-27885000.000,-27885280.000,-27885000.000,-27885000.000,30974,3058000.00
2002-04-11 00:00:00,-27885000.000,-27885550.000,-27885000.000,-27885280.000,45960,4504000.00
2002-04-12 00:00:00,-27885280.000,-27885550.000,-27885280.000,-27885550.000,26800,2615000.00
2002-04-15 00:00:00,-27885280.000,-27885550.000,-27885280.000,-27885280.000,34331,3333000.00
2002-04-16 00:00:00,-27885280.000,-27885830.000,-27885280.000,-27885830.000,51842,5031000.00
2002-04-17 00:00:00,-27885830.000,-27886100.000,-27885550.000,-27885830.000,30972,2964000.00
2002-04-18 00:00:00,-27885830.000,-27886100.000,-27885830.000,-27886100.000,62417,5930000.00
2002-04-19 00:00:00,-27886100.000,-27886380.000,-27885830.000,-27885830.000,36008,3413000.00
2002-04-22 00:00:00,-27886100.000,-27886380.000,-27885830.000,-27886380.000,7417,699000.00
2002-04-23 00:00:00,-27886100.000,-27886380.000,-27886100.000,-27886380.000,14134,1330000.00
2002-04-24 00:00:00,-27886380.000,-27886660.000,-27886100.000,-27886380.000,24983,2346000.00
2002-04-25 00:00:00,-27886380.000,-27886660.000,-27886380.000,-27886380.000,25761,2412000.00
2002-04-26 00:00:00,-27886380.000,-27886380.000,-27885830.000,-27886100.000,70009,6658000.00
2002-04-29 00:00:00,-27886100.000,-27886100.000,-27885550.000,-27885830.000,35808,3431000.00
2002-04-30 00:00:00,-27885830.000,-27886100.000,-27885830.000,-27885830.000,66182,6348000.00
2002-05-08 00:00:00,-27885830.000,-27886100.000,-27885830.000,-27886100.000,12023,1148000.00
2002-05-09 00:00:00,-27886100.000,-27886100.000,-27885550.000,-27885830.000,80843,7752000.00
2002-05-10 00:00:00,-27886100.000,-27886100.000,-27885550.000,-27885830.000,26569,2545000.00
2002-05-13 00:00:00,-27885830.000,-27886100.000,-27885830.000,-27886100.000,37205,3535000.00
2002-05-14 00:00:00,-27886100.000,-27886380.000,-27885550.000,-27885830.000,71829,6881000.00
2002-05-15 00:00:00,-27885830.000,-27886380.000,-27885830.000,-27886380.000,67280,6386000.00
2002-05-16 00:00:00,-27886380.000,-27887210.000,-27886100.000,-27886930.000,30872,2865000.00
2002-05-17 00:00:00,-27887210.000,-27887210.000,-27886660.000,-27886930.000,27690,2546000.00
2002-05-20 00:00:00,-27886930.000,-27887210.000,-27886930.000,-27887210.000,14665,1336000.00
2002-05-21 00:00:00,-27886930.000,-27887210.000,-27886380.000,-27886660.000,66245,6132000.00
2002-05-22 00:00:00,-27886930.000,-27887210.000,-27886930.000,-27886930.000,26199,2397000.00
2002-05-23 00:00:00,-27887210.000,-27887210.000,-27886930.000,-27887210.000,35180,3220000.00
2002-05-24 00:00:00,-27887210.000,-27887490.000,-27886930.000,-27887210.000,40760,3698000.00
2002-05-27 00:00:00,-27887210.000,-27887760.000,-27887210.000,-27887490.000,24651,2217000.00
2002-05-28 00:00:00,-27887490.000,-27887490.000,-27886930.000,-27887490.000,57895,5263000.00
2002-05-29 00:00:00,-27887210.000,-27887760.000,-27887210.000,-27887760.000,14094,1266000.00
2002-05-30 00:00:00,-27887760.000,-27887760.000,-27887490.000,-27887490.000,24346,2170000.00
2002-05-31 00:00:00,-27887490.000,-27887760.000,-27887490.000,-27887490.000,8989,803000.00
2002-06-03 00:00:00,-27887760.000,-27888040.000,-27887490.000,-27887760.000,23743,2108000.00
2002-06-04 00:00:00,-27888040.000,-27888040.000,-27887760.000,-27887760.000,14786,1312000.00
2002-06-05 00:00:00,-27888040.000,-27888040.000,-27887760.000,-27888040.000,13626,1199000.00
2002-06-06 00:00:00,-27888040.000,-27888320.000,-27887210.000,-27887490.000,78780,7020000.00
2002-06-07 00:00:00,-27887490.000,-27887760.000,-27887210.000,-27887490.000,47465,4272000.00
2002-06-10 00:00:00,-27887490.000,-27887760.000,-27887490.000,-27887490.000,9837,883000.00
2002-06-11 00:00:00,-27887760.000,-27887760.000,-27887210.000,-27887490.000,28747,2586000.00
2002-06-12 00:00:00,-27887490.000,-27887490.000,-27885280.000,-27886660.000,303348,28295000.00
2002-06-13 00:00:00,-27886930.000,-27887210.000,-27886660.000,-27887210.000,80034,7327000.00
2002-06-14 00:00:00,-27887210.000,-27887760.000,-27887210.000,-27887760.000,46544,4189000.00
2002-06-17 00:00:00,-27887490.000,-27887760.000,-27886930.000,-27887210.000,57750,5244000.00
2002-06-18 00:00:00,-27886930.000,-27887210.000,-27886660.000,-27886930.000,62067,5712000.00
2002-06-19 00:00:00,-27886930.000,-27887210.000,-27886930.000,-27887210.000,23087,2115000.00
2002-06-20 00:00:00,-27887210.000,-27887210.000,-27886660.000,-27886930.000,35162,3231000.00
2002-06-21 00:00:00,-27886930.000,-27887210.000,-27886380.000,-27886380.000,109184,10191000.00
2002-06-24 00:00:00,-27883890.000,-27885280.000,-27883890.000,-27883890.000,1014291,103169000.00
2002-06-25 00:00:00,-27884170.000,-27884450.000,-27883890.000,-27884450.000,223990,22712000.00
2002-06-26 00:00:00,-27884720.000,-27885000.000,-27884170.000,-27884450.000,95700,9605000.00
2002-06-27 00:00:00,-27884450.000,-27884720.000,-27884170.000,-27884450.000,78787,7974000.00
2002-06-28 00:00:00,-27884450.000,-27884450.000,-27883890.000,-27883890.000,313431,31954000.00
2002-07-01 00:00:00,-27883890.000,-27884450.000,-27883890.000,-27884450.000,93717,9522000.00
2002-07-02 00:00:00,-27884450.000,-27884720.000,-27884450.000,-27884450.000,42839,4307000.00
2002-07-03 00:00:00,-27884450.000,-27884720.000,-27884170.000,-27884450.000,43938,4435000.00
2002-07-04 00:00:00,-27884450.000,-27884450.000,-27883890.000,-27884450.000,110000,11190000.00
2002-07-05 00:00:00,-27884450.000,-27884720.000,-27884170.000,-27884450.000,36154,3642000.00
2002-07-08 00:00:00,-27884450.000,-27884720.000,-27884170.000,-27884450.000,59103,5969000.00
2002-07-09 00:00:00,-27884450.000,-27884450.000,-27884170.000,-27884450.000,24429,2467000.00
2002-07-10 00:00:00,-27884450.000,-27885000.000,-27884450.000,-27884720.000,63308,6353000.00
2002-07-11 00:00:00,-27884720.000,-27885000.000,-27884450.000,-27884720.000,36320,3626000.00
2002-07-12 00:00:00,-27884720.000,-27885000.000,-27884720.000,-27884720.000,29392,2938000.00
2002-07-15 00:00:00,-27885000.000,-27885000.000,-27884720.000,-27885000.000,23659,2349000.00
2002-07-16 00:00:00,-27884720.000,-27885000.000,-27884720.000,-27885000.000,9759,966000.00
2002-07-17 00:00:00,-27885000.000,-27885280.000,-27885000.000,-27885280.000,18764,1843000.00
2002-07-18 00:00:00,-27885000.000,-27885000.000,-27884720.000,-27884720.000,24863,2462000.00
2002-07-19 00:00:00,-27884720.000,-27885000.000,-27884720.000,-27885000.000,6113,606000.00
2002-07-22 00:00:00,-27885000.000,-27885280.000,-27884720.000,-27885280.000,42412,4193000.00
2002-07-23 00:00:00,-27885000.000,-27885280.000,-27885000.000,-27885000.000,15512,1521000.00
2002-07-24 00:00:00,-27885280.000,-27885280.000,-27885000.000,-27885000.000,14090,1380000.00
2002-07-25 00:00:00,-27885280.000,-27885280.000,-27885000.000,-27885280.000,29156,2873000.00
2002-07-26 00:00:00,-27885280.000,-27885550.000,-27885000.000,-27885550.000,12010,1167000.00
2002-07-29 00:00:00,-27885550.000,-27885830.000,-27885280.000,-27885280.000,15921,1544000.00
2002-07-30 00:00:00,-27885550.000,-27885550.000,-27885280.000,-27885280.000,7547,732000.00
2002-07-31 00:00:00,-27885550.000,-27885550.000,-27885280.000,-27885550.000,11108,1077000.00
2002-08-01 00:00:00,-27885550.000,-27885550.000,-27885280.000,-27885280.000,36764,3575000.00
2002-08-02 00:00:00,-27885550.000,-27885550.000,-27885280.000,-27885280.000,6608,641000.00
2002-08-05 00:00:00,-27885550.000,-27885830.000,-27885550.000,-27885830.000,19171,1843000.00
2002-08-06 00:00:00,-27885550.000,-27885830.000,-27885280.000,-27885550.000,24856,2407000.00
2002-08-07 00:00:00,-27885550.000,-27885550.000,-27885280.000,-27885550.000,11377,1104000.00
2002-08-08 00:00:00,-27885550.000,-27885830.000,-27885550.000,-27885550.000,28398,2753000.00
2002-08-09 00:00:00,-27885550.000,-27885830.000,-27885550.000,-27885830.000,21729,2086000.00
2002-08-12 00:00:00,-27885830.000,-27886100.000,-27885550.000,-27885830.000,20489,1966000.00
2002-08-13 00:00:00,-27886100.000,-27886100.000,-27885830.000,-27885830.000,18033,1731000.00
2002-08-14 00:00:00,-27885830.000,-27886100.000,-27885550.000,-27885830.000,2640,253000.00
2002-08-15 00:00:00,-27885550.000,-27885830.000,-27885550.000,-27885830.000,13179,1270000.00
2002-08-16 00:00:00,-27885830.000,-27885830.000,-27885550.000,-27885550.000,5313,510000.00
2002-08-19 00:00:00,-27885550.000,-27885830.000,-27885550.000,-27885830.000,3050,292000.00
2002-08-20 00:00:00,-27885830.000,-27885830.000,-27885550.000,-27885550.000,45231,4351000.00
2002-08-21 00:00:00,-27885550.000,-27885830.000,-27885550.000,-27885830.000,4313,414000.00
2002-08-22 00:00:00,-27885830.000,-27885830.000,-27885280.000,-27885550.000,57265,5554000.00
2002-08-23 00:00:00,-27885550.000,-27885830.000,-27885550.000,-27885550.000,212796,20521000.00
2002-08-26 00:00:00,-27885550.000,-27885830.000,-27885550.000,-27885550.000,16186,1564000.00
2002-08-27 00:00:00,-27885830.000,-27885830.000,-27885550.000,-27885550.000,6421,616000.00
2002-08-28 00:00:00,-27885550.000,-27885830.000,-27885550.000,-27885550.000,22003,2116000.00
2002-08-29 00:00:00,-27885830.000,-27885830.000,-27885550.000,-27885830.000,41757,4008000.00
2002-08-30 00:00:00,-27885830.000,-27885830.000,-27885550.000,-27885550.000,68237,6551000.00
2002-09-02 00:00:00,-27885830.000,-27885830.000,-27885550.000,-27885550.000,47850,4603000.00
2002-09-03 00:00:00,-27885830.000,-27885830.000,-27885550.000,-27885550.000,92905,8919000.00
2002-09-04 00:00:00,-27885830.000,-27885830.000,-27885550.000,-27885830.000,125764,12074000.00
2002-09-05 00:00:00,-27885830.000,-27886100.000,-27885830.000,-27886100.000,279667,26781000.00
2002-09-06 00:00:00,-27885830.000,-27886100.000,-27885830.000,-27886100.000,125127,11976000.00
2002-09-09 00:00:00,-27886100.000,-27886380.000,-27886100.000,-27886380.000,135810,12898000.00
2002-09-10 00:00:00,-27886380.000,-27886380.000,-27886100.000,-27886100.000,90317,8489000.00
2002-09-11 00:00:00,-27886100.000,-27886660.000,-27886100.000,-27886380.000,164403,15422000.00
2002-09-12 00:00:00,-27886380.000,-27886660.000,-27886100.000,-27886380.000,162110,15238000.00
2002-09-13 00:00:00,-27886380.000,-27886660.000,-27886380.000,-27886660.000,9237,861000.00
2002-09-16 00:00:00,-27886660.000,-27887210.000,-27886660.000,-27886930.000,207358,19085000.00
2002-09-17 00:00:00,-27886930.000,-27887490.000,-27886660.000,-27886930.000,340559,31259000.00
2002-09-18 00:00:00,-27886930.000,-27887210.000,-27886930.000,-27886930.000,152296,13859000.00
2002-09-19 00:00:00,-27886930.000,-27887210.000,-27886660.000,-27886660.000,188319,17329000.00
2002-09-20 00:00:00,-27886930.000,-27886930.000,-27886660.000,-27886660.000,110229,10246000.00
2002-09-23 00:00:00,-27886930.000,-27886930.000,-27886380.000,-27886660.000,223053,20743000.00
2002-09-24 00:00:00,-27886660.000,-27886930.000,-27886380.000,-27886660.000,187296,17417000.00
2002-09-25 00:00:00,-27886660.000,-27886930.000,-27886380.000,-27886380.000,176569,16422000.00
2002-09-26 00:00:00,-27886660.000,-27886930.000,-27886380.000,-27886930.000,152354,14169000.00
2002-09-27 00:00:00,-27886930.000,-27886930.000,-27886660.000,-27886660.000,161307,14944000.00
2002-10-08 00:00:00,-27886930.000,-27886930.000,-27886660.000,-27886930.000,187344,17284000.00
2002-10-09 00:00:00,-27886930.000,-27887210.000,-27886930.000,-27886930.000,219835,20218000.00
2002-10-10 00:00:00,-27887210.000,-27887490.000,-27886930.000,-27886930.000,228326,20778000.00
2002-10-11 00:00:00,-27887210.000,-27887490.000,-27886930.000,-27887210.000,195192,17761000.00
2002-10-14 00:00:00,-27887210.000,-27887210.000,-27886930.000,-27887210.000,248628,22625000.00
2002-10-15 00:00:00,-27887210.000,-27887210.000,-27886930.000,-27886930.000,185918,16921000.00
2002-10-16 00:00:00,-27886930.000,-27887210.000,-27886660.000,-27886660.000,134657,12351000.00
2002-10-17 00:00:00,-27886930.000,-27887490.000,-27886930.000,-27887490.000,110628,10058000.00
2002-10-18 00:00:00,-27887210.000,-27887760.000,-27887210.000,-27887490.000,33088,2978000.00
2002-10-21 00:00:00,-27887490.000,-27887760.000,-27887490.000,-27887490.000,9242,831000.00
2002-10-22 00:00:00,-27887490.000,-27887490.000,-27887210.000,-27887210.000,15609,1418000.00
2002-10-23 00:00:00,-27887490.000,-27887490.000,-27887210.000,-27887490.000,17167,1545000.00
2002-10-24 00:00:00,-27887490.000,-27887490.000,-27887210.000,-27887490.000,24747,2227000.00
2002-10-25 00:00:00,-27887490.000,-27887760.000,-27887210.000,-27887490.000,12271,1104000.00
2002-10-28 00:00:00,-27887490.000,-27887760.000,-27887490.000,-27887760.000,10039,894000.00
2002-10-29 00:00:00,-27887760.000,-27888040.000,-27887490.000,-27887760.000,9789,868000.00
2002-10-30 00:00:00,-27887760.000,-27888040.000,-27887760.000,-27887760.000,12309,1088000.00
2002-10-31 00:00:00,-27887760.000,-27888320.000,-27887760.000,-27888320.000,61152,5362000.00
2002-11-01 00:00:00,-27888320.000,-27888870.000,-27888040.000,-27888590.000,14951,1290000.00
2002-11-04 00:00:00,-27888590.000,-27888870.000,-27888320.000,-27888320.000,26242,2256000.00
2002-11-05 00:00:00,-27888320.000,-27888590.000,-27888040.000,-27888040.000,62166,5443000.00
2002-11-06 00:00:00,-27888040.000,-27888870.000,-27888040.000,-27888320.000,69043,5965000.00
2002-11-07 00:00:00,-27888320.000,-27888590.000,-27888320.000,-27888320.000,8046,696000.00
2002-11-08 00:00:00,-27888320.000,-27888870.000,-27888320.000,-27888590.000,76037,6576000.00
2002-11-11 00:00:00,-27888590.000,-27889140.000,-27888590.000,-27888870.000,57087,4880000.00
2002-11-12 00:00:00,-27888870.000,-27889420.000,-27888870.000,-27889420.000,32448,2727000.00
2002-11-13 00:00:00,-27889420.000,-27889700.000,-27889140.000,-27889420.000,48133,3999000.00
2002-11-14 00:00:00,-27889700.000,-27889700.000,-27889140.000,-27889700.000,59846,4951000.00
2002-11-15 00:00:00,-27889700.000,-27889700.000,-27889420.000,-27889420.000,13146,1082000.00
2002-11-18 00:00:00,-27889700.000,-27889700.000,-27889420.000,-27889420.000,11024,905000.00
2002-11-19 00:00:00,-27889420.000,-27889700.000,-27889420.000,-27889420.000,26013,2144000.00
2002-11-20 00:00:00,-27889700.000,-27889970.000,-27889420.000,-27889970.000,21431,1757000.00
2002-11-21 00:00:00,-27889970.000,-27891080.000,-27889970.000,-27890800.000,52308,4129000.00
2002-11-22 00:00:00,-27890800.000,-27891080.000,-27890530.000,-27890530.000,45587,3567000.00
2002-11-25 00:00:00,-27890800.000,-27890800.000,-27890530.000,-27890530.000,25697,2015000.00
2002-11-26 00:00:00,-27890530.000,-27890800.000,-27890530.000,-27890800.000,40853,3196000.00
2002-11-27 00:00:00,-27891080.000,-27891360.000,-27890800.000,-27891080.000,31407,2413000.00
2002-11-28 00:00:00,-27890800.000,-27891080.000,-27890530.000,-27890800.000,26549,2074000.00
2002-11-29 00:00:00,-27890530.000,-27890800.000,-27889420.000,-27889970.000,132184,10618000.00
2002-12-02 00:00:00,-27890250.000,-27890800.000,-27890250.000,-27890800.000,34179,2706000.00
2002-12-03 00:00:00,-27890530.000,-27890800.000,-27890250.000,-27890250.000,44004,3475000.00
2002-12-04 00:00:00,-27890250.000,-27890530.000,-27889970.000,-27890250.000,37505,2996000.00
2002-12-05 00:00:00,-27890530.000,-27890800.000,-27890250.000,-27890530.000,39119,3090000.00
2002-12-06 00:00:00,-27890530.000,-27890800.000,-27890250.000,-27890250.000,11986,947000.00
2002-12-09 00:00:00,-27890530.000,-27890800.000,-27890250.000,-27890530.000,9339,737000.00
2002-12-10 00:00:00,-27890530.000,-27890800.000,-27890250.000,-27890800.000,22852,1788000.00
2002-12-11 00:00:00,-27890800.000,-27891080.000,-27890800.000,-27890800.000,8842,688000.00
2002-12-12 00:00:00,-27890800.000,-27890800.000,-27890530.000,-27890530.000,45804,3609000.00
2002-12-13 00:00:00,-27890800.000,-27891080.000,-27890250.000,-27890530.000,40430,3166000.00
2002-12-16 00:00:00,-27890530.000,-27890800.000,-27890530.000,-27890530.000,9877,779000.00
2002-12-17 00:00:00,-27890530.000,-27890800.000,-27890530.000,-27890530.000,23491,1854000.00
2002-12-18 00:00:00,-27890530.000,-27890800.000,-27890250.000,-27890530.000,35896,2836000.00
2002-12-19 00:00:00,-27890800.000,-27890800.000,-27890530.000,-27890530.000,15102,1178000.00
2002-12-20 00:00:00,-27890530.000,-27890800.000,-27890250.000,-27890530.000,62812,4962000.00
2002-12-23 00:00:00,-27890530.000,-27890530.000,-27889970.000,-27890250.000,120394,9624000.00
2002-12-24 00:00:00,-27890250.000,-27890530.000,-27889970.000,-27889970.000,186361,14889000.00
2002-12-25 00:00:00,-27890250.000,-27890250.000,-27889970.000,-27890250.000,23766,1907000.00
2002-12-26 00:00:00,-27890250.000,-27890800.000,-27890250.000,-27890800.000,83566,6607000.00
2002-12-27 00:00:00,-27890800.000,-27891080.000,-27890530.000,-27890800.000,29931,2335000.00
2002-12-30 00:00:00,-27890800.000,-27891080.000,-27890530.000,-27891080.000,34442,2664000.00
2002-12-31 00:00:00,-27891080.000,-27891080.000,-27890530.000,-27890530.000,35914,2797000.00
2003-01-02 00:00:00,-27890800.000,-27891910.000,-27890800.000,-27891360.000,27124,2052000.00
2003-01-03 00:00:00,-27891630.000,-27891910.000,-27891360.000,-27891630.000,20958,1569000.00
2003-01-06 00:00:00,-27891910.000,-27891910.000,-27891360.000,-27891360.000,7403,553000.00
2003-01-07 00:00:00,-27891630.000,-27891910.000,-27891360.000,-27891630.000,21580,1624000.00
2003-01-08 00:00:00,-27891630.000,-27891910.000,-27891080.000,-27891080.000,21219,1608000.00
2003-01-09 00:00:00,-27891080.000,-27891360.000,-27890800.000,-27891080.000,27677,2131000.00
2003-01-10 00:00:00,-27890800.000,-27891080.000,-27890800.000,-27891080.000,26668,2069000.00
2003-01-13 00:00:00,-27891080.000,-27891360.000,-27891080.000,-27891080.000,9253,712000.00
2003-01-14 00:00:00,-27891360.000,-27891360.000,-27889700.000,-27889970.000,145504,11641000.00
2003-01-15 00:00:00,-27889970.000,-27890530.000,-27889700.000,-27890250.000,59847,4805000.00
2003-01-16 00:00:00,-27890530.000,-27890530.000,-27889970.000,-27889970.000,36040,2891000.00
2003-01-17 00:00:00,-27890250.000,-27890530.000,-27889970.000,-27889970.000,49839,3988000.00
2003-01-20 00:00:00,-27890250.000,-27890530.000,-27888870.000,-27889420.000,232814,19163000.00
2003-01-21 00:00:00,-27889420.000,-27890250.000,-27889420.000,-27889970.000,83893,6830000.00
2003-01-22 00:00:00,-27890250.000,-27890530.000,-27889970.000,-27889970.000,34726,2778000.00
2003-01-23 00:00:00,-27890250.000,-27890250.000,-27889970.000,-27890250.000,23375,1871000.00
2003-01-24 00:00:00,-27890530.000,-27890530.000,-27889700.000,-27889700.000,45157,3650000.00
2003-01-27 00:00:00,-27889700.000,-27889970.000,-27889420.000,-27889420.000,40213,3297000.00
2003-01-28 00:00:00,-27889700.000,-27889970.000,-27889700.000,-27889700.000,25955,2124000.00
2003-01-29 00:00:00,-27889700.000,-27889970.000,-27889420.000,-27889700.000,64862,5321000.00
2003-02-10 00:00:00,-27889700.000,-27890250.000,-27889700.000,-27889970.000,19695,1595000.00
2003-02-11 00:00:00,-27889970.000,-27890250.000,-27889700.000,-27889700.000,30698,2484000.00
2003-02-12 00:00:00,-27889970.000,-27889970.000,-27889700.000,-27889700.000,22305,1821000.00
2003-02-13 00:00:00,-27889700.000,-27889970.000,-27889420.000,-27889970.000,54825,4494000.00
2003-02-14 00:00:00,-27889700.000,-27889970.000,-27889700.000,-27889700.000,21125,1731000.00
2003-02-17 00:00:00,-27889970.000,-27889970.000,-27889140.000,-27889700.000,74522,6173000.00
2003-02-18 00:00:00,-27889700.000,-27889970.000,-27889700.000,-27889970.000,3084,250000.00
2003-02-19 00:00:00,-27889970.000,-27889970.000,-27889420.000,-27889420.000,87830,7205000.00
2003-02-20 00:00:00,-27889700.000,-27889970.000,-27889420.000,-27889700.000,45391,3722000.00
2003-02-21 00:00:00,-27889700.000,-27890250.000,-27889700.000,-27889970.000,66990,5419000.00
2003-02-24 00:00:00,-27889970.000,-27890250.000,-27889700.000,-27889970.000,36626,2967000.00
2003-02-25 00:00:00,-27889970.000,-27889970.000,-27889420.000,-27889420.000,56337,4631000.00
2003-02-26 00:00:00,-27889420.000,-27889700.000,-27889420.000,-27889420.000,50063,4122000.00
2003-02-27 00:00:00,-27889420.000,-27889700.000,-27889140.000,-27889140.000,97056,8055000.00
2003-02-28 00:00:00,-27889420.000,-27889700.000,-27889140.000,-27889420.000,41007,3401000.00
2003-03-03 00:00:00,-27889390.000,-27889530.000,-27889370.000,-27889500.000,14024,1162000.00
2003-03-04 00:00:00,-27889420.000,-27889590.000,-27889370.000,-27889560.000,16651,1377000.00
2003-03-05 00:00:00,-27889560.000,-27890530.000,-27889560.000,-27889920.000,80202,6506000.00
2003-03-06 00:00:00,-27889970.000,-27890330.000,-27889970.000,-27890170.000,34429,2761000.00
2003-03-07 00:00:00,-27890220.000,-27890360.000,-27890110.000,-27890250.000,21245,1703000.00
2003-03-10 00:00:00,-27890330.000,-27890580.000,-27890220.000,-27890580.000,25158,1992000.00
2003-03-11 00:00:00,-27890550.000,-27890660.000,-27890470.000,-27890660.000,22092,1740000.00
2003-03-12 00:00:00,-27890660.000,-27890800.000,-27890640.000,-27890660.000,22919,1794000.00
2003-03-13 00:00:00,-27890660.000,-27890780.000,-27890660.000,-27890750.000,17900,1400000.00
2003-03-14 00:00:00,-27890720.000,-27890750.000,-27890660.000,-27890690.000,17251,1353000.00
2003-03-17 00:00:00,-27890690.000,-27890800.000,-27890690.000,-27890750.000,28440,2223000.00
2003-03-18 00:00:00,-27890750.000,-27890910.000,-27890640.000,-27890860.000,44590,3481000.00
2003-03-19 00:00:00,-27890860.000,-27890940.000,-27890800.000,-27890860.000,22152,1723000.00
2003-03-20 00:00:00,-27890800.000,-27890860.000,-27890720.000,-27890750.000,22356,1747000.00
2003-03-21 00:00:00,-27890780.000,-27890780.000,-27890440.000,-27890470.000,21139,1668000.00
2003-03-24 00:00:00,-27890390.000,-27890610.000,-27890390.000,-27890610.000,9352,737000.00
2003-03-25 00:00:00,-27890530.000,-27890690.000,-27890500.000,-27890690.000,20841,1637000.00
2003-03-26 00:00:00,-27890780.000,-27890780.000,-27890580.000,-27890690.000,15180,1192000.00
2003-03-27 00:00:00,-27890750.000,-27890780.000,-27889840.000,-27890330.000,49267,3915000.00
2003-03-28 00:00:00,-27890250.000,-27890440.000,-27890250.000,-27890390.000,14990,1192000.00
2003-03-31 00:00:00,-27890250.000,-27890420.000,-27890220.000,-27890250.000,21419,1710000.00
2003-04-01 00:00:00,-27890280.000,-27890280.000,-27890030.000,-27890030.000,28699,2302000.00
2003-04-02 00:00:00,-27890030.000,-27890110.000,-27889970.000,-27890000.000,36231,2927000.00
2003-04-03 00:00:00,-27890060.000,-27890170.000,-27890000.000,-27890080.000,20312,1639000.00
2003-04-04 00:00:00,-27890170.000,-27890170.000,-27889970.000,-27889970.000,27009,2180000.00
2003-04-07 00:00:00,-27889970.000,-27889970.000,-27889810.000,-27889950.000,29433,2392000.00
2003-04-08 00:00:00,-27889860.000,-27890030.000,-27889860.000,-27889920.000,49900,4047000.00
2003-04-09 00:00:00,-27889950.000,-27889970.000,-27889560.000,-27889590.000,64614,5272000.00
2003-04-10 00:00:00,-27889480.000,-27889480.000,-27888870.000,-27889230.000,226900,19086000.00
2003-04-11 00:00:00,-27889200.000,-27889280.000,-27888430.000,-27888510.000,185814,15798000.00
2003-04-14 00:00:00,-27888370.000,-27888730.000,-27888040.000,-27888540.000,193883,16759000.00
2003-04-15 00:00:00,-27888480.000,-27888900.000,-27888320.000,-27888560.000,128499,11018000.00
2003-04-16 00:00:00,-27888560.000,-27888920.000,-27888320.000,-27888870.000,96336,8288000.00
2003-04-17 00:00:00,-27888870.000,-27889140.000,-27888810.000,-27889060.000,104773,8838000.00
2003-04-18 00:00:00,-27889060.000,-27889260.000,-27888950.000,-27889230.000,61098,5132000.00
2003-04-21 00:00:00,-27889200.000,-27889450.000,-27889010.000,-27889340.000,81236,6786000.00
2003-04-22 00:00:00,-27889310.000,-27889450.000,-27889310.000,-27889390.000,45154,3750000.00
2003-04-23 00:00:00,-27889450.000,-27889640.000,-27889420.000,-27889610.000,49382,4069000.00
2003-04-24 00:00:00,-27889700.000,-27890390.000,-27889610.000,-27890360.000,63158,5126000.00
2003-04-25 00:00:00,-27890360.000,-27890830.000,-27890170.000,-27890580.000,32434,2558000.00
2003-04-28 00:00:00,-27890640.000,-27890830.000,-27890200.000,-27890200.000,81468,6439000.00
2003-04-29 00:00:00,-27890170.000,-27890750.000,-27890170.000,-27890660.000,57534,4557000.00
2003-04-30 00:00:00,-27890530.000,-27890580.000,-27890280.000,-27890330.000,31405,2494000.00
2003-05-12 00:00:00,-27890220.000,-27890530.000,-27890140.000,-27890250.000,52777,4205000.00
2003-05-13 00:00:00,-27890250.000,-27891080.000,-27890170.000,-27891080.000,78845,6218000.00
2003-05-14 00:00:00,-27890830.000,-27891020.000,-27890780.000,-27890780.000,66107,5150000.00
2003-05-15 00:00:00,-27890720.000,-27890860.000,-27889950.000,-27889970.000,101504,8120000.00
2003-05-16 00:00:00,-27889970.000,-27890170.000,-27889950.000,-27889970.000,35873,2894000.00
2003-05-19 00:00:00,-27889810.000,-27889840.000,-27889450.000,-27889560.000,86964,7154000.00
2003-05-20 00:00:00,-27889560.000,-27889920.000,-27889560.000,-27889840.000,40984,3346000.00
2003-05-21 00:00:00,-27889860.000,-27889860.000,-27889670.000,-27889750.000,47545,3891000.00
2003-05-22 00:00:00,-27889700.000,-27889890.000,-27889700.000,-27889700.000,25758,2106000.00
2003-05-23 00:00:00,-27889700.000,-27889700.000,-27889310.000,-27889450.000,58591,4849000.00
2003-05-26 00:00:00,-27889480.000,-27889590.000,-27889420.000,-27889500.000,45409,3757000.00
2003-05-27 00:00:00,-27889500.000,-27889700.000,-27889500.000,-27889640.000,29891,2457000.00
2003-05-28 00:00:00,-27889640.000,-27889700.000,-27889500.000,-27889670.000,30945,2544000.00
2003-05-29 00:00:00,-27889700.000,-27889890.000,-27889670.000,-27889700.000,44034,3595000.00
2003-05-30 00:00:00,-27889700.000,-27889780.000,-27889500.000,-27889530.000,37747,3107000.00
2003-06-02 00:00:00,-27889500.000,-27889700.000,-27889500.000,-27889640.000,23354,1919000.00
2003-06-03 00:00:00,-27889640.000,-27889890.000,-27889610.000,-27889840.000,28977,2371000.00
2003-06-04 00:00:00,-27889810.000,-27890000.000,-27889810.000,-27889840.000,32559,2643000.00
2003-06-05 00:00:00,-27889840.000,-27889970.000,-27889780.000,-27889950.000,34365,2801000.00
2003-06-06 00:00:00,-27889970.000,-27889970.000,-27889530.000,-27889750.000,86229,7065000.00
2003-06-09 00:00:00,-27889810.000,-27889970.000,-27889700.000,-27889950.000,41414,3364000.00
2003-06-10 00:00:00,-27889950.000,-27890000.000,-27889860.000,-27890000.000,35808,2905000.00
2003-06-11 00:00:00,-27890000.000,-27890000.000,-27889780.000,-27889840.000,121822,9906000.00
2003-06-12 00:00:00,-27889840.000,-27889920.000,-27889840.000,-27889860.000,51865,4219000.00
2003-06-13 00:00:00,-27889840.000,-27889860.000,-27889730.000,-27889810.000,33273,2718000.00
2003-06-16 00:00:00,-27889810.000,-27889840.000,-27889730.000,-27889750.000,49780,4065000.00
2003-06-17 00:00:00,-27889750.000,-27889780.000,-27889480.000,-27889500.000,74965,6174000.00
2003-06-18 00:00:00,-27889480.000,-27889480.000,-27889060.000,-27889170.000,154830,12946000.00
2003-06-19 00:00:00,-27888920.000,-27889420.000,-27888900.000,-27889340.000,157050,13166000.00
2003-06-20 00:00:00,-27889200.000,-27889480.000,-27889200.000,-27889420.000,75553,6283000.00
2003-06-23 00:00:00,-27889480.000,-27889640.000,-27889450.000,-27889480.000,53931,4454000.00
2003-06-24 00:00:00,-27889530.000,-27889560.000,-27889420.000,-27889420.000,27551,2279000.00
2003-06-25 00:00:00,-27889450.000,-27889480.000,-27889280.000,-27889420.000,39928,3317000.00
2003-06-26 00:00:00,-27889450.000,-27889530.000,-27889230.000,-27889260.000,69734,5789000.00
2003-06-27 00:00:00,-27889340.000,-27889390.000,-27889230.000,-27889340.000,48306,4030000.00
2003-06-30 00:00:00,-27889420.000,-27889480.000,-27889170.000,-27889280.000,130398,10878000.00
2003-07-01 00:00:00,-27889280.000,-27889420.000,-27889200.000,-27889420.000,41638,3472000.00
2003-07-02 00:00:00,-27889420.000,-27889560.000,-27889370.000,-27889450.000,30670,2541000.00
2003-07-03 00:00:00,-27889480.000,-27889480.000,-27889340.000,-27889390.000,19669,1635000.00
2003-07-04 00:00:00,-27889340.000,-27889450.000,-27889340.000,-27889450.000,16286,1352000.00
2003-07-07 00:00:00,-27889420.000,-27889480.000,-27889420.000,-27889450.000,19000,1575000.00
2003-07-08 00:00:00,-27889420.000,-27889420.000,-27889310.000,-27889370.000,22580,1878000.00
2003-07-09 00:00:00,-27889370.000,-27889420.000,-27889340.000,-27889370.000,14466,1202000.00
2003-07-10 00:00:00,-27889390.000,-27889390.000,-27889200.000,-27889230.000,35541,2970000.00
2003-07-11 00:00:00,-27889140.000,-27889280.000,-27889140.000,-27889230.000,13179,1104000.00
2003-07-14 00:00:00,-27889200.000,-27889230.000,-27889090.000,-27889090.000,37064,3113000.00
2003-07-15 00:00:00,-27889140.000,-27889140.000,-27888950.000,-27888950.000,70909,5988000.00
2003-07-16 00:00:00,-27888950.000,-27888950.000,-27888760.000,-27888760.000,82017,6982000.00
2003-07-17 00:00:00,-27888810.000,-27888840.000,-27888620.000,-27888680.000,61446,5266000.00
2003-07-18 00:00:00,-27888620.000,-27888900.000,-27888620.000,-27888840.000,186015,15884000.00
2003-07-21 00:00:00,-27888870.000,-27888950.000,-27888730.000,-27888760.000,114677,9760000.00
2003-07-22 00:00:00,-27888810.000,-27888870.000,-27888700.000,-27888790.000,32961,2810000.00
2003-07-23 00:00:00,-27888870.000,-27888900.000,-27888810.000,-27888840.000,40476,3442000.00
2003-07-24 00:00:00,-27888900.000,-27888980.000,-27888870.000,-27888950.000,19233,1632000.00
2003-07-25 00:00:00,-27888950.000,-27889120.000,-27888870.000,-27889030.000,39837,3367000.00
2003-07-28 00:00:00,-27889200.000,-27889420.000,-27889140.000,-27889140.000,17620,1472000.00
2003-07-29 00:00:00,-27889260.000,-27889280.000,-27889060.000,-27889140.000,21180,1774000.00
2003-07-30 00:00:00,-27889200.000,-27889340.000,-27889140.000,-27889200.000,17449,1459000.00
2003-07-31 00:00:00,-27889200.000,-27889310.000,-27889200.000,-27889310.000,5076,423000.00
2003-08-01 00:00:00,-27889280.000,-27889480.000,-27889280.000,-27889370.000,6884,572000.00
2003-08-04 00:00:00,-27889450.000,-27889480.000,-27889370.000,-27889370.000,8662,719000.00
2003-08-05 00:00:00,-27889390.000,-27889420.000,-27889340.000,-27889420.000,20002,1663000.00
2003-08-06 00:00:00,-27889420.000,-27889500.000,-27889420.000,-27889480.000,8900,737000.00
2003-08-07 00:00:00,-27889500.000,-27889500.000,-27889420.000,-27889500.000,14587,1208000.00
2003-08-08 00:00:00,-27889500.000,-27889610.000,-27889480.000,-27889610.000,9940,818000.00
2003-08-11 00:00:00,-27889610.000,-27889700.000,-27889610.000,-27889640.000,7559,620000.00
2003-08-12 00:00:00,-27889700.000,-27889700.000,-27889590.000,-27889670.000,6218,510000.00
2003-08-13 00:00:00,-27889640.000,-27889700.000,-27889590.000,-27889700.000,8177,671000.00
2003-08-14 00:00:00,-27889640.000,-27889750.000,-27889590.000,-27889730.000,11760,964000.00
2003-08-15 00:00:00,-27889730.000,-27889750.000,-27889670.000,-27889730.000,11255,922000.00
2003-08-18 00:00:00,-27889700.000,-27889730.000,-27889590.000,-27889670.000,25290,2077000.00
2003-08-19 00:00:00,-27889700.000,-27889700.000,-27889610.000,-27889610.000,4781,392000.00
2003-08-20 00:00:00,-27889590.000,-27889750.000,-27889560.000,-27889700.000,21999,1806000.00
2003-08-21 00:00:00,-27889700.000,-27889810.000,-27889700.000,-27889700.000,14021,1148000.00
2003-08-22 00:00:00,-27889730.000,-27889750.000,-27889640.000,-27889700.000,16610,1362000.00
2003-08-25 00:00:00,-27889700.000,-27890080.000,-27889700.000,-27889780.000,16291,1324000.00
2003-08-26 00:00:00,-27889860.000,-27890000.000,-27889780.000,-27889860.000,30188,2452000.00
2003-08-27 00:00:00,-27889950.000,-27889950.000,-27889840.000,-27889860.000,7688,624000.00
2003-08-28 00:00:00,-27889890.000,-27890030.000,-27889840.000,-27889890.000,11623,943000.00
2003-08-29 00:00:00,-27889970.000,-27890170.000,-27889890.000,-27889890.000,4606,373000.00
2003-09-01 00:00:00,-27890060.000,-27890060.000,-27889610.000,-27889670.000,9782,800000.00
2003-09-02 00:00:00,-27889700.000,-27889810.000,-27889640.000,-27889750.000,10233,838000.00
2003-09-03 00:00:00,-27889810.000,-27889920.000,-27889810.000,-27889840.000,19638,1599000.00
2003-09-04 00:00:00,-27889840.000,-27889890.000,-27889840.000,-27889860.000,9651,786000.00
2003-09-05 00:00:00,-27889950.000,-27890030.000,-27889950.000,-27890000.000,6309,510000.00
2003-09-08 00:00:00,-27890000.000,-27890200.000,-27890000.000,-27890110.000,14174,1140000.00
2003-09-09 00:00:00,-27890110.000,-27890200.000,-27890110.000,-27890170.000,8899,715000.00
2003-09-10 00:00:00,-27890220.000,-27890220.000,-27889970.000,-27890170.000,1579,126000.00
2003-09-11 00:00:00,-27890250.000,-27890250.000,-27890080.000,-27890170.000,1776,142000.00
2003-09-12 00:00:00,-27890170.000,-27890310.000,-27890170.000,-27890220.000,11655,934000.00
2003-09-15 00:00:00,-27890250.000,-27890470.000,-27890200.000,-27890470.000,12004,959000.00
2003-09-16 00:00:00,-27890550.000,-27890550.000,-27890470.000,-27890470.000,10554,834000.00
2003-09-17 00:00:00,-27890530.000,-27890720.000,-27890470.000,-27890640.000,9854,776000.00
2003-09-18 00:00:00,-27890780.000,-27890800.000,-27890640.000,-27890690.000,10083,789000.00
2003-09-19 00:00:00,-27890660.000,-27890660.000,-27890580.000,-27890660.000,8460,664000.00
2003-09-22 00:00:00,-27890800.000,-27890800.000,-27890610.000,-27890660.000,5664,444000.00
2003-09-23 00:00:00,-27890690.000,-27890720.000,-27890580.000,-27890660.000,16864,1323000.00
2003-09-24 00:00:00,-27890610.000,-27890610.000,-27890550.000,-27890550.000,12686,999000.00
2003-09-25 00:00:00,-27890550.000,-27890720.000,-27890550.000,-27890690.000,11996,940000.00
2003-09-26 00:00:00,-27890750.000,-27890750.000,-27890640.000,-27890690.000,8364,655000.00
2003-09-29 00:00:00,-27890690.000,-27890830.000,-27890690.000,-27890780.000,17441,1362000.00
2003-09-30 00:00:00,-27890830.000,-27890940.000,-27890660.000,-27890660.000,16059,1250000.00
2003-10-08 00:00:00,-27891050.000,-27891050.000,-27890660.000,-27890750.000,5093,395000.00
2003-10-09 00:00:00,-27890860.000,-27890890.000,-27890660.000,-27890750.000,6699,523000.00
2003-10-10 00:00:00,-27890720.000,-27890780.000,-27890250.000,-27890280.000,29241,2323000.00
2003-10-13 00:00:00,-27890030.000,-27890310.000,-27890030.000,-27890310.000,17878,1430000.00
2003-10-14 00:00:00,-27890310.000,-27890420.000,-27890310.000,-27890390.000,9169,730000.00
2003-10-15 00:00:00,-27890470.000,-27890500.000,-27890250.000,-27890500.000,14691,1167000.00
2003-10-16 00:00:00,-27890550.000,-27890610.000,-27890530.000,-27890610.000,12769,1007000.00
2003-10-17 00:00:00,-27890750.000,-27890750.000,-27890580.000,-27890580.000,7323,572000.00
2003-10-20 00:00:00,-27890580.000,-27891000.000,-27890580.000,-27890800.000,30393,2370000.00
2003-10-21 00:00:00,-27890830.000,-27890830.000,-27890780.000,-27890780.000,23670,1844000.00
2003-10-22 00:00:00,-27890800.000,-27890940.000,-27890310.000,-27890470.000,31355,2463000.00
2003-10-23 00:00:00,-27890440.000,-27890610.000,-27890360.000,-27890580.000,28192,2227000.00
2003-10-24 00:00:00,-27890360.000,-27890610.000,-27890310.000,-27890580.000,19222,1524000.00
2003-10-27 00:00:00,-27890530.000,-27890660.000,-27890530.000,-27890660.000,23977,1889000.00
2003-10-28 00:00:00,-27890530.000,-27890580.000,-27890420.000,-27890530.000,35468,2803000.00
2003-10-29 00:00:00,-27890420.000,-27890580.000,-27890330.000,-27890530.000,29636,2347000.00
2003-10-30 00:00:00,-27890550.000,-27890660.000,-27890530.000,-27890580.000,21865,1722000.00
2003-10-31 00:00:00,-27890640.000,-27890890.000,-27890550.000,-27890610.000,27729,2180000.00
2003-11-03 00:00:00,-27890610.000,-27890660.000,-27889700.000,-27890000.000,62435,5013000.00
2003-11-04 00:00:00,-27889970.000,-27889970.000,-27889390.000,-27889750.000,115770,9502000.00
2003-11-05 00:00:00,-27889750.000,-27889890.000,-27889700.000,-27889890.000,49490,4040000.00
2003-11-06 00:00:00,-27889860.000,-27890110.000,-27889480.000,-27889950.000,95511,7741000.00
2003-11-07 00:00:00,-27890030.000,-27890250.000,-27889970.000,-27890220.000,26556,2140000.00
2003-11-10 00:00:00,-27890250.000,-27890330.000,-27889970.000,-27890030.000,14534,1168000.00
2003-11-11 00:00:00,-27890030.000,-27890060.000,-27889920.000,-27889920.000,20725,1675000.00
2003-11-12 00:00:00,-27889970.000,-27890220.000,-27889970.000,-27890220.000,25123,2029000.00
2003-11-13 00:00:00,-27890140.000,-27890390.000,-27890110.000,-27890280.000,44245,3539000.00
2003-11-14 00:00:00,-27890330.000,-27890440.000,-27890220.000,-27890310.000,21314,1699000.00
2003-11-17 00:00:00,-27890250.000,-27890390.000,-27890250.000,-27890360.000,21846,1745000.00
2003-11-18 00:00:00,-27890440.000,-27892460.000,-27890360.000,-27890580.000,24877,1964000.00
2003-11-19 00:00:00,-27890660.000,-27890720.000,-27890500.000,-27890530.000,29356,2307000.00
2003-11-20 00:00:00,-27890550.000,-27890660.000,-27890250.000,-27890310.000,32122,2542000.00
2003-11-21 00:00:00,-27890250.000,-27890420.000,-27890110.000,-27890330.000,34270,2746000.00
2003-11-24 00:00:00,-27890390.000,-27890390.000,-27889840.000,-27889890.000,62372,5013000.00
2003-11-25 00:00:00,-27889890.000,-27890030.000,-27889700.000,-27889920.000,69458,5658000.00
2003-11-26 00:00:00,-27889890.000,-27890170.000,-27889890.000,-27890060.000,30451,2460000.00
2003-11-27 00:00:00,-27890060.000,-27890170.000,-27889780.000,-27890140.000,48671,3935000.00
2003-11-28 00:00:00,-27890080.000,-27890140.000,-27890030.000,-27890110.000,31936,2572000.00
2003-12-01 00:00:00,-27890110.000,-27890110.000,-27889860.000,-27889890.000,50700,4100000.00
2003-12-02 00:00:00,-27889860.000,-27889950.000,-27889480.000,-27889860.000,46726,3810000.00
2003-12-03 00:00:00,-27889840.000,-27889920.000,-27889610.000,-27889810.000,68213,5572000.00
2003-12-04 00:00:00,-27889750.000,-27889840.000,-27889700.000,-27889730.000,45523,3720000.00
2003-12-05 00:00:00,-27889700.000,-27889730.000,-27889370.000,-27889390.000,74616,6154000.00
2003-12-08 00:00:00,-27889370.000,-27889480.000,-27889200.000,-27889420.000,64893,5407000.00
2003-12-09 00:00:00,-27889480.000,-27889590.000,-27889090.000,-27889120.000,89768,7471000.00
2003-12-10 00:00:00,-27889140.000,-27889230.000,-27888900.000,-27888900.000,68231,5755000.00
2003-12-11 00:00:00,-27888870.000,-27888950.000,-27888790.000,-27888900.000,91571,7778000.00
2003-12-12 00:00:00,-27888920.000,-27888980.000,-27888810.000,-27888870.000,45123,3828000.00
2003-12-15 00:00:00,-27888730.000,-27888920.000,-27888620.000,-27888650.000,70134,5983000.00
2003-12-16 00:00:00,-27888730.000,-27889030.000,-27888680.000,-27888760.000,101858,8646000.00
2003-12-17 00:00:00,-27888920.000,-27888950.000,-27888730.000,-27888790.000,57120,4861000.00
2003-12-18 00:00:00,-27888870.000,-27889140.000,-27888790.000,-27888790.000,86897,7382000.00
2003-12-19 00:00:00,-27888840.000,-27889030.000,-27888730.000,-27888900.000,60595,5154000.00
2003-12-22 00:00:00,-27888870.000,-27888870.000,-27888540.000,-27888560.000,108878,9327000.00
2003-12-23 00:00:00,-27888450.000,-27888540.000,-27888230.000,-27888370.000,189216,16408000.00
2003-12-24 00:00:00,-27888370.000,-27888370.000,-27887510.000,-27887710.000,163289,14337000.00
2003-12-25 00:00:00,-27887540.000,-27887680.000,-27887400.000,-27887400.000,163373,14670000.00
2003-12-26 00:00:00,-27887400.000,-27887570.000,-27886930.000,-27887020.000,79845,7221000.00
2003-12-29 00:00:00,-27886930.000,-27886960.000,-27886460.000,-27886710.000,108941,10100000.00
2003-12-30 00:00:00,-27886710.000,-27887130.000,-27886520.000,-27886550.000,123277,11418000.00
2003-12-31 00:00:00,-27886600.000,-27886930.000,-27886300.000,-27886380.000,207890,19460000.00
2004-01-02 00:00:00,-27886490.000,-27886630.000,-27885970.000,-27886190.000,98035,9289000.00
2004-01-05 00:00:00,-27886160.000,-27886330.000,-27885440.000,-27885440.000,105427,10147000.00
2004-01-06 00:00:00,-27885330.000,-27885500.000,-27885080.000,-27885190.000,73004,7151000.00
2004-01-07 00:00:00,-27885220.000,-27885360.000,-27884830.000,-27885110.000,77114,7607000.00
2004-01-08 00:00:00,-27885140.000,-27885550.000,-27885050.000,-27885390.000,79328,7756000.00
2004-01-09 00:00:00,-27885410.000,-27886630.000,-27885390.000,-27886350.000,123711,11861000.00
2004-01-12 00:00:00,-27886300.000,-27886350.000,-27885720.000,-27885910.000,67194,6369000.00
2004-01-13 00:00:00,-27885940.000,-27886440.000,-27885830.000,-27886190.000,81060,7684000.00
2004-01-14 00:00:00,-27886130.000,-27886440.000,-27886130.000,-27886350.000,70940,6682000.00
2004-01-15 00:00:00,-27886380.000,-27886440.000,-27886270.000,-27886350.000,51238,4822000.00
2004-01-16 00:00:00,-27886380.000,-27886440.000,-27886100.000,-27886100.000,22428,2115000.00
2004-01-29 00:00:00,-27886270.000,-27886270.000,-27885860.000,-27885860.000,15370,1461000.00
2004-01-30 00:00:00,-27885910.000,-27886130.000,-27885830.000,-27885910.000,88704,8493000.00
2004-02-02 00:00:00,-27885360.000,-27885910.000,-27884970.000,-27885410.000,243904,23911000.00
2004-02-03 00:00:00,-27885410.000,-27885550.000,-27885250.000,-27885330.000,24664,2405000.00
2004-02-04 00:00:00,-27885500.000,-27885500.000,-27885110.000,-27885140.000,108815,10664000.00
2004-02-05 00:00:00,-27885140.000,-27885170.000,-27884920.000,-27885030.000,77864,7695000.00
2004-02-06 00:00:00,-27885050.000,-27885280.000,-27885000.000,-27885220.000,41565,4095000.00
2004-02-09 00:00:00,-27885280.000,-27885280.000,-27885110.000,-27885140.000,63549,6240000.00
2004-02-10 00:00:00,-27885110.000,-27885440.000,-27885110.000,-27885390.000,44288,4350000.00
2004-02-11 00:00:00,-27885550.000,-27885940.000,-27885440.000,-27885860.000,57163,5484000.00
2004-02-12 00:00:00,-27885860.000,-27885940.000,-27885770.000,-27885940.000,40790,3903000.00
2004-02-13 00:00:00,-27885970.000,-27885970.000,-27885880.000,-27885940.000,15716,1503000.00
2004-02-16 00:00:00,-27885970.000,-27885970.000,-27885580.000,-27885660.000,60639,5826000.00
2004-02-17 00:00:00,-27885580.000,-27885660.000,-27885410.000,-27885520.000,89176,8662000.00
2004-02-18 00:00:00,-27885440.000,-27885610.000,-27885410.000,-27885550.000,33831,3287000.00
2004-02-19 00:00:00,-27885550.000,-27885800.000,-27885550.000,-27885750.000,23106,2224000.00
2004-02-20 00:00:00,-27885770.000,-27885830.000,-27885660.000,-27885660.000,73336,7058000.00
2004-02-23 00:00:00,-27885690.000,-27886330.000,-27885660.000,-27886240.000,35803,3427000.00
2004-02-24 00:00:00,-27886240.000,-27886630.000,-27886220.000,-27886520.000,34955,3274000.00
2004-02-25 00:00:00,-27886490.000,-27886710.000,-27886410.000,-27886570.000,25932,2418000.00
2004-02-26 00:00:00,-27886660.000,-27887040.000,-27886660.000,-27886800.000,33701,3104000.00
2004-02-27 00:00:00,-27886710.000,-27886770.000,-27886100.000,-27886630.000,25730,2400000.00
2004-03-01 00:00:00,-27886520.000,-27886710.000,-27886520.000,-27886630.000,8645,804000.00
2004-03-02 00:00:00,-27886660.000,-27886690.000,-27886600.000,-27886660.000,13247,1232000.00
2004-03-03 00:00:00,-27886800.000,-27886800.000,-27886600.000,-27886690.000,27338,2543000.00
2004-03-04 00:00:00,-27886740.000,-27887180.000,-27886600.000,-27886660.000,23148,2144000.00
2004-03-05 00:00:00,-27886660.000,-27886850.000,-27886300.000,-27886330.000,36149,3380000.00
2004-03-08 00:00:00,-27886240.000,-27886240.000,-27884890.000,-27885750.000,135971,13200000.00
2004-03-09 00:00:00,-27885830.000,-27885880.000,-27885300.000,-27885470.000,215230,20885000.00
2004-03-10 00:00:00,-27885440.000,-27885440.000,-27885050.000,-27885140.000,81074,7969000.00
2004-03-11 00:00:00,-27885280.000,-27885280.000,-27885030.000,-27885140.000,61231,6030000.00
2004-03-12 00:00:00,-27885140.000,-27885330.000,-27884920.000,-27884970.000,87089,8608000.00
2004-03-15 00:00:00,-27885000.000,-27885140.000,-27884750.000,-27884830.000,50254,5001000.00
2004-03-16 00:00:00,-27884860.000,-27884860.000,-27884500.000,-27884700.000,69115,6932000.00
2004-03-17 00:00:00,-27884720.000,-27884830.000,-27884610.000,-27884700.000,46544,4651000.00
2004-03-18 00:00:00,-27884720.000,-27884830.000,-27884610.000,-27884810.000,47255,4724000.00
2004-03-19 00:00:00,-27884920.000,-27885000.000,-27884640.000,-27884670.000,52801,5264000.00
2004-03-22 00:00:00,-27884700.000,-27884700.000,-27883730.000,-27884090.000,57524,5855000.00
2004-03-23 00:00:00,-27884580.000,-27884580.000,-27884230.000,-27884360.000,17436,1766000.00
2004-03-24 00:00:00,-27884390.000,-27884720.000,-27884310.000,-27884640.000,54828,5518000.00
2004-03-25 00:00:00,-27884640.000,-27884750.000,-27884470.000,-27884610.000,55518,5565000.00
2004-03-26 00:00:00,-27884700.000,-27884890.000,-27884670.000,-27884720.000,18319,1827000.00
2004-03-29 00:00:00,-27884830.000,-27885110.000,-27884810.000,-27885110.000,37254,3685000.00
2004-03-30 00:00:00,-27885250.000,-27885250.000,-27885110.000,-27885140.000,12929,1272000.00
2004-03-31 00:00:00,-27885140.000,-27885140.000,-27884780.000,-27885080.000,28742,2847000.00
2004-04-01 00:00:00,-27885080.000,-27885250.000,-27884860.000,-27884920.000,9586,948000.00
2004-04-02 00:00:00,-27884940.000,-27884940.000,-27884310.000,-27884670.000,47014,4725000.00
2004-04-05 00:00:00,-27884610.000,-27884720.000,-27884470.000,-27884670.000,29821,2991000.00
2004-04-06 00:00:00,-27884670.000,-27884750.000,-27884500.000,-27884560.000,53236,5345000.00
2004-04-07 00:00:00,-27884700.000,-27884720.000,-27884340.000,-27884470.000,31934,3215000.00
2004-04-08 00:00:00,-27884500.000,-27884720.000,-27884450.000,-27884670.000,20917,2106000.00
2004-04-09 00:00:00,-27884670.000,-27885000.000,-27884580.000,-27885000.000,27696,2758000.00
2004-04-12 00:00:00,-27885030.000,-27885300.000,-27885000.000,-27885080.000,26107,2569000.00
2004-04-13 00:00:00,-27885080.000,-27885330.000,-27884970.000,-27885300.000,16731,1644000.00
2004-04-14 00:00:00,-27885280.000,-27885720.000,-27885280.000,-27885640.000,35905,3482000.00
2004-04-15 00:00:00,-27885550.000,-27885990.000,-27885550.000,-27885940.000,32445,3113000.00
2004-04-16 00:00:00,-27885970.000,-27886160.000,-27885880.000,-27885910.000,14190,1352000.00
2004-04-19 00:00:00,-27885880.000,-27886160.000,-27885640.000,-27886100.000,7574,725000.00
2004-04-20 00:00:00,-27886100.000,-27886240.000,-27886100.000,-27886160.000,8224,779000.00
2004-04-21 00:00:00,-27886160.000,-27886300.000,-27886100.000,-27886270.000,5643,533000.00
2004-04-22 00:00:00,-27886240.000,-27886330.000,-27886050.000,-27886220.000,6993,661000.00
2004-04-23 00:00:00,-27886300.000,-27886630.000,-27886160.000,-27886330.000,12595,1184000.00
2004-04-26 00:00:00,-27886440.000,-27886600.000,-27886330.000,-27886570.000,8862,827000.00
2004-04-27 00:00:00,-27886770.000,-27886770.000,-27886570.000,-27886690.000,5879,546000.00
2004-04-28 00:00:00,-27886880.000,-27886910.000,-27886690.000,-27886690.000,7146,659000.00
2004-04-29 00:00:00,-27886850.000,-27887160.000,-27886690.000,-27887160.000,17770,1630000.00
2004-04-30 00:00:00,-27887130.000,-27887210.000,-27886490.000,-27887040.000,5536,507000.00
2004-05-10 00:00:00,-27886990.000,-27887430.000,-27886990.000,-27887400.000,24325,2214000.00
2004-05-11 00:00:00,-27887400.000,-27887460.000,-27887350.000,-27887380.000,6084,549000.00
2004-05-12 00:00:00,-27887460.000,-27887460.000,-27886990.000,-27886990.000,3616,328000.00
2004-05-13 00:00:00,-27886930.000,-27887130.000,-27886930.000,-27887070.000,8490,777000.00
2004-05-14 00:00:00,-27887070.000,-27887290.000,-27887070.000,-27887270.000,4528,411000.00
2004-05-17 00:00:00,-27887270.000,-27887460.000,-27887270.000,-27887380.000,4131,373000.00
2004-05-18 00:00:00,-27887380.000,-27887760.000,-27887320.000,-27887350.000,16526,1491000.00
2004-05-19 00:00:00,-27887240.000,-27887270.000,-27887070.000,-27887180.000,15091,1376000.00
2004-05-20 00:00:00,-27887180.000,-27887210.000,-27886800.000,-27886990.000,58823,5410000.00
2004-05-21 00:00:00,-27886990.000,-27886990.000,-27886460.000,-27886460.000,38429,3564000.00
2004-05-24 00:00:00,-27886520.000,-27886520.000,-27886350.000,-27886380.000,33979,3190000.00
2004-05-25 00:00:00,-27886660.000,-27886930.000,-27886440.000,-27886910.000,14079,1307000.00
2004-05-26 00:00:00,-27886990.000,-27887130.000,-27886820.000,-27886880.000,6783,622000.00
2004-05-27 00:00:00,-27886930.000,-27886960.000,-27886520.000,-27886600.000,26407,2448000.00
2004-05-28 00:00:00,-27886520.000,-27886740.000,-27886520.000,-27886690.000,12183,1133000.00
2004-05-31 00:00:00,-27886660.000,-27886660.000,-27886550.000,-27886550.000,11803,1100000.00
2004-06-01 00:00:00,-27886490.000,-27886630.000,-27886220.000,-27886300.000,38315,3609000.00
2004-06-02 00:00:00,-27886330.000,-27886660.000,-27886330.000,-27886660.000,21267,1987000.00
2004-06-03 00:00:00,-27886850.000,-27887040.000,-27886800.000,-27886990.000,10256,943000.00
2004-06-04 00:00:00,-27886960.000,-27887040.000,-27886800.000,-27886800.000,2267,208000.00
2004-06-07 00:00:00,-27886990.000,-27887040.000,-27886820.000,-27886990.000,9478,870000.00
2004-06-08 00:00:00,-27887270.000,-27887290.000,-27887130.000,-27887210.000,5811,529000.00
2004-06-09 00:00:00,-27887210.000,-27887710.000,-27887210.000,-27887650.000,26396,2375000.00
2004-06-10 00:00:00,-27887650.000,-27888010.000,-27887600.000,-27887850.000,15372,1368000.00
2004-06-11 00:00:00,-27887960.000,-27887960.000,-27887620.000,-27887850.000,7692,683000.00
2004-06-14 00:00:00,-27888320.000,-27888590.000,-27888040.000,-27888510.000,6697,580000.00
2004-06-15 00:00:00,-27888700.000,-27888870.000,-27888510.000,-27888620.000,9917,850000.00
2004-06-16 00:00:00,-27888680.000,-27888870.000,-27888540.000,-27888560.000,29282,2506000.00
2004-06-17 00:00:00,-27888590.000,-27889140.000,-27888590.000,-27889140.000,13045,1111000.00
2004-06-18 00:00:00,-27889140.000,-27889670.000,-27889140.000,-27889590.000,5704,473000.00
2004-06-21 00:00:00,-27889700.000,-27889860.000,-27889560.000,-27889610.000,3439,281000.00
2004-06-22 00:00:00,-27889560.000,-27889750.000,-27889530.000,-27889750.000,15616,1281000.00
2004-06-23 00:00:00,-27889670.000,-27890170.000,-27889670.000,-27890030.000,21308,1728000.00
2004-06-24 00:00:00,-27889970.000,-27890330.000,-27889970.000,-27890200.000,65900,5276000.00
2004-06-25 00:00:00,-27890250.000,-27890530.000,-27890250.000,-27890420.000,29196,2320000.00
2004-06-28 00:00:00,-27890360.000,-27890660.000,-27890330.000,-27890470.000,17779,1409000.00
2004-06-29 00:00:00,-27890580.000,-27890580.000,-27890140.000,-27890200.000,16498,1312000.00
2004-06-30 00:00:00,-27890200.000,-27890200.000,-27890060.000,-27890200.000,12316,989000.00
2004-07-01 00:00:00,-27890140.000,-27890250.000,-27889700.000,-27889700.000,23075,1877000.00
2004-07-02 00:00:00,-27889420.000,-27889890.000,-27889420.000,-27889750.000,13337,1090000.00
2004-07-05 00:00:00,-27889700.000,-27889840.000,-27889640.000,-27889640.000,11387,932000.00
2004-07-06 00:00:00,-27889670.000,-27889750.000,-27889420.000,-27889730.000,23319,1922000.00
2004-07-07 00:00:00,-27889750.000,-27889860.000,-27889700.000,-27889810.000,4483,365000.00
2004-07-08 00:00:00,-27889920.000,-27889920.000,-27889750.000,-27889840.000,9446,770000.00
2004-07-09 00:00:00,-27889780.000,-27889840.000,-27889700.000,-27889840.000,7605,621000.00
2004-07-12 00:00:00,-27889840.000,-27890170.000,-27889840.000,-27890140.000,15173,1225000.00
2004-07-13 00:00:00,-27890170.000,-27890220.000,-27890030.000,-27890110.000,4298,345000.00
2004-07-14 00:00:00,-27890110.000,-27890220.000,-27890000.000,-27890080.000,10624,853000.00
2004-07-15 00:00:00,-27890110.000,-27890250.000,-27889920.000,-27890030.000,9376,754000.00
2004-07-16 00:00:00,-27889970.000,-27889970.000,-27889450.000,-27889480.000,18698,1532000.00
2004-07-19 00:00:00,-27889370.000,-27889390.000,-27889140.000,-27889280.000,15987,1334000.00
2004-07-20 00:00:00,-27889340.000,-27889450.000,-27889340.000,-27889420.000,7972,662000.00
2004-07-21 00:00:00,-27889560.000,-27889560.000,-27889370.000,-27889450.000,7438,615000.00
2004-07-22 00:00:00,-27889450.000,-27889810.000,-27889420.000,-27889810.000,7677,631000.00
2004-07-23 00:00:00,-27889810.000,-27890030.000,-27889810.000,-27889970.000,7358,596000.00
2004-07-26 00:00:00,-27890080.000,-27890200.000,-27890000.000,-27890060.000,7238,583000.00
2004-07-27 00:00:00,-27890030.000,-27890140.000,-27889970.000,-27890080.000,5721,462000.00
2004-07-28 00:00:00,-27890080.000,-27890080.000,-27889860.000,-27889890.000,17003,1379000.00
2004-07-29 00:00:00,-27889970.000,-27889970.000,-27889810.000,-27889810.000,6979,567000.00
2004-07-30 00:00:00,-27889810.000,-27889970.000,-27889780.000,-27889970.000,6437,523000.00
2004-08-02 00:00:00,-27889970.000,-27890110.000,-27889970.000,-27890110.000,4464,360000.00
2004-08-03 00:00:00,-27890110.000,-27890110.000,-27889970.000,-27890060.000,3461,279000.00
2004-08-04 00:00:00,-27890030.000,-27890080.000,-27889560.000,-27889640.000,12941,1057000.00
2004-08-05 00:00:00,-27889750.000,-27889840.000,-27889640.000,-27889840.000,3831,313000.00
2004-08-06 00:00:00,-27889950.000,-27889950.000,-27889780.000,-27889810.000,7667,624000.00
2004-08-09 00:00:00,-27889970.000,-27890110.000,-27889810.000,-27889950.000,7164,580000.00
2004-08-10 00:00:00,-27889700.000,-27890030.000,-27889700.000,-27889920.000,1448,117000.00
2004-08-11 00:00:00,-27889890.000,-27890030.000,-27889890.000,-27889950.000,6568,532000.00
2004-08-12 00:00:00,-27889970.000,-27890220.000,-27889970.000,-27890170.000,7205,580000.00
2004-08-13 00:00:00,-27890110.000,-27890250.000,-27890110.000,-27890250.000,4364,349000.00
2004-08-16 00:00:00,-27890250.000,-27890310.000,-27890110.000,-27890170.000,5066,405000.00
2004-08-17 00:00:00,-27890220.000,-27890280.000,-27890060.000,-27890280.000,36163,2902000.00
2004-08-18 00:00:00,-27890200.000,-27890200.000,-27890110.000,-27890170.000,4970,399000.00
2004-08-19 00:00:00,-27890220.000,-27890220.000,-27890110.000,-27890220.000,5852,469000.00
2004-08-20 00:00:00,-27890220.000,-27890250.000,-27889970.000,-27889970.000,28566,2299000.00
2004-08-23 00:00:00,-27889950.000,-27890140.000,-27889840.000,-27890110.000,5677,459000.00
2004-08-24 00:00:00,-27890080.000,-27890080.000,-27889860.000,-27889970.000,6902,560000.00
2004-08-25 00:00:00,-27889970.000,-27890030.000,-27889890.000,-27889950.000,3645,295000.00
2004-08-26 00:00:00,-27890000.000,-27890030.000,-27889950.000,-27890000.000,4821,390000.00
2004-08-27 00:00:00,-27889970.000,-27890080.000,-27889970.000,-27890000.000,6634,536000.00
2004-08-30 00:00:00,-27890060.000,-27890140.000,-27890030.000,-27890030.000,1654,133000.00
2004-08-31 00:00:00,-27889840.000,-27889970.000,-27889780.000,-27889890.000,36177,2937000.00
2004-09-01 00:00:00,-27889970.000,-27890080.000,-27889970.000,-27890030.000,54543,4412000.00
2004-09-02 00:00:00,-27890060.000,-27890110.000,-27889970.000,-27890030.000,17096,1379000.00
2004-09-03 00:00:00,-27890030.000,-27890110.000,-27889890.000,-27890000.000,81229,6572000.00
2004-09-06 00:00:00,-27889950.000,-27890080.000,-27889950.000,-27890000.000,10481,848000.00
2004-09-07 00:00:00,-27890030.000,-27890030.000,-27889860.000,-27889860.000,101867,8260000.00
2004-09-08 00:00:00,-27889950.000,-27889950.000,-27889810.000,-27889840.000,17066,1389000.00
2004-09-09 00:00:00,-27889890.000,-27890250.000,-27889890.000,-27890110.000,10829,875000.00
2004-09-10 00:00:00,-27890110.000,-27890250.000,-27890110.000,-27890140.000,4924,394000.00
2004-09-13 00:00:00,-27890220.000,-27890440.000,-27890220.000,-27890420.000,6336,504000.00
2004-09-14 00:00:00,-27890390.000,-27890390.000,-27889970.000,-27890080.000,4792,385000.00
2004-09-15 00:00:00,-27889480.000,-27889640.000,-27889280.000,-27889450.000,36635,3032000.00
2004-09-16 00:00:00,-27889420.000,-27889700.000,-27889390.000,-27889480.000,24426,2018000.00
2004-09-17 00:00:00,-27889560.000,-27889610.000,-27888920.000,-27888950.000,36760,3059000.00
2004-09-20 00:00:00,-27888870.000,-27889010.000,-27888400.000,-27888400.000,76426,6529000.00
2004-09-21 00:00:00,-27888040.000,-27888590.000,-27887540.000,-27888320.000,139561,12285000.00
2004-09-22 00:00:00,-27888560.000,-27889420.000,-27888480.000,-27889260.000,140038,11772000.00
2004-09-23 00:00:00,-27889260.000,-27889420.000,-27888730.000,-27888790.000,44389,3726000.00
2004-09-24 00:00:00,-27888730.000,-27889090.000,-27888340.000,-27889010.000,68141,5829000.00
2004-09-27 00:00:00,-27888730.000,-27889140.000,-27888590.000,-27889090.000,46268,3926000.00
2004-09-28 00:00:00,-27889010.000,-27889170.000,-27888900.000,-27888920.000,21425,1805000.00
2004-09-29 00:00:00,-27889010.000,-27889140.000,-27888950.000,-27889060.000,15732,1325000.00
2004-09-30 00:00:00,-27889260.000,-27889640.000,-27889090.000,-27889560.000,23254,1929000.00
2004-10-08 00:00:00,-27889560.000,-27889750.000,-27889310.000,-27889390.000,19995,1649000.00
2004-10-11 00:00:00,-27889310.000,-27889480.000,-27889140.000,-27889280.000,46223,3855000.00
2004-10-12 00:00:00,-27889390.000,-27889480.000,-27889280.000,-27889480.000,17724,1472000.00
2004-10-13 00:00:00,-27889610.000,-27889610.000,-27889420.000,-27889420.000,7514,622000.00
2004-10-14 00:00:00,-27889420.000,-27890200.000,-27889420.000,-27890000.000,23361,1911000.00
2004-10-15 00:00:00,-27890110.000,-27890250.000,-27889970.000,-27890000.000,40459,3251000.00
2004-10-18 00:00:00,-27889920.000,-27890000.000,-27889810.000,-27889810.000,9483,771000.00
2004-10-19 00:00:00,-27889780.000,-27889780.000,-27889590.000,-27889610.000,12276,1009000.00
2004-10-20 00:00:00,-27889700.000,-27889860.000,-27889560.000,-27889730.000,17257,1415000.00
2004-10-21 00:00:00,-27889730.000,-27889810.000,-27889610.000,-27889730.000,17070,1398000.00
2004-10-22 00:00:00,-27889730.000,-27889970.000,-27889390.000,-27889480.000,33643,2777000.00
2004-10-25 00:00:00,-27889280.000,-27889390.000,-27889090.000,-27889370.000,28765,2400000.00
2004-10-26 00:00:00,-27889370.000,-27889530.000,-27889340.000,-27889340.000,25890,2148000.00
2004-10-27 00:00:00,-27889340.000,-27889420.000,-27889280.000,-27889340.000,54247,4518000.00
2004-10-28 00:00:00,-27889280.000,-27889480.000,-27889200.000,-27889480.000,41315,3443000.00
2004-10-29 00:00:00,-27889610.000,-27889810.000,-27889590.000,-27889670.000,26490,2172000.00
2004-11-01 00:00:00,-27889700.000,-27889780.000,-27889590.000,-27889730.000,9240,758000.00
2004-11-02 00:00:00,-27889750.000,-27889970.000,-27889750.000,-27889810.000,9680,788000.00
2004-11-03 00:00:00,-27889750.000,-27889840.000,-27889590.000,-27889590.000,18864,1545000.00
2004-11-04 00:00:00,-27889590.000,-27889700.000,-27889450.000,-27889700.000,31649,2612000.00
2004-11-05 00:00:00,-27889700.000,-27889730.000,-27889610.000,-27889610.000,21125,1735000.00
2004-11-08 00:00:00,-27889670.000,-27889780.000,-27889560.000,-27889610.000,6009,493000.00
2004-11-09 00:00:00,-27889560.000,-27889560.000,-27889450.000,-27889480.000,16653,1377000.00
2004-11-10 00:00:00,-27889480.000,-27889500.000,-27888870.000,-27889010.000,40507,3406000.00
2004-11-11 00:00:00,-27889060.000,-27889120.000,-27888870.000,-27889120.000,30130,2549000.00
2004-11-12 00:00:00,-27889090.000,-27889170.000,-27889030.000,-27889090.000,23534,1980000.00
2004-11-15 00:00:00,-27889060.000,-27889060.000,-27888870.000,-27888870.000,19425,1647000.00
2004-11-16 00:00:00,-27888950.000,-27889010.000,-27888840.000,-27888870.000,31837,2704000.00
2004-11-17 00:00:00,-27888900.000,-27889090.000,-27888900.000,-27889090.000,13932,1176000.00
2004-11-18 00:00:00,-27889090.000,-27889090.000,-27888950.000,-27888980.000,23611,1996000.00
2004-11-19 00:00:00,-27889010.000,-27889010.000,-27888540.000,-27888540.000,39513,3376000.00
2004-11-22 00:00:00,-27888540.000,-27888540.000,-27888040.000,-27888090.000,51821,4524000.00
2004-11-23 00:00:00,-27888090.000,-27888260.000,-27887960.000,-27888210.000,31627,2778000.00
2004-11-24 00:00:00,-27888210.000,-27888230.000,-27888040.000,-27888180.000,21898,1920000.00
2004-11-25 00:00:00,-27888210.000,-27888400.000,-27888180.000,-27888340.000,20944,1822000.00
2004-11-26 00:00:00,-27888340.000,-27888340.000,-27888010.000,-27888040.000,30588,2683000.00
2004-11-29 00:00:00,-27888090.000,-27888090.000,-27887350.000,-27887900.000,74823,6662000.00
2004-11-30 00:00:00,-27887850.000,-27888040.000,-27887740.000,-27887740.000,45258,4002000.00
2004-12-01 00:00:00,-27887760.000,-27887900.000,-27887490.000,-27887650.000,28624,2562000.00
2004-12-02 00:00:00,-27887710.000,-27888010.000,-27887710.000,-27887930.000,17867,1579000.00
2004-12-03 00:00:00,-27888040.000,-27888040.000,-27887600.000,-27887620.000,19463,1738000.00
2004-12-06 00:00:00,-27887650.000,-27887930.000,-27887620.000,-27887680.000,10255,913000.00
2004-12-07 00:00:00,-27887900.000,-27887980.000,-27887760.000,-27887980.000,7772,688000.00
2004-12-08 00:00:00,-27887980.000,-27888040.000,-27887790.000,-27888040.000,11938,1055000.00
2004-12-09 00:00:00,-27888010.000,-27888070.000,-27887600.000,-27887740.000,20769,1841000.00
2004-12-10 00:00:00,-27887760.000,-27888010.000,-27887650.000,-27887960.000,15580,1383000.00
2004-12-13 00:00:00,-27887960.000,-27888010.000,-27887900.000,-27887980.000,10607,936000.00
2004-12-14 00:00:00,-27887960.000,-27887960.000,-27887650.000,-27887760.000,11601,1032000.00
2004-12-15 00:00:00,-27887760.000,-27887790.000,-27887570.000,-27887600.000,16096,1438000.00
2004-12-16 00:00:00,-27887710.000,-27887710.000,-27887460.000,-27887540.000,25325,2276000.00
2004-12-17 00:00:00,-27887490.000,-27887740.000,-27887490.000,-27887570.000,20943,1874000.00
2004-12-20 00:00:00,-27887760.000,-27888040.000,-27887760.000,-27887980.000,26918,2376000.00
2004-12-21 00:00:00,-27888320.000,-27888320.000,-27887900.000,-27888010.000,15123,1330000.00
2004-12-22 00:00:00,-27888010.000,-27888010.000,-27887680.000,-27887710.000,9470,840000.00
2004-12-23 00:00:00,-27887740.000,-27888040.000,-27887740.000,-27888040.000,11213,991000.00
2004-12-24 00:00:00,-27887210.000,-27888040.000,-27887210.000,-27887980.000,14599,1291000.00
2004-12-27 00:00:00,-27887980.000,-27888150.000,-27887930.000,-27888120.000,7402,650000.00
2004-12-28 00:00:00,-27888090.000,-27888400.000,-27888070.000,-27888340.000,9489,826000.00
2004-12-29 00:00:00,-27888320.000,-27888370.000,-27888210.000,-27888210.000,5736,499000.00
2004-12-30 00:00:00,-27888260.000,-27888340.000,-27888040.000,-27888150.000,45816,4002000.00
2004-12-31 00:00:00,-27888180.000,-27888210.000,-27888070.000,-27888210.000,5626,492000.00
2005-01-04 00:00:00,-27888210.000,-27889140.000,-27888210.000,-27888400.000,10977,950000.00
2005-01-05 00:00:00,-27888430.000,-27888480.000,-27888210.000,-27888320.000,26342,2285000.00
2005-01-06 00:00:00,-27888370.000,-27888560.000,-27888320.000,-27888540.000,5593,483000.00
2005-01-07 00:00:00,-27888590.000,-27888790.000,-27888480.000,-27888700.000,7717,664000.00
2005-01-10 00:00:00,-27888730.000,-27888870.000,-27888700.000,-27888760.000,9840,840000.00
2005-01-11 00:00:00,-27888700.000,-27888810.000,-27888700.000,-27888790.000,6991,596000.00
2005-01-12 00:00:00,-27888790.000,-27888870.000,-27888760.000,-27888790.000,9960,848000.00
2005-01-13 00:00:00,-27888730.000,-27888730.000,-27888560.000,-27888680.000,35210,3015000.00
2005-01-14 00:00:00,-27888700.000,-27888700.000,-27888510.000,-27888560.000,8885,764000.00
2005-01-17 00:00:00,-27888560.000,-27888700.000,-27888560.000,-27888650.000,11374,976000.00
2005-01-18 00:00:00,-27888650.000,-27888760.000,-27888560.000,-27888560.000,16720,1434000.00
2005-01-19 00:00:00,-27888560.000,-27888650.000,-27888510.000,-27888620.000,22628,1948000.00
2005-01-20 00:00:00,-27888840.000,-27888900.000,-27888700.000,-27888870.000,6781,577000.00
2005-01-21 00:00:00,-27888900.000,-27889060.000,-27888450.000,-27888480.000,20789,1774000.00
2005-01-24 00:00:00,-27888450.000,-27888480.000,-27888340.000,-27888430.000,10789,934000.00
2005-01-25 00:00:00,-27888480.000,-27888730.000,-27888480.000,-27888590.000,5102,437000.00
2005-01-26 00:00:00,-27888590.000,-27888870.000,-27888590.000,-27888790.000,7440,635000.00
2005-01-27 00:00:00,-27888870.000,-27888870.000,-27888680.000,-27888730.000,5141,438000.00
2005-01-28 00:00:00,-27889140.000,-27889140.000,-27888700.000,-27888840.000,3046,259000.00
2005-01-31 00:00:00,-27888870.000,-27889010.000,-27888590.000,-27888590.000,11248,957000.00
2005-02-01 00:00:00,-27888620.000,-27888790.000,-27888340.000,-27888430.000,17320,1500000.00
2005-02-02 00:00:00,-27888590.000,-27888590.000,-27887820.000,-27887850.000,39941,3512000.00
2005-02-03 00:00:00,-27887850.000,-27888040.000,-27887820.000,-27887930.000,20056,1773000.00
2005-02-04 00:00:00,-27888320.000,-27888430.000,-27887680.000,-27887740.000,43926,3903000.00
2005-02-16 00:00:00,-27887740.000,-27887870.000,-27887540.000,-27887790.000,20893,1866000.00
2005-02-17 00:00:00,-27887930.000,-27888070.000,-27887790.000,-27887960.000,9319,822000.00
2005-02-18 00:00:00,-27888040.000,-27888210.000,-27887820.000,-27888180.000,11987,1056000.00
2005-02-21 00:00:00,-27888150.000,-27888150.000,-27887900.000,-27887980.000,9472,833000.00
2005-02-22 00:00:00,-27887980.000,-27888040.000,-27887760.000,-27887790.000,12932,1146000.00
2005-02-23 00:00:00,-27887760.000,-27887960.000,-27887760.000,-27887900.000,14221,1261000.00
2005-02-24 00:00:00,-27887960.000,-27888040.000,-27887930.000,-27887930.000,5033,443000.00
2005-02-25 00:00:00,-27888040.000,-27888040.000,-27887760.000,-27887870.000,7486,663000.00
2005-02-28 00:00:00,-27887850.000,-27887930.000,-27887620.000,-27887680.000,24614,2189000.00
2005-03-01 00:00:00,-27887680.000,-27887760.000,-27887620.000,-27887680.000,33759,3013000.00
2005-03-02 00:00:00,-27887680.000,-27887710.000,-27887540.000,-27887710.000,32669,2924000.00
2005-03-03 00:00:00,-27887710.000,-27887790.000,-27887620.000,-27887620.000,48855,4355000.00
2005-03-04 00:00:00,-27887820.000,-27887820.000,-27887600.000,-27887710.000,19126,1705000.00
2005-03-07 00:00:00,-27887820.000,-27887850.000,-27887600.000,-27887650.000,33297,2978000.00
2005-03-08 00:00:00,-27887620.000,-27887620.000,-27887270.000,-27887270.000,69687,6275000.00
2005-03-09 00:00:00,-27887240.000,-27887270.000,-27887130.000,-27887240.000,43345,3946000.00
2005-03-10 00:00:00,-27887210.000,-27887400.000,-27886930.000,-27887240.000,71901,6570000.00
2005-03-11 00:00:00,-27887290.000,-27887290.000,-27887040.000,-27887070.000,42880,3910000.00
2005-03-14 00:00:00,-27887070.000,-27887100.000,-27886630.000,-27886630.000,51791,4796000.00
2005-03-15 00:00:00,-27886740.000,-27886880.000,-27886600.000,-27886880.000,39341,3652000.00
2005-03-16 00:00:00,-27886910.000,-27887240.000,-27886880.000,-27887210.000,17214,1569000.00
2005-03-17 00:00:00,-27887210.000,-27887380.000,-27887160.000,-27887240.000,28888,2622000.00
2005-03-18 00:00:00,-27887270.000,-27887270.000,-27887180.000,-27887180.000,25334,2303000.00
2005-03-21 00:00:00,-27887210.000,-27887290.000,-27887070.000,-27887100.000,38443,3501000.00
2005-03-22 00:00:00,-27887100.000,-27887180.000,-27886930.000,-27887020.000,14590,1332000.00
2005-03-23 00:00:00,-27887100.000,-27887100.000,-27886710.000,-27886880.000,23965,2207000.00
2005-03-24 00:00:00,-27886880.000,-27887290.000,-27886850.000,-27887160.000,12208,1118000.00
2005-03-25 00:00:00,-27887210.000,-27887240.000,-27886710.000,-27886800.000,35163,3245000.00
2005-03-28 00:00:00,-27886930.000,-27887160.000,-27886690.000,-27886690.000,16387,1507000.00
2005-03-29 00:00:00,-27886710.000,-27886710.000,-27886350.000,-27886570.000,35450,3319000.00
2005-03-30 00:00:00,-27886570.000,-27887210.000,-27886300.000,-27887070.000,31364,2908000.00
2005-03-31 00:00:00,-27887070.000,-27887100.000,-27886800.000,-27886820.000,97861,8987000.00
2005-04-01 00:00:00,-27886820.000,-27886820.000,-27886330.000,-27886410.000,31202,2916000.00
2005-04-04 00:00:00,-27886410.000,-27886880.000,-27886240.000,-27886380.000,29129,2723000.00
2005-04-05 00:00:00,-27886380.000,-27886490.000,-27886220.000,-27886220.000,29275,2763000.00
2005-04-06 00:00:00,-27886300.000,-27886350.000,-27886080.000,-27886080.000,33833,3206000.00
2005-04-07 00:00:00,-27886100.000,-27886100.000,-27885640.000,-27885880.000,29659,2852000.00
2005-04-08 00:00:00,-27885880.000,-27886020.000,-27885640.000,-27885640.000,30219,2904000.00
2005-04-11 00:00:00,-27885390.000,-27885550.000,-27885300.000,-27885470.000,25827,2518000.00
2005-04-12 00:00:00,-27885440.000,-27885580.000,-27885440.000,-27885500.000,22231,2161000.00
2005-04-13 00:00:00,-27885300.000,-27885580.000,-27885110.000,-27885170.000,23298,2278000.00
2005-04-14 00:00:00,-27885000.000,-27885250.000,-27885000.000,-27885220.000,14945,1470000.00
2005-04-15 00:00:00,-27885390.000,-27885410.000,-27885280.000,-27885360.000,12111,1183000.00
2005-04-18 00:00:00,-27885390.000,-27886660.000,-27885390.000,-27885800.000,21856,2093000.00
2005-04-19 00:00:00,-27885940.000,-27885940.000,-27885690.000,-27885690.000,19962,1915000.00
2005-04-20 00:00:00,-27885800.000,-27886020.000,-27885750.000,-27885830.000,7680,737000.00
2005-04-21 00:00:00,-27885830.000,-27885830.000,-27885520.000,-27885580.000,28131,2724000.00
2005-04-22 00:00:00,-27885610.000,-27885660.000,-27885440.000,-27885520.000,14562,1412000.00
2005-04-25 00:00:00,-27885520.000,-27885860.000,-27885520.000,-27885770.000,25349,2441000.00
2005-04-26 00:00:00,-27876980.000,-27877070.000,-27876870.000,-27876870.000,15621,1454000.00
2005-04-27 00:00:00,-27876710.000,-27876930.000,-27876570.000,-27876680.000,15484,1454000.00
2005-04-28 00:00:00,-27876710.000,-27876710.000,-27876400.000,-27876400.000,17555,1664000.00
2005-04-29 00:00:00,-27876380.000,-27876490.000,-27876240.000,-27876460.000,24095,2294000.00
2005-05-09 00:00:00,-27876430.000,-27876600.000,-27876180.000,-27876490.000,11051,1049000.00
2005-05-10 00:00:00,-27876570.000,-27877180.000,-27876460.000,-27876850.000,16824,1579000.00
2005-05-11 00:00:00,-27876870.000,-27876980.000,-27876710.000,-27876980.000,11581,1085000.00
2005-05-12 00:00:00,-27877010.000,-27877540.000,-27877010.000,-27877400.000,23963,2190000.00
2005-05-13 00:00:00,-27877480.000,-27877810.000,-27877450.000,-27877680.000,18308,1655000.00
2005-05-16 00:00:00,-27877920.000,-27878370.000,-27877920.000,-27878230.000,28347,2506000.00
2005-05-17 00:00:00,-27878640.000,-27878640.000,-27878120.000,-27878120.000,10343,913000.00
2005-05-18 00:00:00,-27878370.000,-27878370.000,-27878150.000,-27878200.000,6190,547000.00
2005-05-19 00:00:00,-27877980.000,-27878450.000,-27877980.000,-27878230.000,4586,404000.00
2005-05-20 00:00:00,-27878230.000,-27878530.000,-27878230.000,-27878310.000,9610,846000.00
2005-05-23 00:00:00,-27878750.000,-27878780.000,-27878590.000,-27878750.000,6365,553000.00
2005-05-24 00:00:00,-27878780.000,-27878780.000,-27878670.000,-27878730.000,8287,717000.00
2005-05-25 00:00:00,-27878700.000,-27878860.000,-27878640.000,-27878730.000,13119,1136000.00
2005-05-26 00:00:00,-27878730.000,-27878970.000,-27878640.000,-27878970.000,15156,1312000.00
2005-05-27 00:00:00,-27878730.000,-27879470.000,-27878730.000,-27879470.000,24997,2116000.00
2005-05-30 00:00:00,-27879470.000,-27879940.000,-27879420.000,-27879830.000,15314,1277000.00
2005-05-31 00:00:00,-27879860.000,-27879860.000,-27879610.000,-27879750.000,2492,206000.00
2005-06-01 00:00:00,-27879720.000,-27879890.000,-27879720.000,-27879890.000,5885,487000.00
2005-06-02 00:00:00,-27880300.000,-27880410.000,-27880160.000,-27880410.000,11723,950000.00
2005-06-03 00:00:00,-27880360.000,-27880580.000,-27880360.000,-27880550.000,4335,347000.00
2005-06-06 00:00:00,-27880830.000,-27880850.000,-27879530.000,-27879890.000,6208,499000.00
2005-06-07 00:00:00,-27879890.000,-27879890.000,-27879420.000,-27879670.000,7171,595000.00
2005-06-08 00:00:00,-27879750.000,-27879750.000,-27877870.000,-27878200.000,36708,3206000.00
2005-06-09 00:00:00,-27877810.000,-27878640.000,-27877540.000,-27878560.000,53849,4737000.00
2005-06-10 00:00:00,-27878560.000,-27879030.000,-27878560.000,-27878780.000,36621,3155000.00
2005-06-13 00:00:00,-27879060.000,-27879060.000,-27878640.000,-27878640.000,12364,1069000.00
2005-06-14 00:00:00,-27878500.000,-27878640.000,-27878450.000,-27878640.000,35002,3058000.00
2005-06-15 00:00:00,-27878640.000,-27879200.000,-27878640.000,-27879200.000,5817,498000.00
2005-06-16 00:00:00,-27879220.000,-27879250.000,-27879170.000,-27879170.000,4259,361000.00
2005-06-17 00:00:00,-27879140.000,-27879140.000,-27878950.000,-27879090.000,2023,172000.00
2005-06-20 00:00:00,-27878970.000,-27878970.000,-27878280.000,-27878370.000,10538,918000.00
2005-06-21 00:00:00,-27878310.000,-27878620.000,-27878310.000,-27878560.000,22460,1961000.00
2005-06-22 00:00:00,-27878700.000,-27878810.000,-27878590.000,-27878700.000,4684,406000.00
2005-06-23 00:00:00,-27878700.000,-27878700.000,-27878590.000,-27878670.000,4790,416000.00
2005-06-24 00:00:00,-27878780.000,-27878780.000,-27878670.000,-27878750.000,11944,1033000.00
2005-06-27 00:00:00,-27878260.000,-27878530.000,-27878230.000,-27878370.000,39293,3457000.00
2005-06-28 00:00:00,-27878420.000,-27878590.000,-27878370.000,-27878370.000,18518,1623000.00
2005-06-29 00:00:00,-27878370.000,-27878500.000,-27878120.000,-27878170.000,12772,1127000.00
2005-06-30 00:00:00,-27878340.000,-27878370.000,-27878230.000,-27878370.000,18725,1651000.00
2005-07-01 00:00:00,-27878620.000,-27878620.000,-27878480.000,-27878620.000,11470,1000000.00
2005-07-04 00:00:00,-27878920.000,-27878920.000,-27878810.000,-27878810.000,10355,891000.00
2005-07-05 00:00:00,-27878860.000,-27878890.000,-27878700.000,-27878700.000,2436,210000.00
2005-07-06 00:00:00,-27878670.000,-27878730.000,-27878640.000,-27878700.000,8451,734000.00
2005-07-07 00:00:00,-27878670.000,-27878780.000,-27878590.000,-27878670.000,6484,564000.00
2005-07-08 00:00:00,-27878780.000,-27878780.000,-27878620.000,-27878670.000,2945,255000.00
2005-07-11 00:00:00,-27878090.000,-27878620.000,-27878090.000,-27878420.000,5850,515000.00
2005-07-12 00:00:00,-27878450.000,-27878450.000,-27878090.000,-27878090.000,20927,1847000.00
2005-07-13 00:00:00,-27878090.000,-27878230.000,-27878010.000,-27878030.000,13587,1210000.00
2005-07-14 00:00:00,-27878090.000,-27878120.000,-27877950.000,-27877980.000,23888,2132000.00
2005-07-15 00:00:00,-27877950.000,-27878010.000,-27877810.000,-27877950.000,11484,1028000.00
2005-07-18 00:00:00,-27877810.000,-27877950.000,-27877810.000,-27877870.000,15380,1381000.00
2005-07-19 00:00:00,-27877920.000,-27877920.000,-27877840.000,-27877870.000,9636,864000.00
2005-07-20 00:00:00,-27877900.000,-27877920.000,-27877540.000,-27877540.000,22991,2074000.00
2005-07-21 00:00:00,-27877480.000,-27877540.000,-27877320.000,-27877320.000,74950,6857000.00
2005-07-22 00:00:00,-27876960.000,-27877320.000,-27876850.000,-27876980.000,40638,3779000.00
2005-07-25 00:00:00,-27876980.000,-27877040.000,-27876900.000,-27876960.000,10975,1021000.00
2005-07-26 00:00:00,-27877040.000,-27877040.000,-27876290.000,-27876650.000,113821,10760000.00
2005-07-27 00:00:00,-27876820.000,-27876850.000,-27876490.000,-27876680.000,22174,2084000.00
2005-07-28 00:00:00,-27876710.000,-27876760.000,-27876600.000,-27876600.000,48025,4522000.00
2005-07-29 00:00:00,-27876710.000,-27876710.000,-27876210.000,-27876490.000,184742,17565000.00
2005-08-01 00:00:00,-27876490.000,-27876490.000,-27876270.000,-27876290.000,79157,7543000.00
2005-08-02 00:00:00,-27876290.000,-27876350.000,-27875490.000,-27875580.000,86084,8318000.00
2005-08-03 00:00:00,-27875600.000,-27875660.000,-27875410.000,-27875660.000,144012,14153000.00
2005-08-04 00:00:00,-27875710.000,-27876240.000,-27875710.000,-27876100.000,12686,1220000.00
2005-08-05 00:00:00,-27876130.000,-27876240.000,-27876020.000,-27876130.000,35274,3391000.00
2005-08-08 00:00:00,-27876070.000,-27876270.000,-27875960.000,-27876270.000,19806,1899000.00
2005-08-09 00:00:00,-27876270.000,-27876600.000,-27876270.000,-27876540.000,28231,2679000.00
2005-08-10 00:00:00,-27876570.000,-27876710.000,-27876430.000,-27876650.000,27891,2638000.00
2005-08-11 00:00:00,-27876650.000,-27876650.000,-27876290.000,-27876430.000,61448,5829000.00
2005-08-12 00:00:00,-27876430.000,-27876540.000,-27876160.000,-27876510.000,30296,2896000.00
2005-08-15 00:00:00,-27876510.000,-27876510.000,-27876350.000,-27876400.000,8333,792000.00
2005-08-16 00:00:00,-27876380.000,-27876900.000,-27876350.000,-27876900.000,14801,1397000.00
2005-08-17 00:00:00,-27876900.000,-27877230.000,-27876900.000,-27877120.000,32211,2980000.00
2005-08-18 00:00:00,-27877010.000,-27877510.000,-27877010.000,-27877450.000,24701,2276000.00
2005-08-19 00:00:00,-27877540.000,-27877540.000,-27877070.000,-27877450.000,34003,3110000.00
2005-08-22 00:00:00,-27877510.000,-27877570.000,-27877400.000,-27877480.000,21092,1921000.00
2005-08-23 00:00:00,-27877430.000,-27877590.000,-27877340.000,-27877570.000,30721,2798000.00
2005-08-24 00:00:00,-27877570.000,-27877790.000,-27877100.000,-27877230.000,74203,6778000.00
2005-08-25 00:00:00,-27877260.000,-27877400.000,-27877180.000,-27877210.000,9063,833000.00
2005-08-26 00:00:00,-27877290.000,-27877290.000,-27876820.000,-27876850.000,20612,1909000.00
2005-08-29 00:00:00,-27876820.000,-27876980.000,-27876820.000,-27876960.000,15570,1450000.00
2005-08-30 00:00:00,-27877040.000,-27877040.000,-27876870.000,-27876870.000,5854,545000.00
2005-08-31 00:00:00,-27876900.000,-27876960.000,-27876820.000,-27876820.000,3683,343000.00
2005-09-01 00:00:00,-27876870.000,-27876900.000,-27876490.000,-27876490.000,14031,1320000.00
2005-09-02 00:00:00,-27876570.000,-27876650.000,-27876490.000,-27876510.000,4447,420000.00
2005-09-05 00:00:00,-27876540.000,-27876570.000,-27876350.000,-27876400.000,15329,1456000.00
2005-09-06 00:00:00,-27876510.000,-27876630.000,-27876380.000,-27876540.000,49340,4678000.00
2005-09-07 00:00:00,-27879090.000,-27879090.000,-27876430.000,-27876460.000,21716,2045000.00
2005-09-08 00:00:00,-27876430.000,-27876600.000,-27876290.000,-27876400.000,20918,1990000.00
2005-09-09 00:00:00,-27876430.000,-27876510.000,-27876400.000,-27876430.000,20741,1970000.00
2005-09-12 00:00:00,-27876430.000,-27876510.000,-27876430.000,-27876430.000,3231,306000.00
2005-09-13 00:00:00,-27876430.000,-27876490.000,-27876290.000,-27876320.000,6225,592000.00
2005-09-14 00:00:00,-27876290.000,-27876380.000,-27876270.000,-27876290.000,35813,3417000.00
2005-09-15 00:00:00,-27876290.000,-27876320.000,-27876210.000,-27876290.000,9884,943000.00
2005-09-16 00:00:00,-27876320.000,-27876350.000,-27876270.000,-27876290.000,4554,434000.00
2005-09-19 00:00:00,-27876290.000,-27876510.000,-27876290.000,-27876380.000,10410,989000.00
2005-09-20 00:00:00,-27876380.000,-27876490.000,-27876380.000,-27876430.000,12695,1205000.00
2005-09-21 00:00:00,-27876430.000,-27876900.000,-27876430.000,-27876870.000,14051,1320000.00
2005-09-22 00:00:00,-27876930.000,-27877150.000,-27876900.000,-27877040.000,14724,1368000.00
2005-09-23 00:00:00,-27877320.000,-27877320.000,-27876980.000,-27876980.000,11226,1040000.00
2005-09-26 00:00:00,-27877040.000,-27877040.000,-27876850.000,-27876870.000,3218,299000.00
2005-09-27 00:00:00,-27876710.000,-27876980.000,-27876710.000,-27876980.000,8388,780000.00
2005-09-28 00:00:00,-27876980.000,-27877150.000,-27876820.000,-27876930.000,3600,334000.00
2005-09-29 00:00:00,-27877120.000,-27877120.000,-27876740.000,-27876740.000,5081,474000.00
2005-09-30 00:00:00,-27876760.000,-27876760.000,-27876600.000,-27876650.000,4226,397000.00
2005-10-10 00:00:00,-27876630.000,-27876820.000,-27876630.000,-27876790.000,1199,112000.00
2005-10-11 00:00:00,-27876900.000,-27876980.000,-27876710.000,-27876790.000,1232,115000.00
2005-10-12 00:00:00,-27876820.000,-27876980.000,-27876760.000,-27876790.000,1377,128000.00
2005-10-13 00:00:00,-27876980.000,-27876980.000,-27876820.000,-27876960.000,1487,138000.00
2005-10-14 00:00:00,-27876960.000,-27877230.000,-27876960.000,-27877120.000,2142,198000.00
2005-10-17 00:00:00,-27877210.000,-27877450.000,-27877040.000,-27877260.000,4190,386000.00
2005-10-18 00:00:00,-27877480.000,-27877480.000,-27877260.000,-27877430.000,2791,255000.00
2005-10-19 00:00:00,-27877430.000,-27877510.000,-27877260.000,-27877450.000,3486,318000.00
2005-10-20 00:00:00,-27877450.000,-27877590.000,-27877450.000,-27877540.000,2591,235000.00
2005-10-21 00:00:00,-27877540.000,-27877650.000,-27877480.000,-27877570.000,1614,146000.00
2005-10-24 00:00:00,-27877570.000,-27877570.000,-27877070.000,-27877400.000,5206,475000.00
2005-10-25 00:00:00,-27877370.000,-27877450.000,-27877180.000,-27877450.000,1420,130000.00
2005-10-26 00:00:00,-27877510.000,-27877680.000,-27877510.000,-27877540.000,5611,509000.00
2005-10-27 00:00:00,-27877650.000,-27877760.000,-27877570.000,-27877680.000,2961,268000.00
2005-10-28 00:00:00,-27877790.000,-27877950.000,-27877790.000,-27877920.000,4070,365000.00
2005-10-31 00:00:00,-27877920.000,-27878170.000,-27877920.000,-27878090.000,3263,290000.00
2005-11-01 00:00:00,-27878120.000,-27878170.000,-27878030.000,-27878090.000,2145,190000.00
2005-11-02 00:00:00,-27878090.000,-27878120.000,-27877590.000,-27877810.000,5325,477000.00
2005-11-03 00:00:00,-27877900.000,-27877920.000,-27877680.000,-27877900.000,1875,168000.00
2005-11-04 00:00:00,-27877920.000,-27877980.000,-27877840.000,-27877840.000,2696,241000.00
2005-11-07 00:00:00,-27877950.000,-27877950.000,-27877540.000,-27877590.000,3105,280000.00
2005-11-08 00:00:00,-27877680.000,-27877810.000,-27876710.000,-27877180.000,27895,2580000.00
2005-11-09 00:00:00,-27877260.000,-27877540.000,-27876960.000,-27877010.000,24411,2257000.00
2005-11-10 00:00:00,-27877260.000,-27877950.000,-27877120.000,-27877760.000,15615,1419000.00
2005-11-11 00:00:00,-27877760.000,-27877760.000,-27877480.000,-27877510.000,2487,225000.00
2005-11-14 00:00:00,-27877540.000,-27877590.000,-27877370.000,-27877590.000,7736,704000.00
2005-11-15 00:00:00,-27877540.000,-27877730.000,-27877400.000,-27877730.000,3057,276000.00
2005-11-16 00:00:00,-27877590.000,-27877810.000,-27877540.000,-27877590.000,7386,666000.00
2005-11-17 00:00:00,-27877590.000,-27877620.000,-27877430.000,-27877570.000,8234,748000.00
2005-11-18 00:00:00,-27877570.000,-27877570.000,-27877260.000,-27877260.000,7256,666000.00
2005-11-21 00:00:00,-27877680.000,-27877680.000,-27877260.000,-27877260.000,5420,498000.00
2005-11-22 00:00:00,-27877260.000,-27877760.000,-27877260.000,-27877620.000,3500,318000.00
2005-11-23 00:00:00,-27877760.000,-27877760.000,-27877570.000,-27877570.000,2282,206000.00
2005-11-24 00:00:00,-27877570.000,-27877790.000,-27877400.000,-27877540.000,13858,1261000.00
2005-11-25 00:00:00,-27877540.000,-27877730.000,-27877400.000,-27877450.000,10691,969000.00
2005-11-28 00:00:00,-27877650.000,-27877650.000,-27877400.000,-27877430.000,6115,558000.00
2005-11-29 00:00:00,-27877590.000,-27877650.000,-27877370.000,-27877450.000,5864,533000.00
2005-11-30 00:00:00,-27877510.000,-27877510.000,-27877340.000,-27877340.000,6642,606000.00
2005-12-01 00:00:00,-27877400.000,-27877400.000,-27877230.000,-27877260.000,9317,856000.00
2005-12-02 00:00:00,-27877260.000,-27877260.000,-27877180.000,-27877260.000,8669,797000.00
2005-12-05 00:00:00,-27877260.000,-27877370.000,-27877040.000,-27877040.000,15917,1469000.00
2005-12-06 00:00:00,-27877040.000,-27877180.000,-27876850.000,-27876850.000,26665,2477000.00
2005-12-07 00:00:00,-27876900.000,-27877100.000,-27876870.000,-27876980.000,5327,495000.00
2005-12-08 00:00:00,-27876930.000,-27877100.000,-27876930.000,-27877040.000,4765,442000.00
2005-12-09 00:00:00,-27877040.000,-27877100.000,-27876870.000,-27877010.000,14436,1344000.00
2005-12-12 00:00:00,-27877010.000,-27877010.000,-27876850.000,-27876850.000,9098,848000.00
2005-12-13 00:00:00,-27876980.000,-27876980.000,-27876790.000,-27876790.000,22318,2087000.00
2005-12-14 00:00:00,-27876820.000,-27876900.000,-27876760.000,-27876760.000,5963,557000.00
2005-12-15 00:00:00,-27876740.000,-27876790.000,-27876710.000,-27876710.000,1972,185000.00
2005-12-16 00:00:00,-27876960.000,-27876960.000,-27876760.000,-27876820.000,2016,188000.00
2005-12-19 00:00:00,-27876710.000,-27876850.000,-27876630.000,-27876650.000,5667,532000.00
2005-12-20 00:00:00,-27876650.000,-27876740.000,-27876600.000,-27876630.000,6024,567000.00
2005-12-21 00:00:00,-27876600.000,-27876630.000,-27876540.000,-27876630.000,7631,720000.00
2005-12-22 00:00:00,-27876630.000,-27876710.000,-27876490.000,-27876630.000,3371,318000.00
2005-12-23 00:00:00,-27876630.000,-27876680.000,-27876510.000,-27876570.000,2604,245000.00
2005-12-26 00:00:00,-27876540.000,-27876540.000,-27876320.000,-27876380.000,9739,926000.00
2005-12-27 00:00:00,-27876350.000,-27876430.000,-27876320.000,-27876430.000,20849,1982000.00
2005-12-28 00:00:00,-27876400.000,-27876710.000,-27876350.000,-27876460.000,34252,3250000.00
2005-12-29 00:00:00,-27876460.000,-27876490.000,-27876350.000,-27876490.000,44315,4208000.00
2005-12-30 00:00:00,-27876490.000,-27876710.000,-27876490.000,-27876630.000,27221,2569000.00
2006-01-04 00:00:00,-27876570.000,-27876570.000,-27876210.000,-27876240.000,30403,2905000.00
2006-01-05 00:00:00,-27876210.000,-27876240.000,-27876100.000,-27876160.000,10873,1044000.00
2006-01-06 00:00:00,-27876100.000,-27876380.000,-27876100.000,-27876180.000,10248,984000.00
2006-01-09 00:00:00,-27876160.000,-27876180.000,-27876100.000,-27876130.000,10814,1038000.00
2006-01-10 00:00:00,-27876130.000,-27876290.000,-27876130.000,-27876240.000,9354,895000.00
2006-01-11 00:00:00,-27876290.000,-27876320.000,-27876210.000,-27876290.000,6803,650000.00
2006-01-12 00:00:00,-27876400.000,-27876460.000,-27876240.000,-27876240.000,9965,948000.00
2006-01-13 00:00:00,-27876240.000,-27876320.000,-27876130.000,-27876270.000,13970,1337000.00
2006-01-16 00:00:00,-27876290.000,-27876490.000,-27876290.000,-27876400.000,6231,593000.00
2006-01-17 00:00:00,-27876540.000,-27876540.000,-27876320.000,-27876350.000,4393,417000.00
2006-01-18 00:00:00,-27876290.000,-27876350.000,-27875990.000,-27875990.000,19386,1864000.00
2006-01-19 00:00:00,-27876160.000,-27876160.000,-27875880.000,-27875880.000,31327,3029000.00
2006-01-20 00:00:00,-27876020.000,-27876070.000,-27875800.000,-27875820.000,7576,733000.00
2006-01-23 00:00:00,-27875800.000,-27875960.000,-27875190.000,-27875410.000,50824,4975000.00
2006-01-24 00:00:00,-27875330.000,-27875630.000,-27875330.000,-27875580.000,16450,1616000.00
2006-01-25 00:00:00,-27875580.000,-27875740.000,-27875460.000,-27875490.000,7401,725000.00
2006-02-06 00:00:00,-27875330.000,-27875490.000,-27875110.000,-27875220.000,21859,2172000.00
2006-02-07 00:00:00,-27875220.000,-27875410.000,-27874910.000,-27875110.000,41795,4174000.00
2006-02-08 00:00:00,-27875050.000,-27875410.000,-27874990.000,-27875330.000,70823,7015000.00
2006-02-09 00:00:00,-27875330.000,-27875460.000,-27875270.000,-27875440.000,23383,2313000.00
2006-02-10 00:00:00,-27875440.000,-27875520.000,-27875300.000,-27875380.000,14905,1471000.00
2006-02-13 00:00:00,-27875300.000,-27875410.000,-27875190.000,-27875270.000,65364,6475000.00
2006-02-14 00:00:00,-27875240.000,-27875300.000,-27875160.000,-27875190.000,16263,1617000.00
2006-02-15 00:00:00,-27875160.000,-27875190.000,-27875130.000,-27875160.000,12547,1249000.00
2006-02-16 00:00:00,-27875160.000,-27875490.000,-27875130.000,-27875410.000,9635,953000.00
2006-02-17 00:00:00,-27875410.000,-27875550.000,-27875410.000,-27875440.000,6735,663000.00
2006-02-20 00:00:00,-27875440.000,-27875600.000,-27875440.000,-27875520.000,6646,653000.00
2006-02-21 00:00:00,-27875490.000,-27875660.000,-27875440.000,-27875460.000,7027,689000.00
2006-02-22 00:00:00,-27875460.000,-27875490.000,-27875240.000,-27875410.000,12961,1281000.00
2006-02-23 00:00:00,-27875380.000,-27875380.000,-27875270.000,-27875350.000,3820,377000.00
2006-02-24 00:00:00,-27875220.000,-27875330.000,-27875220.000,-27875220.000,12409,1230000.00
2006-02-27 00:00:00,-27875160.000,-27875160.000,-27875050.000,-27875130.000,14353,1431000.00
2006-02-28 00:00:00,-27875240.000,-27875380.000,-27875190.000,-27875300.000,18328,1815000.00
2006-03-01 00:00:00,-27875300.000,-27875300.000,-27875220.000,-27875240.000,5106,506000.00
2006-03-02 00:00:00,-27875240.000,-27875460.000,-27875240.000,-27875440.000,10029,990000.00
2006-03-03 00:00:00,-27875600.000,-27875710.000,-27875350.000,-27875600.000,15454,1513000.00
2006-03-06 00:00:00,-27875490.000,-27875490.000,-27875300.000,-27875350.000,9266,915000.00
2006-03-07 00:00:00,-27875380.000,-27875600.000,-27875380.000,-27875520.000,10893,1070000.00
2006-03-08 00:00:00,-27875580.000,-27875880.000,-27875550.000,-27875880.000,18259,1787000.00
2006-03-09 00:00:00,-27875820.000,-27875820.000,-27875550.000,-27875740.000,16907,1652000.00
2006-03-10 00:00:00,-27875820.000,-27875820.000,-27875550.000,-27875580.000,19922,1948000.00
2006-03-13 00:00:00,-27875550.000,-27875550.000,-27875110.000,-27875160.000,32214,3200000.00
2006-03-14 00:00:00,-27875190.000,-27875190.000,-27874690.000,-27874720.000,74347,7479000.00
2006-03-15 00:00:00,-27874770.000,-27874770.000,-27874330.000,-27874360.000,52687,5382000.00
2006-03-16 00:00:00,-27874360.000,-27874410.000,-27874170.000,-27874300.000,53052,5455000.00
2006-03-17 00:00:00,-27874500.000,-27874500.000,-27874280.000,-27874390.000,28246,2891000.00
2006-03-20 00:00:00,-27874390.000,-27874440.000,-27873860.000,-27873970.000,36261,3757000.00
2006-03-21 00:00:00,-27873970.000,-27874030.000,-27873700.000,-27873830.000,51601,5391000.00
2006-03-22 00:00:00,-27873810.000,-27873830.000,-27873640.000,-27873640.000,60030,6294000.00
2006-03-23 00:00:00,-27873670.000,-27873670.000,-27873310.000,-27873360.000,40630,4286000.00
2006-03-24 00:00:00,-27873360.000,-27873530.000,-27873250.000,-27873500.000,37098,3934000.00
2006-03-27 00:00:00,-27873670.000,-27873670.000,-27872890.000,-27872980.000,40119,4258000.00
2006-03-28 00:00:00,-27873120.000,-27873120.000,-27872340.000,-27872370.000,45356,4918000.00
2006-03-29 00:00:00,-27872560.000,-27872560.000,-27872070.000,-27872290.000,57622,6364000.00
2006-03-30 00:00:00,-27872290.000,-27873120.000,-27872290.000,-27873000.000,66995,7277000.00
2006-03-31 00:00:00,-27873120.000,-27873120.000,-27872230.000,-27872290.000,60369,6512000.00
2006-04-03 00:00:00,-27872370.000,-27872560.000,-27872070.000,-27872180.000,61064,6728000.00
2006-04-04 00:00:00,-27872070.000,-27872560.000,-27872070.000,-27872370.000,20105,2210000.00
2006-04-05 00:00:00,-27872290.000,-27872400.000,-27872260.000,-27872290.000,46691,5134000.00
2006-04-06 00:00:00,-27872310.000,-27872310.000,-27871460.000,-27871760.000,128752,14296000.00
2006-04-07 00:00:00,-27854320.000,-27854380.000,-27853940.000,-27853960.000,28359,2993000.00
2006-04-10 00:00:00,-27853820.000,-27853820.000,-27852860.000,-27852890.000,84298,9263000.00
2006-04-11 00:00:00,-27852660.000,-27852940.000,-27852640.000,-27852800.000,82115,9080000.00
2006-04-12 00:00:00,-27852660.000,-27853220.000,-27852530.000,-27852890.000,40070,4423000.00
2006-04-13 00:00:00,-27852940.000,-27853740.000,-27852940.000,-27853710.000,44216,4798000.00
2006-04-14 00:00:00,-27853800.000,-27853820.000,-27853080.000,-27853110.000,25442,2744000.00
2006-04-17 00:00:00,-27853220.000,-27853470.000,-27852940.000,-27853050.000,45823,5024000.00
2006-04-18 00:00:00,-27853020.000,-27853050.000,-27852610.000,-27852720.000,100085,11056000.00
2006-04-19 00:00:00,-27852720.000,-27852720.000,-27852470.000,-27852500.000,43825,4878000.00
2006-04-20 00:00:00,-27852500.000,-27852690.000,-27852390.000,-27852550.000,50737,5657000.00
2006-04-21 00:00:00,-27852550.000,-27852640.000,-27851560.000,-27851610.000,51522,5838000.00
2006-04-24 00:00:00,-27851480.000,-27851830.000,-27851200.000,-27851420.000,51394,5909000.00
2006-04-25 00:00:00,-27851560.000,-27852940.000,-27851560.000,-27851780.000,18411,2098000.00
2006-04-26 00:00:00,-27851970.000,-27851970.000,-27851200.000,-27851480.000,51358,5912000.00
2006-04-27 00:00:00,-27851420.000,-27851610.000,-27851280.000,-27851480.000,22250,2567000.00
2006-04-28 00:00:00,-27851610.000,-27851830.000,-27850670.000,-27851030.000,80190,9347000.00
2006-05-08 00:00:00,-27850950.000,-27851010.000,-27850090.000,-27850150.000,45770,5455000.00
2006-05-09 00:00:00,-27850090.000,-27850150.000,-27849380.000,-27849620.000,51181,6251000.00
2006-05-10 00:00:00,-27849620.000,-27849850.000,-27849290.000,-27849680.000,58660,7186000.00
2006-05-11 00:00:00,-27850310.000,-27850310.000,-27848490.000,-27848930.000,97209,12127000.00
2006-05-12 00:00:00,-27849070.000,-27849070.000,-27847550.000,-27847610.000,66958,8506000.00
2006-05-15 00:00:00,-27847690.000,-27847690.000,-27847160.000,-27847270.000,58939,7648000.00
2006-05-16 00:00:00,-27847410.000,-27848490.000,-27847160.000,-27848270.000,82702,10643000.00
2006-05-17 00:00:00,-27848770.000,-27848770.000,-27848350.000,-27848520.000,48719,6131000.00
2006-05-18 00:00:00,-27848520.000,-27849900.000,-27848520.000,-27849260.000,35082,4317000.00
2006-05-19 00:00:00,-27849320.000,-27849320.000,-27847830.000,-27848240.000,47429,5990000.00
2006-05-22 00:00:00,-27847970.000,-27847970.000,-27847220.000,-27847520.000,68231,8872000.00
2006-05-23 00:00:00,-27847690.000,-27848240.000,-27847630.000,-27848210.000,74708,9589000.00
2006-05-24 00:00:00,-27848350.000,-27849290.000,-27847690.000,-27848550.000,45382,5730000.00
2006-05-25 00:00:00,-27848550.000,-27849070.000,-27848520.000,-27848550.000,50694,6360000.00
2006-05-26 00:00:00,-27848930.000,-27848930.000,-27848270.000,-27848410.000,43885,5531000.00
2006-05-29 00:00:00,-27848520.000,-27848630.000,-27847660.000,-27847910.000,34671,4416000.00
2006-05-30 00:00:00,-27847970.000,-27848080.000,-27847580.000,-27847770.000,30381,3912000.00
2006-05-31 00:00:00,-27847740.000,-27847990.000,-27847580.000,-27847830.000,54239,6987000.00
2006-06-01 00:00:00,-27847970.000,-27847970.000,-27847410.000,-27847410.000,84894,10954000.00
2006-06-02 00:00:00,-27847410.000,-27847550.000,-27847330.000,-27847390.000,69037,8969000.00
2006-06-05 00:00:00,-27846560.000,-27846890.000,-27845980.000,-27846090.000,90181,12046000.00
2006-06-06 00:00:00,-27846030.000,-27846310.000,-27842830.000,-27843850.000,151124,21326000.00
2006-06-07 00:00:00,-27843880.000,-27845670.000,-27842940.000,-27845480.000,97629,13840000.00
2006-06-08 00:00:00,-27845750.000,-27846830.000,-27845700.000,-27845840.000,52741,7067000.00
2006-06-09 00:00:00,-27846030.000,-27846810.000,-27845620.000,-27846390.000,54541,7369000.00
2006-06-12 00:00:00,-27846310.000,-27847110.000,-27846280.000,-27846500.000,51884,6890000.00
2006-06-13 00:00:00,-27846470.000,-27846640.000,-27845750.000,-27846140.000,45641,6151000.00
2006-06-14 00:00:00,-27845480.000,-27846060.000,-27844930.000,-27844930.000,67180,9252000.00
2006-06-15 00:00:00,-27844650.000,-27844650.000,-27843790.000,-27844260.000,66245,9399000.00
2006-06-16 00:00:00,-27844210.000,-27844210.000,-27843520.000,-27843710.000,36617,5243000.00
2006-06-19 00:00:00,-27843710.000,-27844370.000,-27843160.000,-27843740.000,86165,12348000.00
2006-06-20 00:00:00,-27843760.000,-27844430.000,-27843600.000,-27844210.000,78799,11196000.00
2006-06-21 00:00:00,-27844230.000,-27844370.000,-27844100.000,-27844370.000,27309,3859000.00
2006-06-22 00:00:00,-27844590.000,-27844590.000,-27844370.000,-27844460.000,36044,5075000.00
2006-06-23 00:00:00,-27844430.000,-27844650.000,-27844210.000,-27844350.000,22161,3116000.00
2006-06-26 00:00:00,-27844350.000,-27844400.000,-27844040.000,-27844070.000,26489,3751000.00
2006-06-27 00:00:00,-27844070.000,-27844150.000,-27843960.000,-27844120.000,19032,2707000.00
2006-06-28 00:00:00,-27844150.000,-27844260.000,-27843990.000,-27843990.000,16624,2362000.00
2006-06-29 00:00:00,-27843990.000,-27843990.000,-27843050.000,-27843130.000,49449,7156000.00
2006-06-30 00:00:00,-27843050.000,-27843100.000,-27842630.000,-27842990.000,73512,10755000.00
2006-07-03 00:00:00,-27842850.000,-27842850.000,-27842410.000,-27842470.000,35084,5177000.00
2006-07-04 00:00:00,-27842160.000,-27842490.000,-27842160.000,-27842440.000,59307,8791000.00
2006-07-05 00:00:00,-27842380.000,-27842490.000,-27842330.000,-27842410.000,35467,5250000.00
2006-07-06 00:00:00,-27842380.000,-27842440.000,-27841470.000,-27841580.000,41376,6228000.00
2006-07-07 00:00:00,-27841580.000,-27841660.000,-27841220.000,-27841470.000,42070,6385000.00
2006-07-10 00:00:00,-27841390.000,-27841610.000,-27841140.000,-27841140.000,25001,3807000.00
2006-07-11 00:00:00,-27841060.000,-27841140.000,-27840950.000,-27841060.000,44457,6805000.00
2006-07-12 00:00:00,-27841000.000,-27841440.000,-27840970.000,-27841390.000,96343,14699000.00
2006-07-13 00:00:00,-27841390.000,-27843540.000,-27841190.000,-27842770.000,61951,9235000.00
2006-07-14 00:00:00,-27843020.000,-27843410.000,-27842800.000,-27843070.000,34575,5036000.00
2006-07-17 00:00:00,-27842880.000,-27843270.000,-27842710.000,-27843050.000,42405,6188000.00
2006-07-18 00:00:00,-27843070.000,-27843540.000,-27843070.000,-27843270.000,34126,4936000.00
2006-07-19 00:00:00,-27843240.000,-27844370.000,-27843070.000,-27844100.000,38688,5531000.00
2006-07-20 00:00:00,-27844100.000,-27844930.000,-27844100.000,-27844510.000,33564,4697000.00
2006-07-21 00:00:00,-27844510.000,-27844510.000,-27843320.000,-27843880.000,45092,6436000.00
2006-07-24 00:00:00,-27844100.000,-27844820.000,-27843740.000,-27843960.000,26399,3747000.00
2006-07-25 00:00:00,-27844230.000,-27844230.000,-27842880.000,-27843410.000,46491,6725000.00
2006-07-26 00:00:00,-27843490.000,-27843760.000,-27842910.000,-27843710.000,44228,6388000.00
2006-07-27 00:00:00,-27843710.000,-27844260.000,-27843540.000,-27844100.000,27747,3958000.00
2006-07-28 00:00:00,-27844100.000,-27844930.000,-27844100.000,-27844930.000,53000,7399000.00
2006-07-31 00:00:00,-27844950.000,-27846610.000,-27844950.000,-27846610.000,49278,6624000.00
2006-08-01 00:00:00,-27846640.000,-27846970.000,-27846250.000,-27846970.000,14945,1984000.00
2006-08-02 00:00:00,-27846970.000,-27847740.000,-27846810.000,-27847410.000,24767,3230000.00
2006-08-03 00:00:00,-27847410.000,-27847500.000,-27847000.000,-27847390.000,15047,1958000.00
2006-08-04 00:00:00,-27847410.000,-27847630.000,-27847000.000,-27847360.000,47525,6185000.00
2006-08-07 00:00:00,-27847470.000,-27848100.000,-27847390.000,-27847970.000,49873,6415000.00
2006-08-08 00:00:00,-27847880.000,-27847880.000,-27846890.000,-27846920.000,72247,9406000.00
2006-08-09 00:00:00,-27846920.000,-27847000.000,-27846720.000,-27846920.000,18970,2502000.00
2006-08-10 00:00:00,-27847000.000,-27847000.000,-27846170.000,-27846220.000,14641,1958000.00
2006-08-11 00:00:00,-27846220.000,-27846220.000,-27845230.000,-27845480.000,37540,5146000.00
2006-08-14 00:00:00,-27845560.000,-27845950.000,-27845480.000,-27845890.000,31046,4234000.00
2006-08-15 00:00:00,-27845950.000,-27846030.000,-27845670.000,-27845750.000,21827,2960000.00
2006-08-16 00:00:00,-27845780.000,-27845780.000,-27845090.000,-27845230.000,30202,4154000.00
2006-08-17 00:00:00,-27845230.000,-27845480.000,-27845170.000,-27845290.000,27505,3783000.00
2006-08-18 00:00:00,-27845290.000,-27845310.000,-27844950.000,-27845230.000,31860,4409000.00
2006-08-21 00:00:00,-27845620.000,-27845810.000,-27845010.000,-27845010.000,41846,5730000.00
2006-08-22 00:00:00,-27845010.000,-27845200.000,-27844650.000,-27844680.000,18091,2526000.00
2006-08-23 00:00:00,-27844900.000,-27844900.000,-27844590.000,-27844870.000,8618,1204000.00
2006-08-24 00:00:00,-27844760.000,-27844980.000,-27844760.000,-27844930.000,6123,851000.00
2006-08-25 00:00:00,-27845200.000,-27845200.000,-27844590.000,-27844590.000,21447,2990000.00
2006-08-28 00:00:00,-27844570.000,-27844570.000,-27844040.000,-27844070.000,61758,8763000.00
2006-08-29 00:00:00,-27844070.000,-27844100.000,-27843410.000,-27843820.000,39435,5658000.00
2006-08-30 00:00:00,-27844100.000,-27844180.000,-27843380.000,-27843460.000,15419,2202000.00
2006-08-31 00:00:00,-27843740.000,-27843820.000,-27843270.000,-27843570.000,51020,7326000.00
2006-09-01 00:00:00,-27843540.000,-27844210.000,-27843540.000,-27844120.000,44120,6284000.00
2006-09-04 00:00:00,-27844120.000,-27844230.000,-27843820.000,-27843850.000,73672,10453000.00
2006-09-05 00:00:00,-27844100.000,-27844100.000,-27843540.000,-27843850.000,31912,4555000.00
2006-09-06 00:00:00,-27844100.000,-27844120.000,-27843880.000,-27843960.000,21477,3058000.00
2006-09-07 00:00:00,-27844100.000,-27844370.000,-27844040.000,-27844320.000,46169,6525000.00
2006-09-08 00:00:00,-27844120.000,-27844350.000,-27843600.000,-27844100.000,19094,2715000.00
2006-09-11 00:00:00,-27845950.000,-27845950.000,-27844100.000,-27844210.000,18562,2615000.00
2006-09-12 00:00:00,-27844210.000,-27844290.000,-27844010.000,-27844040.000,24551,3479000.00
2006-09-13 00:00:00,-27844150.000,-27844150.000,-27843710.000,-27844070.000,47235,6731000.00
2006-09-14 00:00:00,-27844070.000,-27844460.000,-27844070.000,-27844370.000,4373,618000.00
2006-09-15 00:00:00,-27844370.000,-27844400.000,-27843600.000,-27843650.000,26795,3811000.00
2006-09-18 00:00:00,-27844040.000,-27844040.000,-27843410.000,-27843820.000,24213,3464000.00
2006-09-19 00:00:00,-27843820.000,-27844010.000,-27843760.000,-27843960.000,23804,3395000.00
2006-09-20 00:00:00,-27843960.000,-27844370.000,-27843960.000,-27844210.000,11285,1593000.00
2006-09-21 00:00:00,-27844230.000,-27844430.000,-27844150.000,-27844210.000,33483,4727000.00
2006-09-22 00:00:00,-27844230.000,-27844540.000,-27843820.000,-27844260.000,53245,7516000.00
2006-09-25 00:00:00,-27844320.000,-27844840.000,-27844320.000,-27844840.000,13119,1835000.00
2006-09-26 00:00:00,-27844980.000,-27845260.000,-27844930.000,-27845170.000,18424,2543000.00
2006-09-27 00:00:00,-27845200.000,-27845260.000,-27845010.000,-27845010.000,3214,444000.00
2006-09-28 00:00:00,-27845170.000,-27845170.000,-27844370.000,-27844430.000,19914,2787000.00
2006-09-29 00:00:00,-27844430.000,-27844480.000,-27843960.000,-27843990.000,27808,3950000.00
2006-10-09 00:00:00,-27843960.000,-27843960.000,-27843540.000,-27843650.000,24562,3529000.00
2006-10-10 00:00:00,-27843790.000,-27843900.000,-27843540.000,-27843630.000,121925,17501000.00
2006-10-11 00:00:00,-27844010.000,-27844010.000,-27843600.000,-27843630.000,10089,1446000.00
2006-10-12 00:00:00,-27843630.000,-27844040.000,-27843630.000,-27844040.000,15802,2254000.00
2006-10-13 00:00:00,-27844100.000,-27844370.000,-27843880.000,-27843930.000,10133,1443000.00
2006-10-16 00:00:00,-27843760.000,-27843930.000,-27843650.000,-27843930.000,24806,3552000.00
2006-10-17 00:00:00,-27844010.000,-27844370.000,-27844010.000,-27844350.000,5964,843000.00
2006-10-18 00:00:00,-27844350.000,-27844370.000,-27843930.000,-27843990.000,10753,1522000.00
2006-10-19 00:00:00,-27843960.000,-27844350.000,-27843930.000,-27844210.000,24600,3492000.00
2006-10-20 00:00:00,-27844290.000,-27844320.000,-27844100.000,-27844150.000,8554,1211000.00
2006-10-23 00:00:00,-27843960.000,-27844650.000,-27843960.000,-27844510.000,9762,1385000.00
2006-10-24 00:00:00,-27844370.000,-27844370.000,-27843540.000,-27843630.000,21553,3074000.00
2006-10-25 00:00:00,-27843650.000,-27843740.000,-27843410.000,-27843540.000,21699,3122000.00
2006-10-26 00:00:00,-27843600.000,-27843710.000,-27843050.000,-27843070.000,46784,6775000.00
2006-10-27 00:00:00,-27843270.000,-27843300.000,-27842770.000,-27843270.000,40172,5836000.00
2006-10-30 00:00:00,-27843320.000,-27843320.000,-27842160.000,-27842220.000,31631,4641000.00
2006-10-31 00:00:00,-27841970.000,-27842160.000,-27840780.000,-27841030.000,156860,23883000.00
2006-11-01 00:00:00,-27841330.000,-27841420.000,-27840560.000,-27840920.000,90841,13931000.00
2006-11-02 00:00:00,-27841860.000,-27841860.000,-27840780.000,-27840780.000,34891,5340000.00
2006-11-03 00:00:00,-27840720.000,-27840720.000,-27840010.000,-27840500.000,32578,5067000.00
2006-11-06 00:00:00,-27841060.000,-27841860.000,-27840090.000,-27840200.000,21406,3318000.00
2006-11-07 00:00:00,-27840200.000,-27840780.000,-27839920.000,-27840750.000,51186,7947000.00
2006-11-08 00:00:00,-27840720.000,-27841170.000,-27840590.000,-27841000.000,10996,1692000.00
2006-11-09 00:00:00,-27840890.000,-27841080.000,-27840390.000,-27840500.000,16327,2516000.00
2006-11-10 00:00:00,-27840560.000,-27840970.000,-27840370.000,-27840840.000,20017,3099000.00
2006-11-13 00:00:00,-27840950.000,-27841830.000,-27840950.000,-27841610.000,24930,3785000.00
2006-11-14 00:00:00,-27841640.000,-27842300.000,-27841640.000,-27841660.000,42975,6428332.00
2006-11-15 00:00:00,-27841660.000,-27841890.000,-27841190.000,-27841330.000,24951,3778421.00
2006-11-16 00:00:00,-27841280.000,-27841390.000,-27840780.000,-27841110.000,64828,9901525.00
2006-11-17 00:00:00,-27842240.000,-27842240.000,-27841220.000,-27841470.000,16688,2528384.00
2006-11-20 00:00:00,-27841550.000,-27841750.000,-27840810.000,-27841280.000,36288,5517558.00
2006-11-21 00:00:00,-27841440.000,-27841610.000,-27841000.000,-27841330.000,15349,2336792.00
2006-11-22 00:00:00,-27841310.000,-27841550.000,-27841030.000,-27841060.000,23807,3629961.00
2006-11-23 00:00:00,-27841170.000,-27841250.000,-27840780.000,-27841030.000,52203,7998513.00
2006-11-24 00:00:00,-27841030.000,-27841110.000,-27840390.000,-27840420.000,131204,20182610.00
2006-11-27 00:00:00,-27840280.000,-27840280.000,-27839120.000,-27839150.000,77581,12281780.00
2006-11-28 00:00:00,-27839120.000,-27839650.000,-27838510.000,-27838570.000,60713,9749686.00
2006-11-29 00:00:00,-27838900.000,-27839230.000,-27838350.000,-27838570.000,37489,6071786.00
2006-11-30 00:00:00,-27838490.000,-27838490.000,-27835390.000,-27835610.000,55756,9383250.00
2006-12-01 00:00:00,-27835860.000,-27836630.000,-27835640.000,-27836500.000,70775,12052150.00
2006-12-04 00:00:00,-27836220.000,-27836250.000,-27833870.000,-27834510.000,91574,16050220.00
2006-12-05 00:00:00,-27834420.000,-27835690.000,-27834060.000,-27835340.000,44530,7782157.00
2006-12-06 00:00:00,-27835750.000,-27837240.000,-27835110.000,-27835810.000,41343,7048852.00
2006-12-07 00:00:00,-27836630.000,-27837160.000,-27835170.000,-27835810.000,25803,4447779.00
2006-12-08 00:00:00,-27836630.000,-27837160.000,-27835830.000,-27837160.000,42824,7224169.00
2006-12-11 00:00:00,-27837190.000,-27837190.000,-27835860.000,-27836000.000,22524,3831239.00
2006-12-12 00:00:00,-27835830.000,-27836470.000,-27835830.000,-27835860.000,36870,6318274.00
2006-12-13 00:00:00,-27835810.000,-27836770.000,-27835580.000,-27835720.000,50889,8718171.00
2006-12-14 00:00:00,-27835530.000,-27835670.000,-27834980.000,-27835340.000,52955,9191563.00
2006-12-15 00:00:00,-27834840.000,-27835250.000,-27833820.000,-27833870.000,95062,16838470.00
2006-12-18 00:00:00,-27832770.000,-27832960.000,-27831720.000,-27832130.000,111025,20496660.00
2006-12-19 00:00:00,-27831960.000,-27832900.000,-27831690.000,-27832210.000,55701,10309950.00
2006-12-20 00:00:00,-27832490.000,-27832770.000,-27831160.000,-27831190.000,44751,8327893.00
2006-12-21 00:00:00,-27830910.000,-27831160.000,-27830140.000,-27830940.000,65697,12497580.00
2006-12-22 00:00:00,-27831160.000,-27831850.000,-27830830.000,-27830830.000,38878,7354835.00
2006-12-25 00:00:00,-27831110.000,-27831160.000,-27830220.000,-27830780.000,55911,10631890.00
2006-12-26 00:00:00,-27830780.000,-27830860.000,-27830420.000,-27830500.000,49652,9475387.00
2006-12-27 00:00:00,-27830470.000,-27830670.000,-27828760.000,-27829170.000,42808,8265022.00
2006-12-28 00:00:00,-27828900.000,-27829170.000,-27828320.000,-27828920.000,23689,4683944.00
2006-12-29 00:00:00,-27828840.000,-27828900.000,-27826440.000,-27826460.000,51628,10500990.00
2007-01-04 00:00:00,-27825280.000,-27826020.000,-27822600.000,-27825750.000,49760,10573780.00
2007-01-05 00:00:00,-27826130.000,-27827130.000,-27825910.000,-27826160.000,55984,11554290.00
2007-01-08 00:00:00,-27826080.000,-27826080.000,-27823090.000,-27823120.000,39580,8423164.00
2007-01-09 00:00:00,-27823040.000,-27823090.000,-27821710.000,-27821850.000,59714,13252640.00
2007-01-10 00:00:00,-27822210.000,-27822820.000,-27821540.000,-27821930.000,44667,9856233.00
2007-01-11 00:00:00,-27821990.000,-27822870.000,-27821990.000,-27822820.000,28395,6234946.00
2007-01-12 00:00:00,-27823090.000,-27824340.000,-27822900.000,-27824280.000,40950,8829563.00
2007-01-15 00:00:00,-27824310.000,-27824310.000,-27821160.000,-27821270.000,36544,8057882.00
2007-01-16 00:00:00,-27821570.000,-27822180.000,-27820330.000,-27821350.000,34757,7798108.00
2007-01-17 00:00:00,-27821300.000,-27822400.000,-27820490.000,-27821710.000,60694,13598160.00
2007-01-18 00:00:00,-27821990.000,-27823340.000,-27821300.000,-27821300.000,68314,15189200.00
2007-01-19 00:00:00,-27821300.000,-27821300.000,-27818260.000,-27818280.000,69095,15913560.00
2007-01-22 00:00:00,-27818450.000,-27818450.000,-27813420.000,-27815330.000,34463,8423902.00
2007-01-23 00:00:00,-27815300.000,-27816710.000,-27814800.000,-27815440.000,79485,19467840.00
2007-01-24 00:00:00,-27815380.000,-27817010.000,-27815380.000,-27815930.000,74047,18023590.00
2007-01-25 00:00:00,-27815910.000,-27817340.000,-27815880.000,-27816270.000,52783,12785840.00
2007-01-26 00:00:00,-27754830.000,-27757590.000,-27754690.000,-27755020.000,84778,17888160.00
2007-01-29 00:00:00,-27754970.000,-27755380.000,-27754390.000,-27754860.000,63328,13594340.00
2007-01-30 00:00:00,-27754830.000,-27755380.000,-27754580.000,-27754690.000,53640,11522330.00
2007-01-31 00:00:00,-27754830.000,-27758970.000,-27754830.000,-27755800.000,71687,15212380.00
2007-02-01 00:00:00,-27756760.000,-27758970.000,-27756760.000,-27758010.000,48243,9736016.00
2007-02-02 00:00:00,-27758390.000,-27760580.000,-27758150.000,-27760380.000,33204,6603228.00
2007-02-05 00:00:00,-27760610.000,-27762290.000,-27760360.000,-27762260.000,52367,10031200.00
2007-02-06 00:00:00,-27761880.000,-27762240.000,-27760080.000,-27760220.000,36858,7043061.00
2007-02-07 00:00:00,-27759250.000,-27759310.000,-27757340.000,-27758150.000,35806,7237209.00
2007-02-08 00:00:00,-27757590.000,-27759250.000,-27757320.000,-27758170.000,13920,2814168.00
2007-02-09 00:00:00,-27758150.000,-27758810.000,-27757370.000,-27757570.000,22123,4516533.00
2007-02-12 00:00:00,-27757480.000,-27757480.000,-27754990.000,-27755300.000,26684,5629793.00
2007-02-13 00:00:00,-27755110.000,-27755160.000,-27754440.000,-27754660.000,13562,2923000.00
2007-02-14 00:00:00,-27754640.000,-27754640.000,-27753170.000,-27753500.000,20729,4532395.00
2007-02-15 00:00:00,-27753170.000,-27753170.000,-27752070.000,-27752200.000,56407,12601230.00
2007-02-16 00:00:00,-27752180.000,-27752180.000,-27751240.000,-27751490.000,43053,9762993.00
2007-02-26 00:00:00,-27750930.000,-27751760.000,-27750240.000,-27750380.000,74427,17028250.00
2007-02-27 00:00:00,-27750320.000,-27754830.000,-27750080.000,-27754750.000,116091,26298730.00
2007-02-28 00:00:00,-27754000.000,-27754550.000,-27750790.000,-27751020.000,31143,6959798.00
2007-03-01 00:00:00,-27751040.000,-27752840.000,-27751040.000,-27752010.000,29899,6736087.00
2007-03-02 00:00:00,-27752650.000,-27753010.000,-27751840.000,-27752480.000,20475,4575753.00
2007-03-05 00:00:00,-27752620.000,-27754970.000,-27752620.000,-27754000.000,44793,9802302.00
2007-03-06 00:00:00,-27754390.000,-27754750.000,-27753470.000,-27753470.000,18966,4146717.00
2007-03-07 00:00:00,-27753450.000,-27753450.000,-27751180.000,-27751350.000,29744,6726964.00
2007-03-08 00:00:00,-27751240.000,-27751840.000,-27750960.000,-27751100.000,30009,6827429.00
2007-03-09 00:00:00,-27751290.000,-27751290.000,-27750300.000,-27750520.000,58659,13451830.00
2007-03-12 00:00:00,-27750490.000,-27751260.000,-27749910.000,-27750600.000,28808,6623673.00
2007-03-13 00:00:00,-27751070.000,-27751130.000,-27750410.000,-27750770.000,26034,5981784.00
2007-03-14 00:00:00,-27750820.000,-27752310.000,-27750820.000,-27750850.000,20397,4647553.00
2007-03-15 00:00:00,-27750930.000,-27751730.000,-27749300.000,-27749580.000,36443,8429618.00
2007-03-16 00:00:00,-27749440.000,-27750680.000,-27749030.000,-27750520.000,29110,6787007.00
2007-03-19 00:00:00,-27751290.000,-27751320.000,-27749050.000,-27749660.000,40334,9379280.00
2007-03-20 00:00:00,-27749190.000,-27750050.000,-27749190.000,-27749550.000,23968,5611859.00
2007-03-21 00:00:00,-27749580.000,-27749580.000,-27748750.000,-27748910.000,60365,14240970.00
2007-03-22 00:00:00,-27748720.000,-27748910.000,-27748280.000,-27748750.000,52591,12510660.00
2007-03-23 00:00:00,-27748750.000,-27749000.000,-27748470.000,-27748610.000,46082,10919100.00
2007-03-26 00:00:00,-27748610.000,-27748610.000,-27747860.000,-27747920.000,30658,7328968.00
2007-03-27 00:00:00,-27747950.000,-27748310.000,-27747390.000,-27747390.000,27478,6621722.00
2007-03-28 00:00:00,-27747640.000,-27748060.000,-27745710.000,-27747480.000,44358,10763510.00
2007-03-29 00:00:00,-27747530.000,-27747860.000,-27747010.000,-27747700.000,27805,6714922.00
2007-03-30 00:00:00,-27747700.000,-27748610.000,-27747700.000,-27748170.000,15351,3665953.00
2007-04-02 00:00:00,-27747890.000,-27747920.000,-27746540.000,-27746540.000,28320,6875781.00
2007-04-03 00:00:00,-27746540.000,-27747420.000,-27745180.000,-27745710.000,40751,10075210.00
2007-04-04 00:00:00,-27745710.000,-27746510.000,-27744940.000,-27746120.000,156919,38680260.00
2007-04-05 00:00:00,-27746120.000,-27746840.000,-27746120.000,-27746340.000,40724,9958846.00
2007-04-06 00:00:00,-27746680.000,-27746810.000,-27745100.000,-27745460.000,126013,31276360.00
2007-04-09 00:00:00,-27688030.000,-27688280.000,-27687010.000,-27687040.000,91656,20986190.00
2007-04-10 00:00:00,-27687040.000,-27687040.000,-27686040.000,-27686040.000,68122,15836490.00
2007-04-11 00:00:00,-27686010.000,-27687390.000,-27685460.000,-27686100.000,125610,29131250.00
2007-04-12 00:00:00,-27686040.000,-27686340.000,-27684270.000,-27684300.000,107647,25427640.00
2007-04-13 00:00:00,-27684300.000,-27685430.000,-27683000.000,-27684630.000,140775,34000860.00
2007-04-16 00:00:00,-27684600.000,-27684600.000,-27681920.000,-27681980.000,77811,19118630.00
2007-04-17 00:00:00,-27681920.000,-27682970.000,-27681340.000,-27681540.000,34728,8640201.00
2007-04-18 00:00:00,-27681540.000,-27682670.000,-27681370.000,-27682310.000,23068,5723043.00
2007-04-19 00:00:00,-27682310.000,-27685180.000,-27682310.000,-27684740.000,36491,8802785.00
2007-04-20 00:00:00,-27684710.000,-27684710.000,-27682420.000,-27683110.000,30898,7550078.00
2007-04-23 00:00:00,-27681590.000,-27682280.000,-27681540.000,-27681870.000,27230,6771213.00
2007-04-24 00:00:00,-27681560.000,-27681730.000,-27680210.000,-27681090.000,68480,17297050.00
2007-04-25 00:00:00,-27681590.000,-27682390.000,-27679930.000,-27680020.000,22612,5672884.00
2007-04-26 00:00:00,-27679660.000,-27681040.000,-27677720.000,-27677940.000,59083,15459570.00
2007-04-27 00:00:00,-27677690.000,-27677720.000,-27674680.000,-27676120.000,52863,14197290.00
2007-04-30 00:00:00,-27674960.000,-27674960.000,-27672770.000,-27673800.000,59010,16403120.00
2007-05-08 00:00:00,-27673300.000,-27673580.000,-27672250.000,-27673330.000,61980,17392010.00
2007-05-09 00:00:00,-27673360.000,-27676260.000,-27673330.000,-27673850.000,64588,17782920.00
2007-05-10 00:00:00,-27673850.000,-27675480.000,-27673850.000,-27674410.000,33497,9229405.00
2007-05-11 00:00:00,-27675510.000,-27675790.000,-27674540.000,-27675210.000,32266,8796714.00
2007-05-14 00:00:00,-27675260.000,-27677170.000,-27674540.000,-27674990.000,29609,8085942.00
2007-05-15 00:00:00,-27674990.000,-27676620.000,-27674410.000,-27676340.000,19573,5319744.00
2007-05-16 00:00:00,-27676340.000,-27677170.000,-27675840.000,-27676370.000,50512,13566530.00
2007-05-17 00:00:00,-27676310.000,-27676310.000,-27674410.000,-27674460.000,21966,6016712.00
2007-05-18 00:00:00,-27674540.000,-27675350.000,-27674540.000,-27674680.000,25603,7027475.00
2007-05-21 00:00:00,-27675790.000,-27675790.000,-27673580.000,-27673580.000,42950,11879080.00
2007-05-22 00:00:00,-27672910.000,-27673800.000,-27672420.000,-27673130.000,40029,11261450.00
2007-05-23 00:00:00,-27673130.000,-27673130.000,-27667770.000,-27669460.000,123404,35461570.00
2007-05-24 00:00:00,-27669430.000,-27672250.000,-27669260.000,-27671500.000,134953,38760200.00
2007-05-25 00:00:00,-27671670.000,-27673020.000,-27669760.000,-27670120.000,58487,16851430.00
2007-05-28 00:00:00,-27669850.000,-27669850.000,-27668880.000,-27669460.000,77984,22968820.00
2007-05-29 00:00:00,-27669180.000,-27669930.000,-27669070.000,-27669150.000,37923,11147720.00
2007-05-30 00:00:00,-27673580.000,-27677310.000,-27669710.000,-27673490.000,144029,39876800.00
2007-05-31 00:00:00,-27673850.000,-27676620.000,-27670260.000,-27671640.000,140871,39498850.00
2007-06-01 00:00:00,-27671640.000,-27671920.000,-27669790.000,-27671390.000,97682,28153560.00
2007-06-04 00:00:00,-27671420.000,-27675180.000,-27670540.000,-27675010.000,75089,21093560.00
2007-06-05 00:00:00,-27675010.000,-27680490.000,-27673850.000,-27674960.000,173211,46194260.00
2007-06-06 00:00:00,-27675230.000,-27675510.000,-27673410.000,-27673440.000,54283,14977300.00
2007-06-07 00:00:00,-27673270.000,-27673270.000,-27670040.000,-27670450.000,72523,20982460.00
2007-06-08 00:00:00,-27670260.000,-27670260.000,-27668330.000,-27668350.000,54241,16051030.00
2007-06-11 00:00:00,-27669430.000,-27670260.000,-27669150.000,-27669350.000,87057,25564910.00
2007-06-12 00:00:00,-27669430.000,-27669430.000,-27665870.000,-27667630.000,83352,24938030.00
2007-06-13 00:00:00,-27667630.000,-27668130.000,-27666030.000,-27666340.000,131695,39782770.00
2007-06-14 00:00:00,-27666530.000,-27667500.000,-27662250.000,-27665170.000,81940,25227050.00
2007-06-15 00:00:00,-27656720.000,-27662800.000,-27656720.000,-27660860.000,383600,124546500.00
2007-06-18 00:00:00,-27660590.000,-27660590.000,-27655340.000,-27657440.000,536071,178393200.00
2007-06-19 00:00:00,-27656720.000,-27657270.000,-27654010.000,-27656720.000,640211,219947200.00
2007-06-20 00:00:00,-27532930.000,-27538100.000,-27532930.000,-27537960.000,191972,52798350.00
2007-06-21 00:00:00,-27537880.000,-27537880.000,-27535750.000,-27536500.000,125340,34258220.00
2007-06-22 00:00:00,-27535920.000,-27536630.000,-27534060.000,-27535500.000,182285,50688140.00
2007-06-25 00:00:00,-27535530.000,-27540640.000,-27535530.000,-27539760.000,160235,42684500.00
2007-06-26 00:00:00,-27538820.000,-27540890.000,-27536520.000,-27537740.000,205610,54903190.00
2007-06-27 00:00:00,-27537570.000,-27538570.000,-27536940.000,-27537960.000,171992,46449340.00
2007-06-28 00:00:00,-27538160.000,-27538900.000,-27537330.000,-27538350.000,123247,33119080.00
2007-06-29 00:00:00,-27538980.000,-27543410.000,-27538980.000,-27542630.000,155600,39650010.00
2007-07-02 00:00:00,-27542080.000,-27544570.000,-27542080.000,-27544100.000,129139,32333890.00
2007-07-03 00:00:00,-27543410.000,-27543410.000,-27542330.000,-27542600.000,80772,20371760.00
2007-07-04 00:00:00,-27542550.000,-27544100.000,-27542160.000,-27544100.000,59820,15017960.00
2007-07-05 00:00:00,-27544240.000,-27546720.000,-27544150.000,-27546690.000,89477,21687750.00
2007-07-06 00:00:00,-27547140.000,-27547140.000,-27544120.000,-27544240.000,72200,17439300.00
2007-07-09 00:00:00,-27543180.000,-27544240.000,-27542330.000,-27542630.000,59862,15018120.00
2007-07-10 00:00:00,-27542830.000,-27543880.000,-27542440.000,-27543460.000,111908,28147670.00
2007-07-11 00:00:00,-27543650.000,-27543960.000,-27542580.000,-27542850.000,67451,16944460.00
2007-07-12 00:00:00,-27542800.000,-27542800.000,-27541910.000,-27542130.000,63523,16178880.00
2007-07-13 00:00:00,-27542020.000,-27542110.000,-27541780.000,-27541860.000,35434,9049170.00
2007-07-16 00:00:00,-27541830.000,-27542850.000,-27541660.000,-27542850.000,23646,6022452.00
2007-07-17 00:00:00,-27542850.000,-27543410.000,-27542020.000,-27542440.000,19636,4968235.00
2007-07-18 00:00:00,-27542580.000,-27542580.000,-27541420.000,-27541910.000,24197,6166616.00
2007-07-19 00:00:00,-27541910.000,-27542490.000,-27541530.000,-27541970.000,18991,4846811.00
2007-07-20 00:00:00,-27541940.000,-27541940.000,-27540370.000,-27540390.000,42128,10922460.00
2007-07-23 00:00:00,-27540420.000,-27540420.000,-27538240.000,-27538320.000,59042,15692990.00
2007-07-24 00:00:00,-27538270.000,-27538710.000,-27538020.000,-27538680.000,46485,12475460.00
2007-07-25 00:00:00,-27538710.000,-27539120.000,-27538100.000,-27538210.000,32230,8615723.00
2007-07-26 00:00:00,-27538180.000,-27538490.000,-27537910.000,-27538100.000,45257,12167760.00
2007-07-27 00:00:00,-27538070.000,-27538960.000,-27536690.000,-27536830.000,60124,16280860.00
2007-07-30 00:00:00,-27535670.000,-27536190.000,-27534920.000,-27535060.000,61982,17335880.00
2007-07-31 00:00:00,-27535060.000,-27535390.000,-27533790.000,-27533900.000,51556,14544940.00
2007-08-01 00:00:00,-27533900.000,-27534920.000,-27532300.000,-27534730.000,93946,26804740.00
2007-08-02 00:00:00,-27534480.000,-27534730.000,-27533210.000,-27533820.000,44968,12810980.00
2007-08-03 00:00:00,-27533590.000,-27533590.000,-27532070.000,-27532100.000,59205,17118880.00
2007-08-06 00:00:00,-27531490.000,-27531610.000,-27530800.000,-27531050.000,73302,21567730.00
2007-08-07 00:00:00,-27531300.000,-27531490.000,-27530550.000,-27530830.000,55993,16518380.00
2007-08-08 00:00:00,-27530970.000,-27531520.000,-27530750.000,-27531080.000,46610,13709420.00
2007-08-09 00:00:00,-27531300.000,-27531300.000,-27529390.000,-27529480.000,52343,15576910.00
2007-08-10 00:00:00,-27529370.000,-27530690.000,-27529310.000,-27529620.000,70964,21170900.00
2007-08-13 00:00:00,-27529500.000,-27529500.000,-27528590.000,-27528840.000,69503,21018410.00
2007-08-14 00:00:00,-27528900.000,-27529090.000,-27526630.000,-27526630.000,40780,12561290.00
2007-08-15 00:00:00,-27526490.000,-27527650.000,-27525800.000,-27526020.000,60032,18722280.00
2007-08-16 00:00:00,-27526130.000,-27526820.000,-27526080.000,-27526410.000,60443,18802500.00
2007-08-17 00:00:00,-27526410.000,-27527570.000,-27526410.000,-27527490.000,119593,37022500.00
2007-08-20 00:00:00,-27527020.000,-27527020.000,-27525190.000,-27525250.000,51495,16166020.00
2007-08-21 00:00:00,-27524670.000,-27525690.000,-27524610.000,-27524940.000,40603,12839730.00
2007-08-22 00:00:00,-27525170.000,-27525830.000,-27524470.000,-27524560.000,53610,17018780.00
2007-08-23 00:00:00,-27524530.000,-27524670.000,-27523780.000,-27523810.000,62906,20052000.00
2007-08-24 00:00:00,-27523950.000,-27524060.000,-27521350.000,-27521520.000,113655,36857220.00
2007-08-27 00:00:00,-27520190.000,-27520190.000,-27519310.000,-27519690.000,91476,30679170.00
2007-08-28 00:00:00,-27519970.000,-27520740.000,-27519580.000,-27519690.000,53713,17983120.00
2007-08-29 00:00:00,-27519690.000,-27521930.000,-27519690.000,-27521490.000,101213,33445780.00
2007-08-30 00:00:00,-27520740.000,-27521190.000,-27520220.000,-27520490.000,71958,23856010.00
2007-08-31 00:00:00,-27520270.000,-27520470.000,-27519220.000,-27519310.000,125823,42093770.00
2007-09-03 00:00:00,-27517650.000,-27517650.000,-27514690.000,-27516240.000,150968,52716520.00
2007-09-04 00:00:00,-27516050.000,-27516930.000,-27515770.000,-27516870.000,139991,48555340.00
2007-09-05 00:00:00,-27516460.000,-27518750.000,-27516050.000,-27517370.000,144316,49576610.00
2007-09-06 00:00:00,-27517100.000,-27517370.000,-27516180.000,-27516460.000,55514,19244930.00
2007-09-07 00:00:00,-27516570.000,-27517370.000,-27516540.000,-27517260.000,74822,25846180.00
2007-09-10 00:00:00,-27518780.000,-27519090.000,-27517260.000,-27517620.000,56153,19113750.00
2007-09-11 00:00:00,-27517620.000,-27520990.000,-27517620.000,-27520850.000,115478,38894130.00
2007-09-12 00:00:00,-27521300.000,-27522730.000,-27519890.000,-27521600.000,94311,30955120.00
2007-09-13 00:00:00,-27521490.000,-27522460.000,-27519910.000,-27519970.000,84340,27727820.00
2007-09-14 00:00:00,-27519580.000,-27519890.000,-27517980.000,-27518120.000,83145,28060600.00
2007-09-17 00:00:00,-27517980.000,-27517980.000,-27516400.000,-27516900.000,81007,27820690.00
2007-09-18 00:00:00,-27516870.000,-27517980.000,-27516710.000,-27517210.000,70354,24208250.00
2007-09-19 00:00:00,-27517570.000,-27518530.000,-27517540.000,-27518120.000,49882,17042320.00
2007-09-20 00:00:00,-27518120.000,-27519140.000,-27517590.000,-27518810.000,127338,43226530.00
2007-09-21 00:00:00,-27518810.000,-27519440.000,-27518530.000,-27519360.000,108991,36806410.00
2007-09-24 00:00:00,-27519800.000,-27521210.000,-27519750.000,-27521190.000,93975,31189200.00
2007-09-25 00:00:00,-27520960.000,-27521630.000,-27519090.000,-27521570.000,121295,40183240.00
2007-09-26 00:00:00,-27521300.000,-27522040.000,-27521020.000,-27521850.000,75787,24931430.00
2007-09-27 00:00:00,-27521630.000,-27521850.000,-27520580.000,-27521300.000,88047,29079050.00
2007-09-28 00:00:00,-27519640.000,-27519860.000,-27516740.000,-27516820.000,152779,52219840.00
2007-10-08 00:00:00,-27517070.000,-27517620.000,-27516210.000,-27517100.000,120811,41731710.00
2007-10-09 00:00:00,-27517210.000,-27517840.000,-27516740.000,-27516870.000,51142,17650180.00
2007-10-11 00:00:00,-27514250.000,-27516160.000,-27514110.000,-27515190.000,160969,56707260.00
2007-10-12 00:00:00,-27515080.000,-27517430.000,-27514440.000,-27514690.000,122700,43005170.00
2007-10-15 00:00:00,-27514190.000,-27514190.000,-27511650.000,-27512200.000,161716,58280430.00
2007-10-16 00:00:00,-27512010.000,-27512700.000,-27509160.000,-27511150.000,182988,67015390.00
2007-10-17 00:00:00,-27511180.000,-27511900.000,-27510660.000,-27510770.000,221863,81446620.00
2007-12-10 00:00:00,-27520470.000,-27520520.000,-27516210.000,-27517230.000,286551,98268800.00
2007-12-11 00:00:00,-27517210.000,-27518480.000,-27516870.000,-27518010.000,210361,72209270.00
2007-12-12 00:00:00,-27269520.000,-27270320.000,-27268280.000,-27268830.000,95837,23222660.00
2007-12-13 00:00:00,-27268800.000,-27269580.000,-27267450.000,-27269550.000,205582,50295170.00
2007-12-14 00:00:00,-27269800.000,-27273670.000,-27269800.000,-27270460.000,221415,52180890.00
2007-12-17 00:00:00,-27269190.000,-27269770.000,-27268450.000,-27269690.000,407015,98715630.00
